conference,session_id,meeting_id,chunk_index,chunk_file,n_moves,threshold,similarity_method,n_possible_links,n_nonzero_links,total_link_weight,weighted_ldi,mean_nonzero_weight,forelink_weight_mean,backlink_weight_mean,cross_speaker_weight_ratio,late_minus_early_backlink,forelink_entropy,backlink_entropy,horizon_entropy,overall_link_entropy
2020NES,output_2020_11_05_NES_S1,output_2020_11_05_NES_S1__1_DAC_Simulations_Zoom_Meeting_2020_11_05_12_09_10,1,2020NES/output_2020_11_05_NES_S1/1_DAC_Simulations_Zoom_Meeting_2020_11_05_12_09_10/1_DAC_Simulations_Zoom_Meeting_2020_11_05_12_09_10_chunk1.json,16.0,0.35,lsa,120.0,4.0,0.7831524166851527,0.04894702604282204,0.19578810417128817,0.04894702604282204,0.04894702604282204,1.0,0.09789405208564408,0.5100753627725864,0.49409680405352696,0.4318336684884063,1.4360058353145198
2020NES,output_2020_11_05_NES_S1,output_2020_11_05_NES_S1__1_DAC_Simulations_Zoom_Meeting_2020_11_05_12_09_10,2,2020NES/output_2020_11_05_NES_S1/1_DAC_Simulations_Zoom_Meeting_2020_11_05_12_09_10/1_DAC_Simulations_Zoom_Meeting_2020_11_05_12_09_10_chunk2.json,9.0,0.35,lsa,36.0,3.0,0.9822146758667798,0.10913496398519776,0.32740489195559325,0.10913496398519776,0.10913496398519776,0.6771925977443594,0.19644293517335595,0.9662742328916762,0.5372904649475754,1.0016206857132026,2.5051853835524542
2020NES,output_2020_11_05_NES_S1,output_2020_11_05_NES_S1__1_DAC_Simulations_Zoom_Meeting_2020_11_05_12_24_10,1,2020NES/output_2020_11_05_NES_S1/1_DAC_Simulations_Zoom_Meeting_2020_11_05_12_24_10/1_DAC_Simulations_Zoom_Meeting_2020_11_05_12_24_10_chunk1.json,31.0,0.35,lsa,465.0,4.0,1.1734856450009878,0.03785437564519316,0.29337141125024696,0.03785437564519316,0.03785437564519316,0.001448416923288427,0.09779047041674899,0.4207407218046986,0.28030064144528155,0.4069380993895149,1.107979462639495
2020NES,output_2020_11_05_NES_S1,output_2020_11_05_NES_S1__1_DAC_Simulations_Zoom_Meeting_2020_11_05_12_24_10,2,2020NES/output_2020_11_05_NES_S1/1_DAC_Simulations_Zoom_Meeting_2020_11_05_12_24_10/1_DAC_Simulations_Zoom_Meeting_2020_11_05_12_24_10_chunk2.json,29.0,0.35,lsa,406.0,5.0,2.2501941116179696,0.07759290040061964,0.45003882232359393,0.07759290040061964,0.07759290040061964,0.7539922262348974,0.17915838905694215,1.0483879416554034,0.6920394350401494,0.7805106508665155,2.5209380275620683
2020NES,output_2020_11_05_NES_S1,output_2020_11_05_NES_S1__1_DAC_Simulations_Zoom_Meeting_2020_11_05_12_24_10,3,2020NES/output_2020_11_05_NES_S1/1_DAC_Simulations_Zoom_Meeting_2020_11_05_12_24_10/1_DAC_Simulations_Zoom_Meeting_2020_11_05_12_24_10_chunk3.json,17.0,0.35,lsa,136.0,2.0,0.40444402950393077,0.023790825264937105,0.20222201475196538,0.023790825264937105,0.023790825264937105,1.0,-0.0343715150634775,0.17892460474036095,0.6930825971440214,0.2414065728580756,1.113413774742458
2020NES,output_2020_11_05_NES_S1,output_2020_11_05_NES_S1__1_DAC_Simulations_Zoom_Meeting_2020_11_05_12_24_10,4,2020NES/output_2020_11_05_NES_S1/1_DAC_Simulations_Zoom_Meeting_2020_11_05_12_24_10/1_DAC_Simulations_Zoom_Meeting_2020_11_05_12_24_10_chunk4.json,19.0,0.35,lsa,171.0,1.0,0.5120628122238566,0.0269506743275714,0.5120628122238566,0.0269506743275714,0.0269506743275714,1.0,0.08534380203730944,0.291499220905413,0.23948578988680247,0.22636635048190112,0.7573513612741166
2020NES,output_2020_11_05_NES_S1,output_2020_11_05_NES_S1__1_DAC_Simulations_Zoom_Meeting_2020_11_05_12_24_10,5,2020NES/output_2020_11_05_NES_S1/1_DAC_Simulations_Zoom_Meeting_2020_11_05_12_24_10/1_DAC_Simulations_Zoom_Meeting_2020_11_05_12_24_10_chunk5.json,23.0,0.35,lsa,253.0,1.0,1.0,0.043478260869565216,1.0,0.043478260869565216,0.043478260869565216,1.0,0.07142857142857142,0.41381685030363374,0.41381685030363374,0.2761954276479391,1.1038291282552066
2020NES,output_2020_11_05_NES_S1,output_2020_11_05_NES_S1__1_DAC_Simulations_Zoom_Meeting_2020_11_05_12_24_10,6,2020NES/output_2020_11_05_NES_S1/1_DAC_Simulations_Zoom_Meeting_2020_11_05_12_24_10/1_DAC_Simulations_Zoom_Meeting_2020_11_05_12_24_10_chunk6.json,6.0,0.35,lsa,15.0,0.0,0.0,0.0,0.0,0.0,0.0,0.0,0.0,0.0,0.0,0.0,0.0
2020NES,output_2020_11_05_NES_S2,output_2020_11_05_NES_S2__2020_11_05_11_57_33,1,2020NES/output_2020_11_05_NES_S2/2020_11_05_11_57_33/2020_11_05_11_57_33_chunk1.json,33.0,0.35,lsa,528.0,13.0,4.3371575357487515,0.13142901623481065,0.33362750274990394,0.13142901623481065,0.13142901623481068,0.09673385045577554,0.009390534467957547,1.3984189803829057,1.4567167444578575,1.2993146409606582,4.154450365801422
2020NES,output_2020_11_05_NES_S2,output_2020_11_05_NES_S2__2020_11_05_11_57_33,2,2020NES/output_2020_11_05_NES_S2/2020_11_05_11_57_33/2020_11_05_11_57_33_chunk2.json,24.0,0.35,lsa,276.0,4.0,1.1248460414725112,0.046868585061354634,0.2812115103681278,0.04686858506135463,0.04686858506135463,0.5619485483300753,0.0,0.5579622562391933,0.5255809054952022,0.4924069399977451,1.5759501017321405
2020NES,output_2020_11_05_NES_S2,output_2020_11_05_NES_S2__2020_11_05_11_57_33,3,2020NES/output_2020_11_05_NES_S2/2020_11_05_11_57_33/2020_11_05_11_57_33_chunk3.json,14.0,0.35,lsa,91.0,3.0,0.3819695351688441,0.027283538226346004,0.12732317838961468,0.027283538226346004,0.027283538226346004,1.0,0.01204452473313238,0.24642559466861647,0.39722082015111404,0.2637860491593584,0.9074324639790889
2020NES,output_2020_11_05_NES_S2,output_2020_11_05_NES_S2__2020_11_05_11_57_33,4,2020NES/output_2020_11_05_NES_S2/2020_11_05_11_57_33/2020_11_05_11_57_33_chunk4.json,22.0,0.35,lsa,231.0,4.0,0.5846058559594475,0.026572993452702157,0.14615146398986187,0.026572993452702157,0.026572993452702157,0.7487790464867101,-0.044954334296131666,0.26232784890131106,0.4342570145319557,0.288502179494872,0.9850870429281388
2020NES,output_2020_11_05_NES_S2,output_2020_11_05_NES_S2__2020_11_05_11_57_33,5,2020NES/output_2020_11_05_NES_S2/2020_11_05_11_57_33/2020_11_05_11_57_33_chunk5.json,7.0,0.35,lsa,21.0,3.0,0.9393579702414637,0.13419399574878052,0.31311932341382126,0.13419399574878052,0.13419399574878052,1.0,0.31199641713093623,1.0354283532390864,0.797536648363093,0.9420930612810527,2.7750580628832324
2020NES,output_2020_11_05_NES_S2,output_2020_11_05_NES_S2__2020_11_05_11_57_33,6,2020NES/output_2020_11_05_NES_S2/2020_11_05_11_57_33/2020_11_05_11_57_33_chunk6.json,17.0,0.35,lsa,136.0,1.0,0.3611295356508924,0.0212429138618172,0.3611295356508924,0.0212429138618172,0.0212429138618172,1.0,0.040125503961210264,0.18312933783841331,0.17284413866860737,0.32819177206883554,0.6841652485758563
2020NES,output_2020_11_05_NES_S2,output_2020_11_05_NES_S2__2020_11_05_11_57_33,7,2020NES/output_2020_11_05_NES_S2/2020_11_05_11_57_33/2020_11_05_11_57_33_chunk7.json,9.0,0.35,lsa,36.0,1.0,0.3212496122774614,0.03569440136416238,0.3212496122774614,0.03569440136416238,0.03569440136416238,1.0,0.0,0.34408944695567967,0.4032790063798582,0.24300790949618356,0.9903763628317214
2020NES,output_2020_11_05_NES_S2,output_2020_11_05_NES_S2__2020_11_05_11_57_33,8,2020NES/output_2020_11_05_NES_S2/2020_11_05_11_57_33/2020_11_05_11_57_33_chunk8.json,15.0,0.35,lsa,105.0,2.0,0.6232346938218605,0.04154897958812403,0.31161734691093024,0.04154897958812403,0.04154897958812403,0.7008146853950893,0.0,0.2945656486092191,0.8705378376111497,0.30873933122734376,1.4738428174477125
2020NES,output_2020_11_05_NES_S3,output_2020_11_05_NES_S3__3_Sorbents_Zoom_Meeting_2020_11_05_12_20_44,1,2020NES/output_2020_11_05_NES_S3/3_Sorbents_Zoom_Meeting_2020_11_05_12_20_44/3_Sorbents_Zoom_Meeting_2020_11_05_12_20_44_chunk1.json,19.0,0.35,lsa,171.0,2.0,0.7906482064382988,0.04161306349675257,0.3953241032191494,0.04161306349675257,0.04161306349675257,0.717446621151376,0.07906482064382989,0.6553522805851602,0.3285737962169907,0.35464258401275184,1.3385686608149028
2020NES,output_2020_11_05_NES_S3,output_2020_11_05_NES_S3__3_Sorbents_Zoom_Meeting_2020_11_05_12_20_44,2,2020NES/output_2020_11_05_NES_S3/3_Sorbents_Zoom_Meeting_2020_11_05_12_20_44/3_Sorbents_Zoom_Meeting_2020_11_05_12_20_44_chunk2.json,23.0,0.35,lsa,253.0,1.0,0.9985585073832309,0.04341558727753178,0.9985585073832309,0.04341558727753178,0.04341558727753178,1.0,0.0998558507383231,0.2971558016045068,0.28609071038378,0.6494642813877165,1.2327107933760033
2020NES,output_2020_11_05_NES_S3,output_2020_11_05_NES_S3__3_Sorbents_Zoom_Meeting_2020_11_05_12_20_44,3,2020NES/output_2020_11_05_NES_S3/3_Sorbents_Zoom_Meeting_2020_11_05_12_20_44/3_Sorbents_Zoom_Meeting_2020_11_05_12_20_44_chunk3.json,14.0,0.35,lsa,91.0,2.0,0.08437924343202538,0.006027088816573241,0.04218962171601269,0.006027088816573241,0.006027088816573241,1.0,0.012326884402823465,0.09412248573415216,0.06673654430902744,0.09391984014129034,0.25477887018446993
2020NES,output_2020_11_05_NES_S3,output_2020_11_05_NES_S3__3_Sorbents_Zoom_Meeting_2020_11_05_12_20_44,4,2020NES/output_2020_11_05_NES_S3/3_Sorbents_Zoom_Meeting_2020_11_05_12_20_44/3_Sorbents_Zoom_Meeting_2020_11_05_12_20_44_chunk4.json,23.0,0.35,lsa,253.0,4.0,0.2311946682733437,0.01005194209884103,0.057798667068335925,0.01005194209884103,0.01005194209884103,1.0,0.0089528160693476,0.1429924558508214,0.18941878888009445,0.12063556338300932,0.45304680811392517
2020NES,output_2020_11_05_NES_S3,output_2020_11_05_NES_S3__3_Sorbents_Zoom_Meeting_2020_11_05_12_20_44,5,2020NES/output_2020_11_05_NES_S3/3_Sorbents_Zoom_Meeting_2020_11_05_12_20_44/3_Sorbents_Zoom_Meeting_2020_11_05_12_20_44_chunk5.json,11.0,0.35,lsa,55.0,1.0,0.15513030263731425,0.014102754785210387,0.15513030263731425,0.014102754785210387,0.014102754785210387,0.0,-0.038782575659328564,0.11544521147728787,0.3935411987617539,0.12563075704710053,0.6346171672861423
2020NES,output_2020_11_05_NES_S3,output_2020_11_05_NES_S3__3_Sorbents_Zoom_Meeting_2020_11_05_12_20_44,6,2020NES/output_2020_11_05_NES_S3/3_Sorbents_Zoom_Meeting_2020_11_05_12_20_44/3_Sorbents_Zoom_Meeting_2020_11_05_12_20_44_chunk6.json,36.0,0.35,lsa,630.0,14.0,3.650402907577811,0.1014000807660503,0.2607430648269865,0.10140008076605028,0.1014000807660503,0.8540394211718146,0.15255687080760674,2.153415980605805,1.3171260845616113,0.9002472249227887,4.3707892900902054
2020NES,output_2020_11_05_NES_S4,output_2020_11_05_NES_S4__4_Beyond_CO2_Zoom_Meeting_2020_11_05_11_59_04,1,2020NES/output_2020_11_05_NES_S4/4_Beyond_CO2_Zoom_Meeting_2020_11_05_11_59_04/4_Beyond_CO2_Zoom_Meeting_2020_11_05_11_59_04_chunk1.json,23.0,0.35,lsa,253.0,2.0,0.8190437971540272,0.03561059987626205,0.4095218985770136,0.03561059987626205,0.03561059987626205,1.0,0.07445852701400248,0.8573338380784181,0.28751199297494,0.3002023746391311,1.4450482056924894
2020NES,output_2020_11_05_NES_S4,output_2020_11_05_NES_S4__4_Beyond_CO2_Zoom_Meeting_2020_11_05_11_59_04,2,2020NES/output_2020_11_05_NES_S4/4_Beyond_CO2_Zoom_Meeting_2020_11_05_11_59_04/4_Beyond_CO2_Zoom_Meeting_2020_11_05_11_59_04_chunk2.json,9.0,0.35,lsa,36.0,2.0,0.46005500232859575,0.051117222480955085,0.23002750116429788,0.051117222480955085,0.051117222480955085,0.5305885230103332,0.09201100046571915,0.5213672984207425,0.5551064940602758,0.44405688948485644,1.5205306819658746
2020NES,output_2020_11_05_NES_S4,output_2020_11_05_NES_S4__4_Beyond_CO2_Zoom_Meeting_2020_11_05_12_17_00,1,2020NES/output_2020_11_05_NES_S4/4_Beyond_CO2_Zoom_Meeting_2020_11_05_12_17_00/4_Beyond_CO2_Zoom_Meeting_2020_11_05_12_17_00_chunk1.json,10.0,0.35,lsa,45.0,2.0,0.42680467398899846,0.04268046739889984,0.21340233699449923,0.04268046739889984,0.04268046739889984,0.736577487799331,0.028107489860292385,0.3312917527527508,0.5038078749422589,0.4238692453834695,1.2589688730784792
2020NES,output_2020_11_05_NES_S4,output_2020_11_05_NES_S4__4_Beyond_CO2_Zoom_Meeting_2020_11_05_12_17_00,2,2020NES/output_2020_11_05_NES_S4/4_Beyond_CO2_Zoom_Meeting_2020_11_05_12_17_00/4_Beyond_CO2_Zoom_Meeting_2020_11_05_12_17_00_chunk2.json,14.0,0.35,lsa,91.0,3.0,0.1319979401444437,0.009428424296031692,0.04399931338148123,0.009428424296031692,0.009428424296031692,0.5728550610384434,0.015497074265764223,0.10924529041035007,0.14859560050493298,0.17112835050642444,0.4289692414217075
2020NES,output_2020_11_05_NES_S4,output_2020_11_05_NES_S4__4_Beyond_CO2_Zoom_Meeting_2020_11_05_12_17_00,3,2020NES/output_2020_11_05_NES_S4/4_Beyond_CO2_Zoom_Meeting_2020_11_05_12_17_00/4_Beyond_CO2_Zoom_Meeting_2020_11_05_12_17_00_chunk3.json,22.0,0.35,lsa,231.0,4.0,0.7367251737262439,0.03348750789664745,0.18418129343156098,0.03348750789664745,0.03348750789664745,0.7860019655631326,0.07247718910183508,0.5500256096755879,0.3398880547093939,0.30178691687650416,1.191700581261486
2020NES,output_2020_11_05_NES_S4,output_2020_11_05_NES_S4__4_Beyond_CO2_Zoom_Meeting_2020_11_05_12_17_00,4,2020NES/output_2020_11_05_NES_S4/4_Beyond_CO2_Zoom_Meeting_2020_11_05_12_17_00/4_Beyond_CO2_Zoom_Meeting_2020_11_05_12_17_00_chunk4.json,29.0,0.35,lsa,406.0,3.0,0.5677566261712214,0.019577814695559356,0.18925220872374046,0.019577814695559356,0.019577814695559356,0.0,-0.04628405521520656,0.20817119433423645,0.6753639028705981,0.16922831609493594,1.0527634132997705
2020NES,output_2020_11_05_NES_S4,output_2020_11_05_NES_S4__4_Beyond_CO2_Zoom_Meeting_2020_11_05_12_17_00,5,2020NES/output_2020_11_05_NES_S4/4_Beyond_CO2_Zoom_Meeting_2020_11_05_12_17_00/4_Beyond_CO2_Zoom_Meeting_2020_11_05_12_17_00_chunk5.json,19.0,0.35,lsa,171.0,2.0,0.10003651800151162,0.0052650798948164,0.05001825900075581,0.0052650798948164,0.0052650798948164,0.4089158361694945,0.010003651800151161,0.06399063462158008,0.06878667174096775,0.14389571630006698,0.27667302266261484
2020NES,output_2020_11_05_NES_S4,output_2020_11_05_NES_S4__4_Beyond_CO2_Zoom_Meeting_2020_11_05_12_17_00,6,2020NES/output_2020_11_05_NES_S4/4_Beyond_CO2_Zoom_Meeting_2020_11_05_12_17_00/4_Beyond_CO2_Zoom_Meeting_2020_11_05_12_17_00_chunk6.json,10.0,0.35,lsa,45.0,1.0,0.9976749531568812,0.09976749531568811,0.9976749531568812,0.09976749531568811,0.09976749531568811,0.0,0.19953499063137622,0.9175188679375977,0.5427479817965256,0.5427479817965256,2.003014831530649
2020NES,output_2020_11_05_NES_S5,output_2020_11_05_NES_S5__5_Decarbonizing_the_Economy_Zoom_Meeting_11_5_2020_11_58_06_AM,1,2020NES/output_2020_11_05_NES_S5/5_Decarbonizing_the_Economy_Zoom_Meeting_11_5_2020_11_58_06_AM/5_Decarbonizing_the_Economy_Zoom_Meeting_11_5_2020_11_58_06_AM_chunk1.json,15.0,0.35,lsa,105.0,2.0,0.4421763338363898,0.02947842225575932,0.2210881669181949,0.02947842225575932,0.02947842225575932,1.0,-0.06926674369093959,0.2416044126146444,0.6213926665274941,0.21553536274770008,1.0785324418898385
2020NES,output_2020_11_05_NES_S5,output_2020_11_05_NES_S5__5_Decarbonizing_the_Economy_Zoom_Meeting_11_5_2020_11_58_06_AM,2,2020NES/output_2020_11_05_NES_S5/5_Decarbonizing_the_Economy_Zoom_Meeting_11_5_2020_11_58_06_AM/5_Decarbonizing_the_Economy_Zoom_Meeting_11_5_2020_11_58_06_AM_chunk2.json,9.0,0.35,lsa,36.0,3.0,0.36091544085793215,0.04010171565088135,0.12030514695264405,0.04010171565088135,0.04010171565088135,1.0,0.030474842239028556,0.3293169541946848,0.46968196182490896,0.5365909160655282,1.335589832085122
2020NES,output_2020_11_05_NES_S5,output_2020_11_05_NES_S5__5_Decarbonizing_the_Economy_Zoom_Meeting_11_5_2020_12_19_34_PM,1,2020NES/output_2020_11_05_NES_S5/5_Decarbonizing_the_Economy_Zoom_Meeting_11_5_2020_12_19_34_PM/5_Decarbonizing_the_Economy_Zoom_Meeting_11_5_2020_12_19_34_PM_chunk1.json,14.0,0.35,lsa,91.0,1.0,0.8322952812951853,0.05944966294965609,0.8322952812951853,0.05944966294965609,0.05944966294965609,0.0,0.0,0.44468495626026555,0.5808659129380317,0.36352302844383017,1.3890738976421275
2020NES,output_2020_11_05_NES_S5,output_2020_11_05_NES_S5__5_Decarbonizing_the_Economy_Zoom_Meeting_11_5_2020_12_19_34_PM,2,2020NES/output_2020_11_05_NES_S5/5_Decarbonizing_the_Economy_Zoom_Meeting_11_5_2020_12_19_34_PM/5_Decarbonizing_the_Economy_Zoom_Meeting_11_5_2020_12_19_34_PM_chunk2.json,14.0,0.35,lsa,91.0,2.0,0.449091057147816,0.03207793265341543,0.224545528573908,0.03207793265341543,0.03207793265341543,0.0,0.019316696770322283,0.36019373923162457,0.32290321708447073,0.2834513047517764,0.9665482610678717
2020NES,output_2020_11_05_NES_S5,output_2020_11_05_NES_S5__5_Decarbonizing_the_Economy_Zoom_Meeting_11_5_2020_12_19_34_PM,3,2020NES/output_2020_11_05_NES_S5/5_Decarbonizing_the_Economy_Zoom_Meeting_11_5_2020_12_19_34_PM/5_Decarbonizing_the_Economy_Zoom_Meeting_11_5_2020_12_19_34_PM_chunk3.json,15.0,0.35,lsa,105.0,3.0,0.3048444451233658,0.020322963008224386,0.10161481504112192,0.020322963008224386,0.020322963008224386,0.4324888955491419,-0.0004914164926980609,0.42154453934093533,0.35740676456807974,0.19800661442525708,0.976957918334272
2020NES,output_2020_11_05_NES_S5,output_2020_11_05_NES_S5__5_Decarbonizing_the_Economy_Zoom_Meeting_11_5_2020_12_19_34_PM,4,2020NES/output_2020_11_05_NES_S5/5_Decarbonizing_the_Economy_Zoom_Meeting_11_5_2020_12_19_34_PM/5_Decarbonizing_the_Economy_Zoom_Meeting_11_5_2020_12_19_34_PM_chunk4.json,22.0,0.35,lsa,231.0,0.0,0.0,0.0,0.0,0.0,0.0,0.0,0.0,0.0,0.0,0.0,0.0
2020NES,output_2020_11_05_NES_S5,output_2020_11_05_NES_S5__5_Decarbonizing_the_Economy_Zoom_Meeting_11_5_2020_12_19_34_PM,5,2020NES/output_2020_11_05_NES_S5/5_Decarbonizing_the_Economy_Zoom_Meeting_11_5_2020_12_19_34_PM/5_Decarbonizing_the_Economy_Zoom_Meeting_11_5_2020_12_19_34_PM_chunk5.json,14.0,0.35,lsa,91.0,2.0,0.4757933534657996,0.0339852395332714,0.2378966767328998,0.0339852395332714,0.0339852395332714,1.0,0.09515867069315992,0.5263303222838456,0.2814545970194216,0.2880542377092823,1.0958391570125494
2020NES,output_2020_11_05_NES_S5,output_2020_11_05_NES_S5__5_Decarbonizing_the_Economy_Zoom_Meeting_11_5_2020_12_19_34_PM,6,2020NES/output_2020_11_05_NES_S5/5_Decarbonizing_the_Economy_Zoom_Meeting_11_5_2020_12_19_34_PM/5_Decarbonizing_the_Economy_Zoom_Meeting_11_5_2020_12_19_34_PM_chunk6.json,41.0,0.35,lsa,820.0,12.0,3.7556583996828516,0.09160142438250858,0.3129715333069043,0.09160142438250858,0.09160142438250858,0.9967741667682043,0.003028226819955876,1.6479430818496348,1.5068191759775895,0.648938097818857,3.8037003556460816
2020NES,output_2020_11_05_NES_S6,output_2020_11_05_NES_S6__6_Theory_and_Expt_Zoom_Meeting_2020_11_05_10_09_14,1,2020NES/output_2020_11_05_NES_S6/6_Theory_and_Expt_Zoom_Meeting_2020_11_05_10_09_14/6_Theory_and_Expt_Zoom_Meeting_2020_11_05_10_09_14_chunk1.json,11.0,0.35,lsa,55.0,4.0,0.9157756606623269,0.08325233278748426,0.2289439151655817,0.08325233278748426,0.08325233278748426,0.9074839590237835,-0.14373222297675833,0.441713721576943,1.5924218340630283,0.7992224465103355,2.833358002150307
2020NES,output_2020_11_05_NES_S6,output_2020_11_05_NES_S6__6_Theory_and_Expt_Zoom_Meeting_2020_11_05_10_09_14,2,2020NES/output_2020_11_05_NES_S6/6_Theory_and_Expt_Zoom_Meeting_2020_11_05_10_09_14/6_Theory_and_Expt_Zoom_Meeting_2020_11_05_10_09_14_chunk2.json,6.0,0.35,lsa,15.0,2.0,0.9394397186641648,0.15657328644402746,0.4697198593320824,0.15657328644402746,0.15657328644402746,1.0,0.21650304180361932,0.6970322340122617,1.0435647622967616,0.678731517843068,2.4193285141520913
2020NES,output_2020_11_05_NES_S6,output_2020_11_05_NES_S6__6_Theory_and_Expt_Zoom_Meeting_2020_11_05_10_28_39,1,2020NES/output_2020_11_05_NES_S6/6_Theory_and_Expt_Zoom_Meeting_2020_11_05_10_28_39/6_Theory_and_Expt_Zoom_Meeting_2020_11_05_10_28_39_chunk1.json,22.0,0.35,lsa,231.0,5.0,2.0303216478880284,0.09228734763127401,0.4060643295776057,0.09228734763127401,0.09228734763127401,0.5984544376328854,-0.15397795135520664,0.6860664427933473,1.3870886352016039,0.841145339659318,2.9143004176542693
2020NES,output_2020_11_05_NES_S6,output_2020_11_05_NES_S6__6_Theory_and_Expt_Zoom_Meeting_2020_11_05_10_28_39,2,2020NES/output_2020_11_05_NES_S6/6_Theory_and_Expt_Zoom_Meeting_2020_11_05_10_28_39/6_Theory_and_Expt_Zoom_Meeting_2020_11_05_10_28_39_chunk2.json,27.0,0.35,lsa,351.0,4.0,0.5169477565172763,0.01914621320434357,0.12923693912931908,0.01914621320434357,0.01914621320434357,0.06624890339378736,-0.022394406342921367,0.18713656216375021,0.25512315424557236,0.2642999501972123,0.7065596666065349
2020NES,output_2020_11_05_NES_S6,output_2020_11_05_NES_S6__6_Theory_and_Expt_Zoom_Meeting_2020_11_05_10_28_39,3,2020NES/output_2020_11_05_NES_S6/6_Theory_and_Expt_Zoom_Meeting_2020_11_05_10_28_39/6_Theory_and_Expt_Zoom_Meeting_2020_11_05_10_28_39_chunk3.json,1.0,0.35,lsa,0.0,0.0,0.0,0.0,0.0,0.0,0.0,0.0,0.0,0.0,0.0,0.0,0.0
2020NES,output_2020_11_05_NES_S6,output_2020_11_05_NES_S6__6_Theory_and_Expt_Zoom_Meeting_2020_11_05_10_48_43,1,2020NES/output_2020_11_05_NES_S6/6_Theory_and_Expt_Zoom_Meeting_2020_11_05_10_48_43/6_Theory_and_Expt_Zoom_Meeting_2020_11_05_10_48_43_chunk1.json,11.0,0.35,lsa,55.0,2.0,0.7856589651936855,0.07142354229033504,0.39282948259684275,0.07142354229033504,0.07142354229033504,0.9098639738820881,0.1571317930387371,0.7845226519910353,0.4632871986566689,0.47323977729086947,1.7210496279385736
2020NES,output_2020_11_05_NES_S6,output_2020_11_05_NES_S6__6_Theory_and_Expt_Zoom_Meeting_2020_11_05_10_48_43,2,2020NES/output_2020_11_05_NES_S6/6_Theory_and_Expt_Zoom_Meeting_2020_11_05_10_48_43/6_Theory_and_Expt_Zoom_Meeting_2020_11_05_10_48_43_chunk2.json,26.0,0.35,lsa,325.0,1.0,0.07463257462088568,0.002870483639264834,0.07463257462088568,0.002870483639264834,0.002870483639264834,1.0,0.0,0.03403421867843075,0.06924802004965638,0.03403421867843075,0.13731645740651788
2020NES,output_2020_11_05_NES_S6,output_2020_11_05_NES_S6__6_Theory_and_Expt_Zoom_Meeting_2020_11_05_10_48_43,3,2020NES/output_2020_11_05_NES_S6/6_Theory_and_Expt_Zoom_Meeting_2020_11_05_10_48_43/6_Theory_and_Expt_Zoom_Meeting_2020_11_05_10_48_43_chunk3.json,14.0,0.35,lsa,91.0,2.0,0.8041605891414705,0.0574400420815336,0.40208029457073524,0.0574400420815336,0.0574400420815336,0.8621055055525424,0.13865425424944755,0.8612359444046591,0.45136665249799424,0.40646739315409025,1.7190699900567437
2020NES,output_2020_11_06_NES_S1,output_2020_11_06_NES_S1__1_CO2_DAC_2_Zoom_Meeting_2020_11_06_10_48_29,1,2020NES/output_2020_11_06_NES_S1/1_CO2_DAC_2_Zoom_Meeting_2020_11_06_10_48_29/1_CO2_DAC_2_Zoom_Meeting_2020_11_06_10_48_29_chunk1.json,19.0,0.35,lsa,171.0,10.0,1.627147875958062,0.08563936189252958,0.1627147875958062,0.08563936189252956,0.08563936189252956,0.7471992478341111,-0.03924488212120068,0.7958020054022842,1.4931000483059704,0.9098557841747498,3.1987578378830044
2020NES,output_2020_11_06_NES_S1,output_2020_11_06_NES_S1__1_CO2_DAC_2_Zoom_Meeting_2020_11_06_10_48_29,2,2020NES/output_2020_11_06_NES_S1/1_CO2_DAC_2_Zoom_Meeting_2020_11_06_10_48_29/1_CO2_DAC_2_Zoom_Meeting_2020_11_06_10_48_29_chunk2.json,17.0,0.35,lsa,136.0,0.0,0.0,0.0,0.0,0.0,0.0,0.0,0.0,0.0,0.0,0.0,0.0
2020NES,output_2020_11_06_NES_S1,output_2020_11_06_NES_S1__1_CO2_DAC_2_Zoom_Meeting_2020_11_06_10_48_29,3,2020NES/output_2020_11_06_NES_S1/1_CO2_DAC_2_Zoom_Meeting_2020_11_06_10_48_29/1_CO2_DAC_2_Zoom_Meeting_2020_11_06_10_48_29_chunk3.json,10.0,0.35,lsa,45.0,2.0,1.3244863880866578,0.13244863880866578,0.6622431940433289,0.13244863880866578,0.13244863880866578,0.5357447585026656,0.22074773134777628,0.8340468749178286,1.066056553498124,0.7891153564115936,2.6892187848275464
2020NES,output_2020_11_06_NES_S1,output_2020_11_06_NES_S1__Zoom_Meeting_2020_11_06_10_17_47,1,2020NES/output_2020_11_06_NES_S1/Zoom_Meeting_2020_11_06_10_17_47/Zoom_Meeting_2020_11_06_10_17_47_chunk1.json,9.0,0.35,lsa,36.0,2.0,0.6498231551369761,0.07220257279299734,0.32491157756848804,0.07220257279299734,0.07220257279299734,1.0,0.19019624173338268,0.5573411775077888,0.5112083083991912,0.6712878379178752,1.739837323824855
2020NES,output_2020_11_06_NES_S1,output_2020_11_06_NES_S1__Zoom_Meeting_2020_11_06_10_17_47,2,2020NES/output_2020_11_06_NES_S1/Zoom_Meeting_2020_11_06_10_17_47/Zoom_Meeting_2020_11_06_10_17_47_chunk2.json,13.0,0.35,lsa,78.0,5.0,0.7054308379596742,0.05426391061228263,0.14108616759193485,0.05426391061228264,0.05426391061228264,1.0000000000000002,0.0943961862205473,0.8949562829785025,0.5088184522653837,0.4721695531737996,1.8759442884176858
2020NES,output_2020_11_06_NES_S1,output_2020_11_06_NES_S1__Zoom_Meeting_2020_11_06_10_17_47,3,2020NES/output_2020_11_06_NES_S1/Zoom_Meeting_2020_11_06_10_17_47/Zoom_Meeting_2020_11_06_10_17_47_chunk3.json,23.0,0.35,lsa,253.0,3.0,0.37189945935956437,0.016169541711285408,0.12396648645318813,0.016169541711285408,0.016169541711285408,0.20495929575278746,0.003978658645703143,0.17711238098907534,0.2967720153917005,0.17484586281636602,0.6487302591971419
2020NES,output_2020_11_06_NES_S1,output_2020_11_06_NES_S1__Zoom_Meeting_2020_11_06_10_17_47,4,2020NES/output_2020_11_06_NES_S1/Zoom_Meeting_2020_11_06_10_17_47/Zoom_Meeting_2020_11_06_10_17_47_chunk4.json,2.0,0.35,lsa,1.0,0.0,0.0,0.0,0.0,0.0,0.0,0.0,0.0,0.0,0.0,0.0,0.0
2020NES,output_2020_11_06_NES_S10,output_2020_11_06_NES_S10__4_frontiers_in_echem_Zoom_Meeting_2020_11_06_12_23_32,1,2020NES/output_2020_11_06_NES_S10/4_frontiers_in_echem_Zoom_Meeting_2020_11_06_12_23_32/4_frontiers_in_echem_Zoom_Meeting_2020_11_06_12_23_32_chunk1.json,12.0,0.35,lsa,66.0,2.0,0.6921593044606492,0.05767994203838744,0.3460796522303246,0.05767994203838744,0.05767994203838744,1.0,-0.07322555231342855,0.4722786518038226,0.9912826249370725,0.43531546997940784,1.898876746720303
2020NES,output_2020_11_06_NES_S10,output_2020_11_06_NES_S10__4_frontiers_in_echem_Zoom_Meeting_2020_11_06_12_23_32,2,2020NES/output_2020_11_06_NES_S10/4_frontiers_in_echem_Zoom_Meeting_2020_11_06_12_23_32/4_frontiers_in_echem_Zoom_Meeting_2020_11_06_12_23_32_chunk2.json,14.0,0.35,lsa,91.0,1.0,0.07079980550407235,0.005057128964576596,0.07079980550407235,0.005057128964576596,0.005057128964576596,1.0,0.011799967584012057,0.09250257466515913,0.07306896590306161,0.04879364571081318,0.21436518627903392
2020NES,output_2020_11_06_NES_S10,output_2020_11_06_NES_S10__4_frontiers_in_echem_Zoom_Meeting_2020_11_06_12_23_32,3,2020NES/output_2020_11_06_NES_S10/4_frontiers_in_echem_Zoom_Meeting_2020_11_06_12_23_32/4_frontiers_in_echem_Zoom_Meeting_2020_11_06_12_23_32_chunk3.json,13.0,0.35,lsa,78.0,0.0,0.0,0.0,0.0,0.0,0.0,0.0,0.0,0.0,0.0,0.0,0.0
2020NES,output_2020_11_06_NES_S10,output_2020_11_06_NES_S10__4_frontiers_in_echem_Zoom_Meeting_2020_11_06_12_52_00,1,2020NES/output_2020_11_06_NES_S10/4_frontiers_in_echem_Zoom_Meeting_2020_11_06_12_52_00/4_frontiers_in_echem_Zoom_Meeting_2020_11_06_12_52_00_chunk1.json,24.0,0.35,lsa,276.0,4.0,0.4431409022193109,0.018464204259137956,0.11078522555482773,0.018464204259137956,0.018464204259137956,0.944087698847862,0.03803307951287224,0.44094714131524104,0.18382715159565804,0.15763262945202972,0.7824069223629287
2020NES,output_2020_11_06_NES_S10,output_2020_11_06_NES_S10__4_frontiers_in_echem_Zoom_Meeting_2020_11_06_12_52_00,2,2020NES/output_2020_11_06_NES_S10/4_frontiers_in_echem_Zoom_Meeting_2020_11_06_12_52_00/4_frontiers_in_echem_Zoom_Meeting_2020_11_06_12_52_00_chunk2.json,33.0,0.35,lsa,528.0,1.0,0.22379469776106078,0.006781657507910933,0.22379469776106078,0.006781657507910933,0.006781657507910933,1.0,0.012433038764503378,0.09652223462610131,0.11187529316285565,0.06012657647901044,0.2685241042679674
2020NES,output_2020_11_06_NES_S10,output_2020_11_06_NES_S10__4_frontiers_in_echem_Zoom_Meeting_2020_11_06_12_52_00,3,2020NES/output_2020_11_06_NES_S10/4_frontiers_in_echem_Zoom_Meeting_2020_11_06_12_52_00/4_frontiers_in_echem_Zoom_Meeting_2020_11_06_12_52_00_chunk3.json,34.0,0.35,lsa,561.0,3.0,1.978218279803413,0.05818289058245332,0.6594060932678043,0.05818289058245332,0.05818289058245332,0.5032539509585476,0.12217535320526807,0.9049114774183533,0.4738719383166883,0.502412053801408,1.8811954695364497
2020NES,output_2020_11_06_NES_S11,output_2020_11_06_NES_S11__5_what_to_do_with_captured_carbon_Zoom_Meeting_2020_11_06_12_16_53,1,2020NES/output_2020_11_06_NES_S11/5_what_to_do_with_captured_carbon_Zoom_Meeting_2020_11_06_12_16_53/5_what_to_do_with_captured_carbon_Zoom_Meeting_2020_11_06_12_16_53_chunk1.json,21.0,0.35,lsa,210.0,1.0,0.16665484318884388,0.00793594491375447,0.16665484318884388,0.00793594491375447,0.00793594491375447,0.0,-0.020831855398605485,0.08353803336322804,0.18311196053698245,0.07253293884906684,0.33918293274927735
2020NES,output_2020_11_06_NES_S11,output_2020_11_06_NES_S11__5_what_to_do_with_captured_carbon_Zoom_Meeting_2020_11_06_12_16_53,2,2020NES/output_2020_11_06_NES_S11/5_what_to_do_with_captured_carbon_Zoom_Meeting_2020_11_06_12_16_53/5_what_to_do_with_captured_carbon_Zoom_Meeting_2020_11_06_12_16_53_chunk2.json,28.0,0.35,lsa,378.0,2.0,0.19946456850855523,0.007123734589591258,0.09973228425427762,0.007123734589591258,0.007123734589591258,0.3311691413666178,0.01334080586225141,0.13414694979275843,0.0872209980246463,0.09090823514909992,0.31227618296650467
2020NES,output_2020_11_06_NES_S11,output_2020_11_06_NES_S11__5_what_to_do_with_captured_carbon_Zoom_Meeting_2020_11_06_12_16_53,3,2020NES/output_2020_11_06_NES_S11/5_what_to_do_with_captured_carbon_Zoom_Meeting_2020_11_06_12_16_53/5_what_to_do_with_captured_carbon_Zoom_Meeting_2020_11_06_12_16_53_chunk3.json,19.0,0.35,lsa,171.0,4.0,0.14600047268019667,0.0076842354042208775,0.03650011817004917,0.0076842354042208775,0.0076842354042208775,1.0,0.016268492785895095,0.09568894269899482,0.15448046045210545,0.1297286514338606,0.37989805458496084
2020NES,output_2020_11_06_NES_S11,output_2020_11_06_NES_S11__5_what_to_do_with_captured_carbon_Zoom_Meeting_2020_11_06_12_16_53,4,2020NES/output_2020_11_06_NES_S11/5_what_to_do_with_captured_carbon_Zoom_Meeting_2020_11_06_12_16_53/5_what_to_do_with_captured_carbon_Zoom_Meeting_2020_11_06_12_16_53_chunk4.json,31.0,0.35,lsa,465.0,0.0,0.0,0.0,0.0,0.0,0.0,0.0,0.0,0.0,0.0,0.0,0.0
2020NES,output_2020_11_06_NES_S11,output_2020_11_06_NES_S11__5_what_to_do_with_captured_carbon_Zoom_Meeting_2020_11_06_12_16_53,5,2020NES/output_2020_11_06_NES_S11/5_what_to_do_with_captured_carbon_Zoom_Meeting_2020_11_06_12_16_53/5_what_to_do_with_captured_carbon_Zoom_Meeting_2020_11_06_12_16_53_chunk5.json,25.0,0.35,lsa,300.0,3.0,0.7550601414712346,0.030202405658849383,0.25168671382374486,0.030202405658849386,0.030202405658849386,1.0000000000000002,0.04719125884195217,0.4940924360785067,0.2234293506677552,0.3398205875925225,1.0573423743387844
2020NES,output_2020_11_06_NES_S11,output_2020_11_06_NES_S11__5_what_to_do_with_captured_carbon_Zoom_Meeting_2020_11_06_12_16_53,6,2020NES/output_2020_11_06_NES_S11/5_what_to_do_with_captured_carbon_Zoom_Meeting_2020_11_06_12_16_53/5_what_to_do_with_captured_carbon_Zoom_Meeting_2020_11_06_12_16_53_chunk6.json,25.0,0.35,lsa,300.0,0.0,0.0,0.0,0.0,0.0,0.0,0.0,0.0,0.0,0.0,0.0,0.0
2020NES,output_2020_11_06_NES_S11,output_2020_11_06_NES_S11__5_what_to_do_with_captured_carbon_Zoom_Meeting_2020_11_06_12_16_53,7,2020NES/output_2020_11_06_NES_S11/5_what_to_do_with_captured_carbon_Zoom_Meeting_2020_11_06_12_16_53/5_what_to_do_with_captured_carbon_Zoom_Meeting_2020_11_06_12_16_53_chunk7.json,5.0,0.35,lsa,10.0,2.0,0.5139313301072337,0.10278626602144673,0.25696566505361684,0.10278626602144673,0.10278626602144673,1.0,0.25696566505361684,1.2516096810872872,0.7586320108434517,0.7586320108434517,2.768873702774191
2020NES,output_2020_11_06_NES_S12,output_2020_11_06_NES_S12__6_new_ideas_for_CO2_utilization_Zoom_Meeting_2020_11_06_10_12_03,1,2020NES/output_2020_11_06_NES_S12/6_new_ideas_for_CO2_utilization_Zoom_Meeting_2020_11_06_10_12_03/6_new_ideas_for_CO2_utilization_Zoom_Meeting_2020_11_06_10_12_03_chunk1.json,51.0,0.35,lsa,1275.0,54.0,12.325044250028334,0.24166753431428106,0.2282415601857099,0.24166753431428106,0.24166753431428106,0.20961038999527998,0.5104112364574893,3.7216067275315017,2.517978879604425,2.3879991310850035,8.62758473822093
2020NES,output_2020_11_06_NES_S12,output_2020_11_06_NES_S12__6_new_ideas_for_CO2_utilization_Zoom_Meeting_2020_11_06_10_12_03,2,2020NES/output_2020_11_06_NES_S12/6_new_ideas_for_CO2_utilization_Zoom_Meeting_2020_11_06_10_12_03/6_new_ideas_for_CO2_utilization_Zoom_Meeting_2020_11_06_10_12_03_chunk2.json,2.0,0.35,lsa,1.0,0.0,0.0,0.0,0.0,0.0,0.0,0.0,0.0,0.0,0.0,0.0,0.0
2020NES,output_2020_11_06_NES_S12,output_2020_11_06_NES_S12__6_new_ideas_for_CO2_utilization_Zoom_Meeting_2020_11_06_10_22_34,1,2020NES/output_2020_11_06_NES_S12/6_new_ideas_for_CO2_utilization_Zoom_Meeting_2020_11_06_10_22_34/6_new_ideas_for_CO2_utilization_Zoom_Meeting_2020_11_06_10_22_34_chunk1.json,15.0,0.35,lsa,105.0,1.0,0.7596538254077938,0.05064358836051959,0.7596538254077938,0.05064358836051959,0.05064358836051959,0.0,0.0,0.4954416289612734,0.4175167773206288,0.32120050800109556,1.2341589142829978
2020NES,output_2020_11_06_NES_S12,output_2020_11_06_NES_S12__6_new_ideas_for_CO2_utilization_Zoom_Meeting_2020_11_06_10_22_34,2,2020NES/output_2020_11_06_NES_S12/6_new_ideas_for_CO2_utilization_Zoom_Meeting_2020_11_06_10_22_34/6_new_ideas_for_CO2_utilization_Zoom_Meeting_2020_11_06_10_22_34_chunk2.json,18.0,0.35,lsa,153.0,1.0,0.025380732588452783,0.001410040699358488,0.025380732588452783,0.001410040699358488,0.001410040699358488,0.0,0.0,0.0255404109754708,0.023536207373541417,0.0191241352907382,0.06820075363975042
2020NES,output_2020_11_06_NES_S12,output_2020_11_06_NES_S12__6_new_ideas_for_CO2_utilization_Zoom_Meeting_2020_11_06_10_22_34,3,2020NES/output_2020_11_06_NES_S12/6_new_ideas_for_CO2_utilization_Zoom_Meeting_2020_11_06_10_22_34/6_new_ideas_for_CO2_utilization_Zoom_Meeting_2020_11_06_10_22_34_chunk3.json,14.0,0.35,lsa,91.0,2.0,0.8336416873608556,0.05954583481148969,0.4168208436804278,0.05954583481148969,0.05954583481148969,1.0,0.16672833747217114,0.7091693028645766,0.4255670485283409,0.37964816160111015,1.5143845129940274
2020NES,output_2020_11_06_NES_S12,output_2020_11_06_NES_S12__6_new_ideas_for_CO2_utilization_Zoom_Meeting_2020_11_06_10_49_48,1,2020NES/output_2020_11_06_NES_S12/6_new_ideas_for_CO2_utilization_Zoom_Meeting_2020_11_06_10_49_48/6_new_ideas_for_CO2_utilization_Zoom_Meeting_2020_11_06_10_49_48_chunk1.json,17.0,0.35,lsa,136.0,2.0,0.04138612006264889,0.0024344776507440524,0.020693060031324446,0.0024344776507440524,0.0024344776507440524,1.0,0.004938390789843978,0.04232423785663611,0.03771773290178165,0.036286810693652714,0.11632878145207048
2020NES,output_2020_11_06_NES_S12,output_2020_11_06_NES_S12__6_new_ideas_for_CO2_utilization_Zoom_Meeting_2020_11_06_10_49_48,2,2020NES/output_2020_11_06_NES_S12/6_new_ideas_for_CO2_utilization_Zoom_Meeting_2020_11_06_10_49_48/6_new_ideas_for_CO2_utilization_Zoom_Meeting_2020_11_06_10_49_48_chunk2.json,19.0,0.35,lsa,171.0,5.0,0.24048615645292215,0.012657166129101166,0.04809723129058443,0.012657166129101166,0.012657166129101166,0.6715729433969561,0.020552241409321353,0.18718064516617483,0.18471348953777514,0.1839756051326042,0.5558697398365542
2020NES,output_2020_11_06_NES_S12,output_2020_11_06_NES_S12__6_new_ideas_for_CO2_utilization_Zoom_Meeting_2020_11_06_10_49_48,3,2020NES/output_2020_11_06_NES_S12/6_new_ideas_for_CO2_utilization_Zoom_Meeting_2020_11_06_10_49_48/6_new_ideas_for_CO2_utilization_Zoom_Meeting_2020_11_06_10_49_48_chunk3.json,25.0,0.35,lsa,300.0,10.0,1.162830834693308,0.04651323338773232,0.1162830834693308,0.04651323338773232,0.04651323338773232,0.47302491456376755,0.09345175930679311,0.8357446678777543,0.5082778083944982,0.5856549111867446,1.9296773874589972
2020NES,output_2020_11_06_NES_S2,output_2020_11_06_NES_S2__2020_11_06_09_59_04,1,2020NES/output_2020_11_06_NES_S2/2020_11_06_09_59_04/2020_11_06_09_59_04_chunk1.json,20.0,0.35,lsa,190.0,5.0,0.965279891165275,0.04826399455826375,0.193055978233055,0.04826399455826375,0.04826399455826375,0.8631269129324936,0.02285128120675841,0.4303084875489168,0.6711316102053162,0.5659202344582399,1.6673603322124728
2020NES,output_2020_11_06_NES_S2,output_2020_11_06_NES_S2__2020_11_06_09_59_04,2,2020NES/output_2020_11_06_NES_S2/2020_11_06_09_59_04/2020_11_06_09_59_04_chunk2.json,33.0,0.35,lsa,528.0,4.0,0.3003797822839715,0.009102417644968833,0.07509494557099287,0.009102417644968832,0.009102417644968833,0.9999999999999998,-0.0030834949351243256,0.13133167733045853,0.15892657522019,0.09920767102576517,0.3894659235764137
2020NES,output_2020_11_06_NES_S2,output_2020_11_06_NES_S2__2020_11_06_09_59_04,3,2020NES/output_2020_11_06_NES_S2/2020_11_06_09_59_04/2020_11_06_09_59_04_chunk3.json,16.0,0.35,lsa,120.0,4.0,0.3319566183844629,0.02074728864902893,0.08298915459611572,0.020747288649028927,0.02074728864902893,0.9175716528566978,0.02600138250232753,0.2378985023276976,0.2374787329578294,0.24449641773291939,0.7198736530184464
2020NES,output_2020_11_06_NES_S2,output_2020_11_06_NES_S2__2020_11_06_09_59_04,4,2020NES/output_2020_11_06_NES_S2/2020_11_06_09_59_04/2020_11_06_09_59_04_chunk4.json,15.0,0.35,lsa,105.0,4.0,0.34770535569115923,0.023180357046077283,0.08692633892278981,0.023180357046077283,0.023180357046077283,1.0,0.02926844031571961,0.7931139785710806,0.2750287241285159,0.21552670193222706,1.2836694046318236
2020NES,output_2020_11_06_NES_S2,output_2020_11_06_NES_S2__2020_11_06_09_59_04,5,2020NES/output_2020_11_06_NES_S2/2020_11_06_09_59_04/2020_11_06_09_59_04_chunk5.json,13.0,0.35,lsa,78.0,1.0,0.23208320638741214,0.01785255433749324,0.23208320638741214,0.01785255433749324,0.01785255433749324,1.0,0.07736106879580405,0.3928118025829815,0.15909389197904966,0.1377201402434243,0.6896258348054554
2020NES,output_2020_11_06_NES_S2,output_2020_11_06_NES_S2__2020_11_06_09_59_04,6,2020NES/output_2020_11_06_NES_S2/2020_11_06_09_59_04/2020_11_06_09_59_04_chunk6.json,20.0,0.35,lsa,190.0,3.0,1.1742566084900299,0.0587128304245015,0.39141886949667665,0.05871283042450148,0.05871283042450148,0.08937612675125996,-0.16666666666666666,0.4414873538143399,1.078542523791766,0.37927298847939983,1.899302866085506
2020NES,output_2020_11_06_NES_S2,output_2020_11_06_NES_S2__2020_11_06_09_59_04,7,2020NES/output_2020_11_06_NES_S2/2020_11_06_09_59_04/2020_11_06_09_59_04_chunk7.json,19.0,0.35,lsa,171.0,4.0,0.7405091298994734,0.03897416473155123,0.18512728247486834,0.03897416473155123,0.03897416473155123,0.7020898974415095,-3.280512385522422e-05,0.36397953663315835,0.6375369718948751,0.326338330805053,1.3278548393330865
2020NES,output_2020_11_06_NES_S2,output_2020_11_06_NES_S2__2020_11_06_09_59_04,8,2020NES/output_2020_11_06_NES_S2/2020_11_06_09_59_04/2020_11_06_09_59_04_chunk8.json,36.0,0.35,lsa,630.0,5.0,2.434661999845582,0.0676294999957106,0.4869323999691164,0.0676294999957106,0.0676294999957106,0.3998850296658588,0.12611427157633182,1.3043974859690937,0.5712933883959195,0.5786662396590029,2.454357114024016
2020NES,output_2020_11_06_NES_S2,output_2020_11_06_NES_S2__2020_11_06_09_59_04,9,2020NES/output_2020_11_06_NES_S2/2020_11_06_09_59_04/2020_11_06_09_59_04_chunk9.json,14.0,0.35,lsa,91.0,2.0,0.8971154904772094,0.06407967789122924,0.4485577452386047,0.06407967789122924,0.06407967789122924,1.0,-0.08971154904772094,0.49431363675802165,0.8629707698207914,0.49609826800531,1.853382674584123
2020NES,output_2020_11_06_NES_S3,output_2020_11_06_NES_S3__2020_11_06_10_47_07,1,2020NES/output_2020_11_06_NES_S3/2020_11_06_10_47_07/2020_11_06_10_47_07_chunk1.json,22.0,0.35,lsa,231.0,2.0,0.14211617316383532,0.006459826052901605,0.07105808658191766,0.006459826052901605,0.006459826052901605,0.0,0.0074283115977007265,0.10138550213381523,0.10845362514018031,0.0635788180570805,0.27341794533107605
2020NES,output_2020_11_06_NES_S3,output_2020_11_06_NES_S3__2020_11_06_10_47_07,2,2020NES/output_2020_11_06_NES_S3/2020_11_06_10_47_07/2020_11_06_10_47_07_chunk2.json,31.0,0.35,lsa,465.0,2.0,0.44832442290662,0.014462078158278064,0.22416221145331,0.014462078158278064,0.014462078158278064,1.0,0.05975695515208672,0.19165125451673157,0.13230624704642605,0.17364851801950132,0.49760601958265893
2020NES,output_2020_11_06_NES_S3,output_2020_11_06_NES_S3__2020_11_06_10_47_07,3,2020NES/output_2020_11_06_NES_S3/2020_11_06_10_47_07/2020_11_06_10_47_07_chunk3.json,46.0,0.35,lsa,1035.0,40.0,9.7272310672646,0.2114615449405348,0.24318077668161503,0.21146154494053485,0.2114615449405348,0.8413940116789634,0.42282077921065075,3.0777128927700144,2.865546498353547,2.5897409682663324,8.533000359389893
2020NES,output_2020_11_06_NES_S3,output_2020_11_06_NES_S3__2020_11_06_10_47_07,4,2020NES/output_2020_11_06_NES_S3/2020_11_06_10_47_07/2020_11_06_10_47_07_chunk4.json,30.0,0.35,lsa,435.0,15.0,1.878277759879476,0.0626092586626492,0.1252185173252984,0.06260925866264919,0.06260925866264919,0.6196781209304065,-0.10655889185517256,0.5948430080390839,1.5878206016736087,0.5811054867029952,2.763769096415688
2020NES,output_2020_11_06_NES_S4,output_2020_11_06_NES_S4__Zoom_Meeting_2020_11_06_10_09_38,1,2020NES/output_2020_11_06_NES_S4/Zoom_Meeting_2020_11_06_10_09_38/Zoom_Meeting_2020_11_06_10_09_38_chunk1.json,37.0,0.35,lsa,666.0,8.0,2.074952419144071,0.05607979511200192,0.2593690523930089,0.05607979511200192,0.05607979511200192,0.658477545877493,0.11448847938448667,0.9334335077790651,0.5905901006993182,0.5309839963857443,2.0550076048641275
2020NES,output_2020_11_06_NES_S4,output_2020_11_06_NES_S4__Zoom_Meeting_2020_11_06_10_09_38,2,2020NES/output_2020_11_06_NES_S4/Zoom_Meeting_2020_11_06_10_09_38/Zoom_Meeting_2020_11_06_10_09_38_chunk2.json,16.0,0.35,lsa,120.0,2.0,0.4825379112047955,0.03015861945029972,0.24126895560239775,0.03015861945029972,0.03015861945029972,1.0,0.09355581068027215,0.6392110375008643,0.2178378702692092,0.23829767786039688,1.0953465856304703
2020NES,output_2020_11_06_NES_S4,output_2020_11_06_NES_S4__Zoom_Meeting_2020_11_06_10_09_38,3,2020NES/output_2020_11_06_NES_S4/Zoom_Meeting_2020_11_06_10_09_38/Zoom_Meeting_2020_11_06_10_09_38_chunk3.json,22.0,0.35,lsa,231.0,5.0,1.2436475698524516,0.05652943499329326,0.2487295139704903,0.05652943499329326,0.05652943499329326,0.2715830743207201,-0.07723753974328479,0.6008833872330357,1.0813732802755094,0.4536924142078662,2.1359490817164115
2020NES,output_2020_11_06_NES_S4,output_2020_11_06_NES_S4__Zoom_Meeting_2020_11_06_10_09_38,4,2020NES/output_2020_11_06_NES_S4/Zoom_Meeting_2020_11_06_10_09_38/Zoom_Meeting_2020_11_06_10_09_38_chunk4.json,7.0,0.35,lsa,21.0,4.0,1.0247028385035564,0.14638611978622235,0.2561757096258891,0.14638611978622235,0.14638611978622235,1.0,0.20494056770071128,1.6319172997861093,0.9815184381702597,1.4087667400395678,4.022202477995936
2020NES,output_2020_11_06_NES_S4,output_2020_11_06_NES_S4__Zoom_Meeting_2020_11_06_10_43_41,1,2020NES/output_2020_11_06_NES_S4/Zoom_Meeting_2020_11_06_10_43_41/Zoom_Meeting_2020_11_06_10_43_41_chunk1.json,17.0,0.35,lsa,136.0,1.0,0.2392497899090095,0.014073517053471147,0.2392497899090095,0.014073517053471147,0.014073517053471147,1.0,0.0478499579818019,0.11805268772667606,0.1323821987680453,0.2771925588450768,0.5276274453397982
2020NES,output_2020_11_06_NES_S4,output_2020_11_06_NES_S4__Zoom_Meeting_2020_11_06_10_43_41,2,2020NES/output_2020_11_06_NES_S4/Zoom_Meeting_2020_11_06_10_43_41/Zoom_Meeting_2020_11_06_10_43_41_chunk2.json,20.0,0.35,lsa,190.0,1.0,0.39022821894046916,0.01951141094702346,0.39022821894046916,0.01951141094702346,0.01951141094702346,0.0,0.07804564378809384,0.461203456523647,0.1577229339836092,0.15076851907502808,0.7696949095822843
2020NES,output_2020_11_06_NES_S4,output_2020_11_06_NES_S4__Zoom_Meeting_2020_11_06_10_43_41,3,2020NES/output_2020_11_06_NES_S4/Zoom_Meeting_2020_11_06_10_43_41/Zoom_Meeting_2020_11_06_10_43_41_chunk3.json,21.0,0.35,lsa,210.0,4.0,0.4836589708117106,0.02303137956246241,0.12091474270292765,0.02303137956246241,0.02303137956246241,0.5156718336497623,0.024671942758180784,0.3036366871873691,0.38986196468915346,0.22902980156763203,0.9225284534441545
2020NES,output_2020_11_06_NES_S4,output_2020_11_06_NES_S4__Zoom_Meeting_2020_11_06_10_43_41,4,2020NES/output_2020_11_06_NES_S4/Zoom_Meeting_2020_11_06_10_43_41/Zoom_Meeting_2020_11_06_10_43_41_chunk4.json,23.0,0.35,lsa,253.0,2.0,0.41951264852891823,0.01823968037082253,0.20975632426445912,0.01823968037082253,0.01823968037082253,0.5255417122665452,0.04661251650321314,0.2966690104912294,0.19645445374908943,0.16481830573006892,0.6579417699703878
2020NES,output_2020_11_06_NES_S7,output_2020_11_06_NES_S7__1_beyond_co2_Zoom_Meeting_2020_11_06_12_11_55,1,2020NES/output_2020_11_06_NES_S7/1_beyond_co2_Zoom_Meeting_2020_11_06_12_11_55/1_beyond_co2_Zoom_Meeting_2020_11_06_12_11_55_chunk1.json,32.0,0.35,lsa,496.0,10.0,2.0779428129606003,0.06493571290501876,0.20779428129606003,0.06493571290501875,0.06493571290501875,0.8549809796835794,0.10664728981109954,0.8816377209766767,0.835712731460391,0.798766491721149,2.5161169441582167
2020NES,output_2020_11_06_NES_S7,output_2020_11_06_NES_S7__1_beyond_co2_Zoom_Meeting_2020_11_06_12_11_55,2,2020NES/output_2020_11_06_NES_S7/1_beyond_co2_Zoom_Meeting_2020_11_06_12_11_55/1_beyond_co2_Zoom_Meeting_2020_11_06_12_11_55_chunk2.json,13.0,0.35,lsa,78.0,3.0,0.34850631613500865,0.026808178164231436,0.11616877204500288,0.026808178164231436,0.026808178164231436,1.0,0.0,0.19812195177731895,0.5185023158722442,0.28470824514136156,1.0013325127909247
2020NES,output_2020_11_06_NES_S7,output_2020_11_06_NES_S7__1_beyond_co2_Zoom_Meeting_2020_11_06_12_11_55,3,2020NES/output_2020_11_06_NES_S7/1_beyond_co2_Zoom_Meeting_2020_11_06_12_11_55/1_beyond_co2_Zoom_Meeting_2020_11_06_12_11_55_chunk3.json,17.0,0.35,lsa,136.0,1.0,0.03426135176636497,0.002015373633315586,0.03426135176636497,0.002015373633315586,0.002015373633315586,1.0,0.0,0.023332462208617365,0.03985826668327058,0.03299170483903901,0.09618243373092697
2020NES,output_2020_11_06_NES_S7,output_2020_11_06_NES_S7__1_beyond_co2_Zoom_Meeting_2020_11_06_12_11_55,4,2020NES/output_2020_11_06_NES_S7/1_beyond_co2_Zoom_Meeting_2020_11_06_12_11_55/1_beyond_co2_Zoom_Meeting_2020_11_06_12_11_55_chunk4.json,20.0,0.35,lsa,190.0,2.0,0.3799128908811533,0.018995644544057666,0.18995644544057666,0.018995644544057666,0.018995644544057666,1.0,0.0,0.22157101492645592,0.21860869379225906,0.18548156889380835,0.6256612776125233
2020NES,output_2020_11_06_NES_S7,output_2020_11_06_NES_S7__1_beyond_co2_Zoom_Meeting_2020_11_06_12_11_55,5,2020NES/output_2020_11_06_NES_S7/1_beyond_co2_Zoom_Meeting_2020_11_06_12_11_55/1_beyond_co2_Zoom_Meeting_2020_11_06_12_11_55_chunk5.json,21.0,0.35,lsa,210.0,1.0,0.1254321194484778,0.005972958068975133,0.1254321194484778,0.005972958068975133,0.005972958068975133,1.0,0.0,0.07381311974325697,0.07381311974325697,0.07845464065278927,0.22608088013930322
2020NES,output_2020_11_06_NES_S7,output_2020_11_06_NES_S7__1_beyond_co2_Zoom_Meeting_2020_11_06_12_11_55,6,2020NES/output_2020_11_06_NES_S7/1_beyond_co2_Zoom_Meeting_2020_11_06_12_11_55/1_beyond_co2_Zoom_Meeting_2020_11_06_12_11_55_chunk6.json,21.0,0.35,lsa,210.0,5.0,1.283563526596901,0.061122072695090526,0.2567127053193802,0.061122072695090526,0.061122072695090526,1.0,0.1426181696218779,0.4840371161604161,0.41182064699424314,0.46047513372305954,1.3563328968777189
2020NES,output_2020_11_06_NES_S8,output_2020_11_06_NES_S8__2020_11_06_12_09_28,1,2020NES/output_2020_11_06_NES_S8/2020_11_06_12_09_28/2020_11_06_12_09_28_chunk1.json,48.0,0.35,lsa,1128.0,30.0,4.781021949584188,0.09960462394967058,0.15936739831947294,0.09960462394967058,0.09960462394967058,0.39031017825912717,0.18669436158526176,1.9846997478638284,1.2423369878498238,0.9991445466800322,4.226181282393684
2020NES,output_2020_11_06_NES_S8,output_2020_11_06_NES_S8__2020_11_06_12_09_28,2,2020NES/output_2020_11_06_NES_S8/2020_11_06_12_09_28/2020_11_06_12_09_28_chunk2.json,21.0,0.35,lsa,210.0,0.0,0.0,0.0,0.0,0.0,0.0,0.0,0.0,0.0,0.0,0.0,0.0
2020NES,output_2020_11_06_NES_S8,output_2020_11_06_NES_S8__2020_11_06_12_09_28,3,2020NES/output_2020_11_06_NES_S8/2020_11_06_12_09_28/2020_11_06_12_09_28_chunk3.json,18.0,0.35,lsa,153.0,3.0,0.29691447306195423,0.016495248503441903,0.0989714910206514,0.016495248503441903,0.016495248503441903,1.0,0.03182205670772767,0.3160597323621551,0.13782740405429011,0.21141515088633067,0.6653022873027759
2020NES,output_2020_11_06_NES_S8,output_2020_11_06_NES_S8__2020_11_06_12_09_28,4,2020NES/output_2020_11_06_NES_S8/2020_11_06_12_09_28/2020_11_06_12_09_28_chunk4.json,27.0,0.35,lsa,351.0,1.0,0.21383884251199037,0.007919957130073717,0.21383884251199037,0.007919957130073717,0.007919957130073717,0.0,-0.019439894773817305,0.07893079905492756,0.16206008819102236,0.07893079905492756,0.3199216863008775
2020NES,output_2020_11_06_NES_S8,output_2020_11_06_NES_S8__2020_11_06_12_09_28,5,2020NES/output_2020_11_06_NES_S8/2020_11_06_12_09_28/2020_11_06_12_09_28_chunk5.json,49.0,0.35,lsa,1176.0,49.0,12.819783874393874,0.26162824233456883,0.26162824233456883,0.26162824233456883,0.26162824233456883,0.5019919688380656,0.2886827738410161,4.861862771159003,4.026147367503746,2.6301659806806845,11.518176119343433
2020NES,output_2020_11_06_NES_S8,output_2020_11_06_NES_S8__2020_11_06_12_09_28,6,2020NES/output_2020_11_06_NES_S8/2020_11_06_12_09_28/2020_11_06_12_09_28_chunk6.json,19.0,0.35,lsa,171.0,2.0,0.3213127002823378,0.01691119475170199,0.1606563501411689,0.01691119475170199,0.01691119475170199,0.5404348000984632,0.0,0.18116539141760463,0.270360067934622,0.18891053100692767,0.6404359903591543
2020NES,output_2020_11_06_NES_S8,output_2020_11_06_NES_S8__2020_11_06_12_09_28,7,2020NES/output_2020_11_06_NES_S8/2020_11_06_12_09_28/2020_11_06_12_09_28_chunk7.json,43.0,0.35,lsa,903.0,21.0,6.339361888453815,0.14742702066171662,0.30187437564065783,0.14742702066171662,0.14742702066171662,0.6375253031659597,0.14028937288762705,2.9121327392734844,1.7148786989961382,1.6479730103227606,6.274984448592384
2020NES,output_2020_11_06_NES_S8,output_2020_11_06_NES_S8__2020_11_06_12_09_28,8,2020NES/output_2020_11_06_NES_S8/2020_11_06_12_09_28/2020_11_06_12_09_28_chunk8.json,1.0,0.35,lsa,0.0,0.0,0.0,0.0,0.0,0.0,0.0,0.0,0.0,0.0,0.0,0.0,0.0
2020NES,output_2020_11_06_NES_S9,output_2020_11_06_NES_S9__2020_11_06_12_09_40,1,2020NES/output_2020_11_06_NES_S9/2020_11_06_12_09_40/2020_11_06_12_09_40_chunk1.json,44.0,0.35,lsa,946.0,29.0,4.956890902550643,0.11265661142160552,0.1709272725017463,0.11265661142160552,0.11265661142160552,0.8030846031042024,0.09863893061004267,1.3407456145462406,1.8658655399307715,2.38126267578704,5.587873830264052
2020NES,output_2020_11_06_NES_S9,output_2020_11_06_NES_S9__2020_11_06_12_09_40,2,2020NES/output_2020_11_06_NES_S9/2020_11_06_12_09_40/2020_11_06_12_09_40_chunk2.json,23.0,0.35,lsa,253.0,9.0,1.509943351084384,0.06564971091671234,0.16777148345382045,0.06564971091671234,0.06564971091671234,0.9211597984509473,-0.02633910721577662,0.6071906453680463,1.0913647152455506,0.8644722183547865,2.5630275789683834
2020NES,output_2020_11_06_NES_S9,output_2020_11_06_NES_S9__2020_11_06_12_09_40,3,2020NES/output_2020_11_06_NES_S9/2020_11_06_12_09_40/2020_11_06_12_09_40_chunk3.json,17.0,0.35,lsa,136.0,3.0,0.38957379505470296,0.022916105591453115,0.12985793168490098,0.022916105591453118,0.022916105591453115,0.9945685753883857,0.0,0.4015108594911674,0.20818325164962226,0.16738745403724206,0.7770815651780317
2020NES,output_2020_11_06_NES_S9,output_2020_11_06_NES_S9__2020_11_06_12_09_40,4,2020NES/output_2020_11_06_NES_S9/2020_11_06_12_09_40/2020_11_06_12_09_40_chunk4.json,28.0,0.35,lsa,378.0,6.0,1.0107100646564002,0.03609678802344286,0.16845167744273337,0.03609678802344286,0.03609678802344286,0.2019934054069236,-0.05249645405303073,0.6092485321299591,0.831019740700202,0.2406991536926924,1.6809674265228536
2020NES,output_2020_11_06_NES_S9,output_2020_11_06_NES_S9__2020_11_06_12_09_40,5,2020NES/output_2020_11_06_NES_S9/2020_11_06_12_09_40/2020_11_06_12_09_40_chunk5.json,25.0,0.35,lsa,300.0,4.0,0.45379588322768505,0.018151835329107403,0.11344897080692126,0.018151835329107403,0.018151835329107403,0.5903772892361893,-0.008738403791023912,0.17861501189419493,0.36422792939643456,0.3096663349997837,0.8525092762904132
2020NES,output_2020_11_06_NES_S9,output_2020_11_06_NES_S9__2020_11_06_12_09_40,6,2020NES/output_2020_11_06_NES_S9/2020_11_06_12_09_40/2020_11_06_12_09_40_chunk6.json,30.0,0.35,lsa,435.0,0.0,0.0,0.0,0.0,0.0,0.0,0.0,0.0,0.0,0.0,0.0,0.0
2020NES,output_2020_11_06_NES_S9,output_2020_11_06_NES_S9__2020_11_06_12_09_40,7,2020NES/output_2020_11_06_NES_S9/2020_11_06_12_09_40/2020_11_06_12_09_40_chunk7.json,31.0,0.35,lsa,465.0,3.0,0.38525576925903215,0.01242760545996878,0.1284185897530107,0.01242760545996878,0.01242760545996878,0.15487206487491187,-0.019621293049555948,0.12751236871250457,0.2724006510693292,0.138276704103094,0.5381897238849278
2020NES,output_2020_11_06_NES_S9,output_2020_11_06_NES_S9__2020_11_06_12_09_40,8,2020NES/output_2020_11_06_NES_S9/2020_11_06_12_09_40/2020_11_06_12_09_40_chunk8.json,1.0,0.35,lsa,0.0,0.0,0.0,0.0,0.0,0.0,0.0,0.0,0.0,0.0,0.0,0.0,0.0
2021ABI,output_2021_05_20_ABI_S1,output_2021_05_20_ABI_S1__Bot_5_Zoom_Meeting_5_20_2021_12_37_42_PM,1,2021ABI/output_2021_05_20_ABI_S1/Bot_5_Zoom_Meeting_5_20_2021_12_37_42_PM_chunk1.json,10.0,0.35,lsa,45.0,3.0,1.019231720541776,0.1019231720541776,0.3397439068472587,0.1019231720541776,0.1019231720541776,0.5576138532274673,0.3397439068472587,1.5172564602539387,0.7191920966992573,0.6525701178452599,2.8890186747984554
2021ABI,output_2021_05_20_ABI_S1,output_2021_05_20_ABI_S1__Bot_5_Zoom_Meeting_5_20_2021_12_37_42_PM,2,2021ABI/output_2021_05_20_ABI_S1/Bot_5_Zoom_Meeting_5_20_2021_12_37_42_PM_chunk2.json,8.0,0.35,lsa,28.0,1.0,0.5164913698495651,0.06456142123119564,0.5164913698495651,0.06456142123119564,0.06456142123119564,1.0,0.12912284246239128,0.4793645210631177,0.3798904685962316,0.662630758407469,1.5218857480668184
2021ABI,output_2021_05_20_ABI_S1,output_2021_05_20_ABI_S1__Bot_5_Zoom_Meeting_5_20_2021_12_37_42_PM,3,2021ABI/output_2021_05_20_ABI_S1/Bot_5_Zoom_Meeting_5_20_2021_12_37_42_PM_chunk3.json,17.0,0.35,lsa,136.0,6.0,0.7370669204296437,0.043356877672331984,0.12284448673827396,0.04335687767233198,0.043356877672331984,0.2787493493513269,0.02008690719760273,0.3909516230363177,0.5962185867257731,0.5683303588359344,1.5555005685980252
2021ABI,output_2021_05_20_ABI_S1,output_2021_05_20_ABI_S1__Bot_5_Zoom_Meeting_5_20_2021_12_37_42_PM,4,2021ABI/output_2021_05_20_ABI_S1/Bot_5_Zoom_Meeting_5_20_2021_12_37_42_PM_chunk4.json,12.0,0.35,lsa,66.0,0.0,0.0,0.0,0.0,0.0,0.0,0.0,0.0,0.0,0.0,0.0,0.0
2021ABI,output_2021_05_20_ABI_S1,output_2021_05_20_ABI_S1__Bot_5_Zoom_Meeting_5_20_2021_12_37_42_PM,5,2021ABI/output_2021_05_20_ABI_S1/Bot_5_Zoom_Meeting_5_20_2021_12_37_42_PM_chunk5.json,11.0,0.35,lsa,55.0,3.0,0.5176750891788644,0.04706137174353313,0.17255836305962147,0.04706137174353313,0.047061371743533115,0.9999999999999998,-0.06323437849645004,0.5568410126274852,0.6510929567937566,0.347316031860153,1.5552500012813946
2021ABI,output_2021_05_20_ABI_S1,output_2021_05_20_ABI_S1__Bot_5_Zoom_Meeting_5_20_2021_12_37_42_PM,6,2021ABI/output_2021_05_20_ABI_S1/Bot_5_Zoom_Meeting_5_20_2021_12_37_42_PM_chunk6.json,29.0,0.35,lsa,406.0,6.0,0.6840462700837415,0.023587802416680743,0.11400771168062358,0.023587802416680743,0.023587802416680743,0.38560392910717156,0.03719898021797753,0.31797734729730687,0.46400346203489545,0.2044856450764633,0.9864664544086655
2021ABI,output_2021_05_20_ABI_S1,output_2021_05_20_ABI_S1__Bot_5_Zoom_Meeting_5_20_2021_12_37_42_PM,7,2021ABI/output_2021_05_20_ABI_S1/Bot_5_Zoom_Meeting_5_20_2021_12_37_42_PM_chunk7.json,20.0,0.35,lsa,190.0,2.0,0.6091510873685138,0.030457554368425687,0.3045755436842569,0.030457554368425687,0.030457554368425687,1.0,0.07614388592106422,0.6131592263854524,0.23338118609917458,0.24521094719735526,1.0917513596819823
2021ABI,output_2021_05_20_ABI_S2,output_2021_05_20_ABI_S2__Bot_6_Zoom_Meeting_Room_6_2021_05_20_12_36_53,1,2021ABI/output_2021_05_20_ABI_S2/Bot_6_Zoom_Meeting_Room_6_2021_05_20_12_36_53_chunk1.json,22.0,0.35,lsa,231.0,2.0,0.93324789576548,0.042420358898430904,0.46662394788274,0.042420358898430904,0.042420358898430904,1.0,-0.07328948610656277,0.2934685080678043,0.7900851887199842,0.330153989549533,1.4137076863373217
2021ABI,output_2021_05_20_ABI_S2,output_2021_05_20_ABI_S2__Bot_6_Zoom_Meeting_Room_6_2021_05_20_12_36_53,2,2021ABI/output_2021_05_20_ABI_S2/Bot_6_Zoom_Meeting_Room_6_2021_05_20_12_36_53_chunk2.json,28.0,0.35,lsa,378.0,6.0,0.5701226883713233,0.020361524584690118,0.09502044806188721,0.020361524584690118,0.020361524584690118,0.865479418971179,0.0682592365255405,0.31259426170638605,0.19216378857942346,0.3371302171204533,0.8418882674062629
2021ABI,output_2021_05_20_ABI_S2,output_2021_05_20_ABI_S2__Bot_6_Zoom_Meeting_Room_6_2021_05_20_12_36_53,3,2021ABI/output_2021_05_20_ABI_S2/Bot_6_Zoom_Meeting_Room_6_2021_05_20_12_36_53_chunk3.json,15.0,0.35,lsa,105.0,5.0,0.5303449335169148,0.03535632890112765,0.10606898670338297,0.03535632890112765,0.03535632890112765,0.9203645319261162,-0.012326236659313778,0.38304678773271,0.47563730742453925,0.2590178600533679,1.117701955210617
2021ABI,output_2021_05_20_ABI_S2,output_2021_05_20_ABI_S2__Bot_6_Zoom_Meeting_Room_6_2021_05_20_12_36_53,4,2021ABI/output_2021_05_20_ABI_S2/Bot_6_Zoom_Meeting_Room_6_2021_05_20_12_36_53_chunk4.json,11.0,0.35,lsa,55.0,2.0,0.48660044124891366,0.04423640374990124,0.24330022062445683,0.04423640374990124,0.04423640374990124,0.5772816054196197,0.051423739331711356,0.4604424479950595,0.42990486344799506,0.376021948034723,1.2663692594777776
2021ABI,output_2021_05_20_ABI_S2,output_2021_05_20_ABI_S2__Bot_6_Zoom_Meeting_Room_6_2021_05_20_12_36_53,5,2021ABI/output_2021_05_20_ABI_S2/Bot_6_Zoom_Meeting_Room_6_2021_05_20_12_36_53_chunk5.json,17.0,0.35,lsa,136.0,0.0,0.0,0.0,0.0,0.0,0.0,0.0,0.0,0.0,0.0,0.0,0.0
2021ABI,output_2021_05_20_ABI_S2,output_2021_05_20_ABI_S2__Bot_6_Zoom_Meeting_Room_6_2021_05_20_13_24_44,1,2021ABI/output_2021_05_20_ABI_S2/Bot_6_Zoom_Meeting_Room_6_2021_05_20_13_24_44_chunk1.json,82.0,0.35,lsa,3321.0,58.0,10.057687248374231,0.12265472254114916,0.17340840083403847,0.12265472254114916,0.12265472254114913,0.8255352874914247,0.06809444727742223,1.7411155303397723,2.1481334789925395,1.6516378070844369,5.540886816416749
2021ABI,output_2021_05_20_ABI_S2,output_2021_05_20_ABI_S2__Bot_6_Zoom_Meeting_Room_6_2021_05_20_13_24_44,2,2021ABI/output_2021_05_20_ABI_S2/Bot_6_Zoom_Meeting_Room_6_2021_05_20_13_24_44_chunk2.json,51.0,0.35,lsa,1275.0,19.0,1.6987733818964987,0.03330928199797056,0.08940912536297362,0.03330928199797056,0.033309281997970556,0.804575171841226,0.030250974357289222,0.5460428565765315,0.6428440889669617,0.4570303177817546,1.6459172633252477
2021ABI,output_2021_05_20_ABI_S2,output_2021_05_20_ABI_S2__Bot_6_Zoom_Meeting_Room_6_2021_05_20_13_24_44,3,2021ABI/output_2021_05_20_ABI_S2/Bot_6_Zoom_Meeting_Room_6_2021_05_20_13_24_44_chunk3.json,6.0,0.35,lsa,15.0,3.0,0.6499824105094153,0.10833040175156922,0.21666080350313843,0.10833040175156922,0.10833040175156922,1.0,0.2648666787372921,0.7540231848714494,0.8899545209671327,0.9032581365810725,2.5472358424196546
2021ABI,output_2021_05_20_ABI_S3,output_2021_05_20_ABI_S3__bot1_2021_05_20_12_35_38,1,2021ABI/output_2021_05_20_ABI_S3/bot1_2021_05_20_12_35_38_chunk1.json,24.0,0.35,lsa,276.0,6.0,1.6650056869661116,0.06937523695692131,0.27750094782768525,0.06937523695692131,0.06937523695692131,0.8450861878609812,-0.10406285543538196,0.7017582746167194,1.0058028688914622,0.4965455646037419,2.204106708111923
2021ABI,output_2021_05_20_ABI_S3,output_2021_05_20_ABI_S3__bot1_2021_05_20_12_35_38,2,2021ABI/output_2021_05_20_ABI_S3/bot1_2021_05_20_12_35_38_chunk2.json,9.0,0.35,lsa,36.0,2.0,1.0900821126226576,0.12112023473585085,0.5450410563113288,0.12112023473585085,0.12112023473585085,0.08263791468509388,-0.21801642252453152,0.6807094583886307,1.1832417955540344,0.6239860700017771,2.4879373239444424
2021ABI,output_2021_05_20_ABI_S3,output_2021_05_20_ABI_S3__bot1_2021_05_20_12_35_38,3,2021ABI/output_2021_05_20_ABI_S3/bot1_2021_05_20_12_35_38_chunk3.json,9.0,0.35,lsa,36.0,3.0,0.6020730485431953,0.06689700539368837,0.2006910161810651,0.06689700539368837,0.06689700539368838,1.0000000000000002,0.0038301633324053443,0.710948403633973,0.7214565550038746,0.40348564817091254,1.8358906068087604
2021ABI,output_2021_05_20_ABI_S3,output_2021_05_20_ABI_S3__bot1_2021_05_20_12_35_38,4,2021ABI/output_2021_05_20_ABI_S3/bot1_2021_05_20_12_35_38_chunk4.json,14.0,0.35,lsa,91.0,1.0,0.11483412431658102,0.008202437451184359,0.11483412431658102,0.008202437451184359,0.008202437451184359,0.0,0.022966824863316204,0.3171051209684899,0.07295606819652417,0.07792556736263158,0.46798675652764565
2021ABI,output_2021_05_20_ABI_S3,output_2021_05_20_ABI_S3__bot1_2021_05_20_12_35_38,5,2021ABI/output_2021_05_20_ABI_S3/bot1_2021_05_20_12_35_38_chunk5.json,9.0,0.35,lsa,36.0,3.0,0.7231566728829304,0.08035074143143671,0.24105222429431014,0.08035074143143671,0.08035074143143671,1.0,0.05407503043555152,0.7263153610731216,0.9123468270301061,0.5510556053158873,2.189717793419115
2021ABI,output_2021_05_20_ABI_S3,output_2021_05_20_ABI_S3__bot1_2021_05_20_12_35_38,6,2021ABI/output_2021_05_20_ABI_S3/bot1_2021_05_20_12_35_38_chunk6.json,13.0,0.35,lsa,78.0,2.0,1.0594238733521055,0.08149414410400811,0.5297119366760528,0.08149414410400811,0.08149414410400811,0.0,0.2118847746704211,0.8736815141132093,0.487554329582235,0.7550625294387916,2.116298373134236
2021ABI,output_2021_05_20_ABI_S3,output_2021_05_20_ABI_S3__bot1_2021_05_20_12_35_38,7,2021ABI/output_2021_05_20_ABI_S3/bot1_2021_05_20_12_35_38_chunk7.json,13.0,0.35,lsa,78.0,2.0,0.29532168116507634,0.022717052397313565,0.14766084058253817,0.022717052397313565,0.022717052397313565,1.0,0.0531932532311049,0.28307548538833505,0.2410093224709598,0.2207311848098974,0.7448159926691922
2021ABI,output_2021_05_20_ABI_S3,output_2021_05_20_ABI_S3__bot1_2021_05_20_12_35_38,8,2021ABI/output_2021_05_20_ABI_S3/bot1_2021_05_20_12_35_38_chunk8.json,3.0,0.35,lsa,3.0,1.0,1.0,0.3333333333333333,1.0,0.3333333333333333,0.3333333333333333,1.0,0.5,0.0,1.0,1.0,2.0
2021ABI,output_2021_05_20_ABI_S4,output_2021_05_20_ABI_S4__bot2p2_Zoom_Meeting_2021_05_20_12_37_07,1,2021ABI/output_2021_05_20_ABI_S4/bot2p2_Zoom_Meeting_2021_05_20_12_37_07_chunk1.json,30.0,0.35,lsa,435.0,9.0,1.2499535776227302,0.041665119254091006,0.13888373084697003,0.041665119254091006,0.041665119254091006,0.5918365776174256,0.03266375794918118,0.42690466446756214,0.7636327815056931,0.5232880120570519,1.713825458030307
2021ABI,output_2021_05_20_ABI_S4,output_2021_05_20_ABI_S4__bot2p2_Zoom_Meeting_2021_05_20_12_37_07,2,2021ABI/output_2021_05_20_ABI_S4/bot2p2_Zoom_Meeting_2021_05_20_12_37_07_chunk2.json,20.0,0.35,lsa,190.0,4.0,0.18229779861144635,0.009114889930572318,0.04557444965286159,0.009114889930572318,0.009114889930572318,0.8644945163663555,-0.004197838041807248,0.12731531846576485,0.16888614310163008,0.12227733902763302,0.41847880059502796
2021ABI,output_2021_05_20_ABI_S4,output_2021_05_20_ABI_S4__bot2p2_Zoom_Meeting_2021_05_20_12_37_07,3,2021ABI/output_2021_05_20_ABI_S4/bot2p2_Zoom_Meeting_2021_05_20_12_37_07_chunk3.json,10.0,0.35,lsa,45.0,4.0,0.6197271653285649,0.061972716532856485,0.15493179133214122,0.0619727165328565,0.061972716532856485,0.9690787908441393,0.12394543306571297,0.5005312028160366,0.5625231607316292,0.5661586739946272,1.629213037542293
2021ABI,output_2021_05_20_ABI_S4,output_2021_05_20_ABI_S4__bot2p2_Zoom_Meeting_2021_05_20_12_37_07,4,2021ABI/output_2021_05_20_ABI_S4/bot2p2_Zoom_Meeting_2021_05_20_12_37_07_chunk4.json,17.0,0.35,lsa,136.0,3.0,0.6398516750451735,0.03763833382618668,0.21328389168172449,0.03763833382618668,0.03763833382618668,0.3311484590914573,0.10699144470171912,0.5740843011218044,0.33663310074727537,0.34718872690526814,1.2579061287743478
2021ABI,output_2021_05_20_ABI_S4,output_2021_05_20_ABI_S4__bot2p2_Zoom_Meeting_2021_05_20_12_37_07,5,2021ABI/output_2021_05_20_ABI_S4/bot2p2_Zoom_Meeting_2021_05_20_12_37_07_chunk5.json,21.0,0.35,lsa,210.0,3.0,0.1893063435684677,0.009014587788974652,0.06310211452282256,0.009014587788974652,0.009014587788974652,0.9172825575570605,0.03155105726141128,0.23523098672952272,0.1022458617310623,0.1430045794629476,0.4804814279235326
2021ABI,output_2021_05_20_ABI_S4,output_2021_05_20_ABI_S4__bot2p2_Zoom_Meeting_2021_05_20_12_37_07,6,2021ABI/output_2021_05_20_ABI_S4/bot2p2_Zoom_Meeting_2021_05_20_12_37_07_chunk6.json,39.0,0.35,lsa,741.0,7.0,2.5517312578770666,0.06542900661223247,0.36453303683958094,0.06542900661223247,0.06542900661223248,0.9260854266456174,0.04927724384760229,1.1720607248032116,0.871792246535613,0.5359640128818483,2.579816984220673
2021ABI,output_2021_05_20_ABI_S4,output_2021_05_20_ABI_S4__bot2p2_Zoom_Meeting_2021_05_20_12_37_07,7,2021ABI/output_2021_05_20_ABI_S4/bot2p2_Zoom_Meeting_2021_05_20_12_37_07_chunk7.json,28.0,0.35,lsa,378.0,2.0,0.4004409927485755,0.014301464026734838,0.20022049637428774,0.014301464026734838,0.014301464026734838,1.0,0.0,0.18570182514306968,0.2221150094444475,0.11937814518471378,0.527194979772231
2021ABI,output_2021_05_20_ABI_S5,output_2021_05_20_ABI_S5__bot3p2_Zoom_Meeting_2021_05_20_12_40_54,1,2021ABI/output_2021_05_20_ABI_S5/bot3p2_Zoom_Meeting_2021_05_20_12_40_54_chunk1.json,24.0,0.35,lsa,276.0,4.0,0.32540729217082154,0.01355863717378423,0.08135182304270538,0.013558637173784234,0.01355863717378423,0.6841318945220793,-0.00789276512853471,0.16045561831032895,0.39329591729526675,0.16693196512365088,0.7206835007292467
2021ABI,output_2021_05_20_ABI_S5,output_2021_05_20_ABI_S5__bot3p2_Zoom_Meeting_2021_05_20_12_40_54,2,2021ABI/output_2021_05_20_ABI_S5/bot3p2_Zoom_Meeting_2021_05_20_12_40_54_chunk2.json,6.0,0.35,lsa,15.0,3.0,0.2799129312786963,0.04665215521311605,0.0933043104262321,0.04665215521311605,0.046652155213116046,1.0,0.1271401948826002,0.39961212519969774,0.38895495454331364,0.9496254434411637,1.738192523184175
2021ABI,output_2021_05_20_ABI_S5,output_2021_05_20_ABI_S5__bot3p2_Zoom_Meeting_2021_05_20_12_40_54,3,2021ABI/output_2021_05_20_ABI_S5/bot3p2_Zoom_Meeting_2021_05_20_12_40_54_chunk3.json,22.0,0.35,lsa,231.0,1.0,0.5865108224661771,0.026659582839371688,0.5865108224661771,0.026659582839371688,0.026659582839371688,1.0,0.0,0.21648287139451794,0.4153852372413586,0.19873125651117107,0.8305993651470477
2021ABI,output_2021_05_20_ABI_S5,output_2021_05_20_ABI_S5__bot3p2_Zoom_Meeting_2021_05_20_12_40_54,4,2021ABI/output_2021_05_20_ABI_S5/bot3p2_Zoom_Meeting_2021_05_20_12_40_54_chunk4.json,13.0,0.35,lsa,78.0,1.0,0.4970202222103793,0.03823232478541379,0.4970202222103793,0.03823232478541379,0.03823232478541379,1.0,0.07100288888719704,0.5414694535451271,0.3081886158457448,0.24875790936087402,1.098415978751746
2021ABI,output_2021_05_20_ABI_S5,output_2021_05_20_ABI_S5__bot3p2_Zoom_Meeting_2021_05_20_12_40_54,5,2021ABI/output_2021_05_20_ABI_S5/bot3p2_Zoom_Meeting_2021_05_20_12_40_54_chunk5.json,31.0,0.35,lsa,465.0,4.0,0.654775311938815,0.021121784256090806,0.16369382798470375,0.021121784256090806,0.021121784256090806,0.15645689405141333,0.03268972122201761,0.27092973768494977,0.3099713959400829,0.21818491922004107,0.7990860528450738
2021ABI,output_2021_05_20_ABI_S5,output_2021_05_20_ABI_S5__bot3p2_Zoom_Meeting_2021_05_20_12_40_54,6,2021ABI/output_2021_05_20_ABI_S5/bot3p2_Zoom_Meeting_2021_05_20_12_40_54_chunk6.json,27.0,0.35,lsa,351.0,1.0,0.012661540915739173,0.0004689459598421916,0.012661540915739173,0.0004689459598421916,0.0004689459598421916,0.0,0.0,0.01195492074150578,0.008813194917520745,0.006505225449878989,0.027273341108905513
2021ABI,output_2021_05_20_ABI_S5,output_2021_05_20_ABI_S5__bot3p2_Zoom_Meeting_2021_05_20_12_40_54,7,2021ABI/output_2021_05_20_ABI_S5/bot3p2_Zoom_Meeting_2021_05_20_12_40_54_chunk7.json,22.0,0.35,lsa,231.0,1.0,0.0032964487344917695,0.00014983857884053498,0.0032964487344917695,0.00014983857884053498,0.00014983857884053498,1.0,0.00036627208161019663,0.007917423158813924,0.00267107161834137,0.0022101544213688614,0.012798649198524154
2021ABI,output_2021_05_20_ABI_S6,output_2021_05_20_ABI_S6__bot4_Breakout_Room_4_2021_05_20_12_33_49,1,2021ABI/output_2021_05_20_ABI_S6/bot4_Breakout_Room_4_2021_05_20_12_33_49_chunk1.json,34.0,0.35,lsa,561.0,2.0,0.4918513025267151,0.014466214780197504,0.24592565126335755,0.014466214780197504,0.014466214780197504,1.0,-0.005358829792729482,0.20975043998921616,0.37244663103663483,0.12681727212456492,0.709014343150416
2021ABI,output_2021_05_20_ABI_S6,output_2021_05_20_ABI_S6__bot4_Breakout_Room_4_2021_05_20_12_33_49,2,2021ABI/output_2021_05_20_ABI_S6/bot4_Breakout_Room_4_2021_05_20_12_33_49_chunk2.json,18.0,0.35,lsa,153.0,2.0,0.09806097470942665,0.005447831928301481,0.049030487354713326,0.005447831928301481,0.005447831928301481,1.0,-0.0026474519004374046,0.12206208220948674,0.1166097304724179,0.060404436498409486,0.2990762491803141
2021ABI,output_2021_05_20_ABI_S6,output_2021_05_20_ABI_S6__bot4_Breakout_Room_4_2021_05_20_12_33_49,3,2021ABI/output_2021_05_20_ABI_S6/bot4_Breakout_Room_4_2021_05_20_12_33_49_chunk3.json,18.0,0.35,lsa,153.0,2.0,0.373002606605218,0.02072236703362322,0.186501303302609,0.02072236703362322,0.02072236703362322,1.0,0.05328608665788829,0.5007856245707247,0.15965650777039542,0.19871769966924088,0.8591598320103611
2021ABI,output_2021_05_20_ABI_S6,output_2021_05_20_ABI_S6__bot4_Breakout_Room_4_2021_05_20_12_33_49,4,2021ABI/output_2021_05_20_ABI_S6/bot4_Breakout_Room_4_2021_05_20_12_33_49_chunk4.json,7.0,0.35,lsa,21.0,2.0,0.7963820393896439,0.11376886276994913,0.39819101969482196,0.11376886276994913,0.11376886276994913,1.0,0.18500894117375713,1.2806806789488565,0.8235845349434086,0.7505591901913471,2.854824404083612
2021ABI,output_2021_05_20_ABI_S6,output_2021_05_20_ABI_S6__bot4_Breakout_Room_4_2021_05_20_12_33_49,5,2021ABI/output_2021_05_20_ABI_S6/bot4_Breakout_Room_4_2021_05_20_12_33_49_chunk5.json,10.0,0.35,lsa,45.0,2.0,0.5909883153495035,0.059098831534950345,0.29549415767475173,0.059098831534950345,0.059098831534950345,0.37777170486923706,-0.05581466586184505,0.4366452199857274,1.145092411359706,0.5001749963050136,2.081912627650447
2021ABI,output_2021_05_20_ABI_S6,output_2021_05_20_ABI_S6__bot4_Breakout_Room_4_2021_05_20_12_33_49,6,2021ABI/output_2021_05_20_ABI_S6/bot4_Breakout_Room_4_2021_05_20_12_33_49_chunk6.json,17.0,0.35,lsa,136.0,1.0,0.017739721491968855,0.0010435130289393444,0.017739721491968855,0.0010435130289393444,0.0010435130289393444,1.0,0.0,0.014021993322818699,0.02055456214782316,0.01876900773207253,0.053345563202714386
2021ABI,output_2021_05_20_ABI_S6,output_2021_05_20_ABI_S6__bot4_Breakout_Room_4_2021_05_20_12_33_49,7,2021ABI/output_2021_05_20_ABI_S6/bot4_Breakout_Room_4_2021_05_20_12_33_49_chunk7.json,17.0,0.35,lsa,136.0,4.0,1.181435311950541,0.06949619482062006,0.29535882798763524,0.06949619482062006,0.06949619482062006,1.0,0.0,0.5304769571236752,0.8163229146137887,0.634639859349818,1.9814397310872818
2021ABI,output_2021_05_20_ABI_S6,output_2021_05_20_ABI_S6__bot4_Breakout_Room_4_2021_05_20_12_33_49,8,2021ABI/output_2021_05_20_ABI_S6/bot4_Breakout_Room_4_2021_05_20_12_33_49_chunk8.json,14.0,0.35,lsa,91.0,3.0,0.794946167536085,0.05678186910972036,0.26498205584536166,0.05678186910972037,0.05678186910972036,0.43409540907032007,-0.13249102792268083,0.4875547146362907,0.7896419219299365,0.4071629464248895,1.6843595829911169
2021ABI,output_2021_05_20_ABI_S7,output_2021_05_20_ABI_S7__botB1_2021_05_20_12_34_57,1,2021ABI/output_2021_05_20_ABI_S7/botB1_2021_05_20_12_34_57_chunk1.json,21.0,0.35,lsa,210.0,4.0,0.32225355782297016,0.01534540751537953,0.08056338945574254,0.01534540751537953,0.01534540751537953,0.9999999999999998,-0.013523051981254936,0.18765619262246547,0.2373833604321426,0.18940797752041946,0.6144475305750275
2021ABI,output_2021_05_20_ABI_S7,output_2021_05_20_ABI_S7__botB1_2021_05_20_12_34_57,2,2021ABI/output_2021_05_20_ABI_S7/botB1_2021_05_20_12_34_57_chunk2.json,10.0,0.35,lsa,45.0,2.0,0.461608852923031,0.0461608852923031,0.2308044264615155,0.0461608852923031,0.0461608852923031,1.0,0.20810338893120656,0.42015162109994453,0.36141977394884683,0.7127873814086865,1.494358776457478
2021ABI,output_2021_05_20_ABI_S7,output_2021_05_20_ABI_S7__botB1_2021_05_20_12_34_57,3,2021ABI/output_2021_05_20_ABI_S7/botB1_2021_05_20_12_34_57_chunk3.json,7.0,0.35,lsa,21.0,4.0,0.446512841260423,0.063787548751489,0.11162821031510575,0.06378754875148902,0.06378754875148902,1.0000000000000002,0.037616957253836,0.6996624038968974,0.55845536980884,0.6605221594462093,1.9186399331519466
2021ABI,output_2021_05_20_ABI_S7,output_2021_05_20_ABI_S7__botB1_2021_05_20_12_34_57,4,2021ABI/output_2021_05_20_ABI_S7/botB1_2021_05_20_12_34_57_chunk4.json,17.0,0.35,lsa,136.0,2.0,0.3195211018255705,0.018795358930915912,0.15976055091278524,0.018795358930915912,0.018795358930915912,1.0,-0.020033643221724594,0.14868651445128347,0.5427685170464253,0.2156881082074536,0.9071431397051624
2021ABI,output_2021_05_20_ABI_S7,output_2021_05_20_ABI_S7__botB1_2021_05_20_12_34_57,5,2021ABI/output_2021_05_20_ABI_S7/botB1_2021_05_20_12_34_57_chunk5.json,8.0,0.35,lsa,28.0,3.0,0.9152253043472474,0.11440316304340592,0.30507510144908245,0.11440316304340592,0.11440316304340592,1.0,0.19454557566261002,0.8679892389719711,1.0945475123177184,0.7262466789954365,2.688783430285126
2021ABI,output_2021_05_20_ABI_S7,output_2021_05_20_ABI_S7__botB1_2021_05_20_12_34_57,6,2021ABI/output_2021_05_20_ABI_S7/botB1_2021_05_20_12_34_57_chunk6.json,14.0,0.35,lsa,91.0,1.0,0.40555172748163104,0.028967980534402218,0.40555172748163104,0.028967980534402218,0.028967980534402218,1.0,0.0,0.2893375924058083,0.319196372536233,0.21308504549922375,0.8216190104412651
2021ABI,output_2021_05_20_ABI_S7,output_2021_05_20_ABI_S7__botB1_2021_05_20_12_34_57,7,2021ABI/output_2021_05_20_ABI_S7/botB1_2021_05_20_12_34_57_chunk7.json,12.0,0.35,lsa,66.0,2.0,0.7030692175376987,0.05858910146147489,0.35153460876884934,0.05858910146147489,0.05858910146147489,1.0,-0.07596440780498243,0.34279532382336075,1.0983105057276534,0.662743464622194,2.1038492941732083
2021ABI,output_2021_05_20_ABI_S7,output_2021_05_20_ABI_S7__botB1_2021_05_20_12_34_57,8,2021ABI/output_2021_05_20_ABI_S7/botB1_2021_05_20_12_34_57_chunk8.json,6.0,0.35,lsa,15.0,2.0,0.723618177605494,0.12060302960091566,0.361809088802747,0.12060302960091566,0.12060302960091566,1.0,0.12332359707654561,0.5964771430596452,1.1178147759216144,1.1220090618820993,2.836300980863359
2021ABI,output_2021_05_20_ABI_S8,output_2021_05_20_ABI_S8__botB2_2021_05_20_12_34_37,1,2021ABI/output_2021_05_20_ABI_S8/botB2_2021_05_20_12_34_37_chunk1.json,40.0,0.35,lsa,780.0,20.0,5.123494697360247,0.12808736743400617,0.25617473486801234,0.12808736743400617,0.12808736743400617,0.5239888133179375,0.18821233194210804,1.9983371825293332,1.7690775321007333,1.0930875427039761,4.860502257334042
2021ABI,output_2021_05_20_ABI_S8,output_2021_05_20_ABI_S8__botB2_2021_05_20_12_34_37,2,2021ABI/output_2021_05_20_ABI_S8/botB2_2021_05_20_12_34_37_chunk2.json,15.0,0.35,lsa,105.0,1.0,0.9228829978109346,0.06152553318739564,0.9228829978109346,0.06152553318739564,0.06152553318739564,0.0,0.0,0.5158756922693644,0.5158756922693644,0.3696110330281703,1.401362417566899
2021ABI,output_2021_05_20_ABI_S8,output_2021_05_20_ABI_S8__botB2_2021_05_20_12_34_37,3,2021ABI/output_2021_05_20_ABI_S8/botB2_2021_05_20_12_34_37_chunk3.json,11.0,0.35,lsa,55.0,2.0,0.791587352480822,0.07196248658916564,0.395793676240411,0.07196248658916564,0.07196248658916564,1.0,0.11308390749726029,0.892164949596683,0.3992079830415948,0.5192270383345522,1.81059997097283
2021ABI,output_2021_05_20_ABI_S8,output_2021_05_20_ABI_S8__botB2_2021_05_20_12_34_37,4,2021ABI/output_2021_05_20_ABI_S8/botB2_2021_05_20_12_34_37_chunk4.json,17.0,0.35,lsa,136.0,2.0,0.6075077440394059,0.03573574964937681,0.30375387201970294,0.03573574964937681,0.03573574964937681,0.06734011844871288,0.013636547814041312,0.30820298486704617,0.4343019663859877,0.27826873051909884,1.0207736817721327
2021ABI,output_2021_05_20_ABI_S8,output_2021_05_20_ABI_S8__botB2_2021_05_20_12_34_37,5,2021ABI/output_2021_05_20_ABI_S8/botB2_2021_05_20_12_34_37_chunk5.json,10.0,0.35,lsa,45.0,2.0,0.7211547221438954,0.07211547221438955,0.3605773610719477,0.07211547221438955,0.07211547221438955,0.37144793523549496,-0.08929047750855901,0.5576106366932334,1.077985954100205,0.5072472012818613,2.1428437920752996
2021ABI,output_2021_05_20_ABI_S8,output_2021_05_20_ABI_S8__botB2_2021_05_20_12_34_37,6,2021ABI/output_2021_05_20_ABI_S8/botB2_2021_05_20_12_34_37_chunk6.json,42.0,0.35,lsa,861.0,6.0,0.7278643699779513,0.01733010404709408,0.12131072832965856,0.01733010404709408,0.01733010404709408,0.8691654539801702,-0.0074458637493701315,0.19884383466854416,0.31148692770161396,0.21731793474129027,0.7276486971114483
2021ABI,output_2021_05_20_ABI_S8,output_2021_05_20_ABI_S8__botB2_2021_05_20_12_34_37,7,2021ABI/output_2021_05_20_ABI_S8/botB2_2021_05_20_12_34_37_chunk7.json,49.0,0.35,lsa,1176.0,11.0,1.5338455633175656,0.03130297067995032,0.13944050575614234,0.03130297067995032,0.03130297067995032,0.6368413340763602,-0.030172952700912345,0.32087557279609985,0.7408942921343389,0.45176639937058266,1.5135362643010215
2021ABI,output_2021_05_20_ABI_S8,output_2021_05_20_ABI_S8__botB2_2021_05_20_12_34_37,8,2021ABI/output_2021_05_20_ABI_S8/botB2_2021_05_20_12_34_37_chunk8.json,18.0,0.35,lsa,153.0,3.0,1.253700984373582,0.06965005468742122,0.4179003281245273,0.06965005468742122,0.06965005468742122,0.26812977443507513,-0.059762167368607,0.45011394261296345,1.0667363291161425,0.6477134387325804,2.164563710461686
2021ABI,output_2021_05_21_ABI_S1,output_2021_05_21_ABI_S1__Bot_4_Breakout_Session_2_2021_05_21_10_58_43,1,2021ABI/output_2021_05_21_ABI_S1/Bot_4_Breakout_Session_2_2021_05_21_10_58_43_chunk1.json,22.0,0.35,lsa,231.0,3.0,0.1259732500656538,0.0057260568211660815,0.04199108335521793,0.0057260568211660815,0.0057260568211660815,1.0,0.011021810289359633,0.1352197495976415,0.08801599543869054,0.06837893562544281,0.29161468066177487
2021ABI,output_2021_05_21_ABI_S1,output_2021_05_21_ABI_S1__Bot_4_Breakout_Session_2_2021_05_21_10_58_43,2,2021ABI/output_2021_05_21_ABI_S1/Bot_4_Breakout_Session_2_2021_05_21_10_58_43_chunk2.json,25.0,0.35,lsa,300.0,0.0,0.0,0.0,0.0,0.0,0.0,0.0,0.0,0.0,0.0,0.0,0.0
2021ABI,output_2021_05_21_ABI_S1,output_2021_05_21_ABI_S1__Bot_4_Breakout_Session_2_2021_05_21_10_58_43,3,2021ABI/output_2021_05_21_ABI_S1/Bot_4_Breakout_Session_2_2021_05_21_10_58_43_chunk3.json,18.0,0.35,lsa,153.0,6.0,1.0432006011635022,0.0579555889535279,0.1738667668605837,0.0579555889535279,0.0579555889535279,0.450555831760974,-0.04089353272643362,0.4950668748352045,1.0331916361560427,0.6009138147822329,2.1291723257734803
2021ABI,output_2021_05_21_ABI_S1,output_2021_05_21_ABI_S1__Bot_4_Breakout_Session_2_2021_05_21_10_58_43,4,2021ABI/output_2021_05_21_ABI_S1/Bot_4_Breakout_Session_2_2021_05_21_10_58_43_chunk4.json,21.0,0.35,lsa,210.0,1.0,0.23463392647239006,0.01117304411773286,0.23463392647239006,0.01117304411773286,0.01117304411773286,1.0,0.0,0.0920661724990188,0.12283771255912646,0.21174413699284442,0.4266480220509897
2021ABI,output_2021_05_21_ABI_S1,output_2021_05_21_ABI_S1__Bot_4_Breakout_Session_2_2021_05_21_10_58_43,5,2021ABI/output_2021_05_21_ABI_S1/Bot_4_Breakout_Session_2_2021_05_21_10_58_43_chunk5.json,18.0,0.35,lsa,153.0,1.0,0.9092565747732261,0.050514254154068114,0.9092565747732261,0.050514254154068114,0.050514254154068114,0.0,0.0,0.41148212667760786,0.5108491881283774,0.314724569032621,1.2370558838386063
2021ABI,output_2021_05_21_ABI_S1,output_2021_05_21_ABI_S1__Bot_4_Breakout_Session_2_2021_05_21_10_58_43,6,2021ABI/output_2021_05_21_ABI_S1/Bot_4_Breakout_Session_2_2021_05_21_10_58_43_chunk6.json,15.0,0.35,lsa,105.0,5.0,0.5024035065821799,0.03349356710547866,0.10048070131643598,0.033493567105478655,0.033493567105478655,0.7903810229509686,0.08776288509708492,0.5278357602276966,0.33256726897406685,0.49392900882020263,1.3543320380219661
2021ABI,output_2021_05_21_ABI_S1,output_2021_05_21_ABI_S1__Bot_4_Breakout_Session_2_2021_05_21_10_58_43,7,2021ABI/output_2021_05_21_ABI_S1/Bot_4_Breakout_Session_2_2021_05_21_10_58_43_chunk7.json,26.0,0.35,lsa,325.0,5.0,0.4149898864752438,0.01596114947981707,0.08299797729504876,0.01596114947981707,0.01596114947981707,0.0,0.032360628155080125,0.2793695077613292,0.21558434773755203,0.3175296943594315,0.8124835498583127
2021ABI,output_2021_05_21_ABI_S1,output_2021_05_21_ABI_S1__Bot_4_Breakout_Session_2_2021_05_21_10_58_43,8,2021ABI/output_2021_05_21_ABI_S1/Bot_4_Breakout_Session_2_2021_05_21_10_58_43_chunk8.json,28.0,0.35,lsa,378.0,8.0,1.0581269448910477,0.03779024803182313,0.13226586811138097,0.03779024803182313,0.03779024803182313,0.6850320966347558,0.030565354931836708,0.4362724216029652,0.650855539142144,0.48540587853848594,1.572533839283595
2021ABI,output_2021_05_21_ABI_S10,output_2021_05_21_ABI_S10__bot2p2_Zoom_Meeting_Room_2_2021_05_21_13_10_25,1,2021ABI/output_2021_05_21_ABI_S10/bot2p2_Zoom_Meeting_Room_2_2021_05_21_13_10_25_chunk1.json,13.0,0.35,lsa,78.0,3.0,0.9561152667973847,0.07354732821518344,0.3187050889324616,0.07354732821518344,0.07354732821518344,1.0,0.07786709169651942,0.9164065804732041,0.6639984365648545,0.5118997203568307,2.0923047373948895
2021ABI,output_2021_05_21_ABI_S10,output_2021_05_21_ABI_S10__bot2p2_Zoom_Meeting_Room_2_2021_05_21_13_10_25,2,2021ABI/output_2021_05_21_ABI_S10/bot2p2_Zoom_Meeting_Room_2_2021_05_21_13_10_25_chunk2.json,15.0,0.35,lsa,105.0,2.0,0.1725198756339465,0.011501325042263099,0.08625993781697325,0.011501325042263099,0.011501325042263099,1.0,-0.01725198756339465,0.11646533269560125,0.2438965703243415,0.116473936172415,0.4768358391923577
2021ABI,output_2021_05_21_ABI_S10,output_2021_05_21_ABI_S10__bot2p2_Zoom_Meeting_Room_2_2021_05_21_13_10_25,3,2021ABI/output_2021_05_21_ABI_S10/bot2p2_Zoom_Meeting_Room_2_2021_05_21_13_10_25_chunk3.json,20.0,0.35,lsa,190.0,3.0,0.09888710849385157,0.004944355424692579,0.032962369497950526,0.004944355424692579,0.004944355424692579,0.4999670839334723,0.007202940242635486,0.08745601215491842,0.07473971995440634,0.06252298947601878,0.22471872158534353
2021ABI,output_2021_05_21_ABI_S10,output_2021_05_21_ABI_S10__bot2p2_Zoom_Meeting_Room_2_2021_05_21_13_10_25,4,2021ABI/output_2021_05_21_ABI_S10/bot2p2_Zoom_Meeting_Room_2_2021_05_21_13_10_25_chunk4.json,15.0,0.35,lsa,105.0,3.0,0.3170952669951923,0.021139684466346155,0.10569842233173077,0.021139684466346155,0.021139684466346155,0.537175103283178,-0.012150761280245878,0.17695269933144475,0.5638150220912304,0.4159309130138136,1.1566986344364887
2021ABI,output_2021_05_21_ABI_S10,output_2021_05_21_ABI_S10__bot2p2_Zoom_Meeting_Room_2_2021_05_21_13_10_25,5,2021ABI/output_2021_05_21_ABI_S10/bot2p2_Zoom_Meeting_Room_2_2021_05_21_13_10_25_chunk5.json,10.0,0.35,lsa,45.0,2.0,0.8709887157130872,0.08709887157130872,0.4354943578565436,0.08709887157130872,0.08709887157130872,0.2599096574011796,0.2903295719043624,0.7560325309246398,0.6291781485622827,0.6101998093255225,1.995410488812445
2021ABI,output_2021_05_21_ABI_S10,output_2021_05_21_ABI_S10__bot2p2_Zoom_Meeting_Room_2_2021_05_21_13_10_25,6,2021ABI/output_2021_05_21_ABI_S10/bot2p2_Zoom_Meeting_Room_2_2021_05_21_13_10_25_chunk6.json,26.0,0.35,lsa,325.0,5.0,0.794703351827981,0.030565513531845424,0.1589406703655962,0.030565513531845424,0.030565513531845428,0.33852229807940665,-0.05122171678013883,0.359658785287615,0.4664924850727494,0.26521777841408256,1.091369048774447
2021ABI,output_2021_05_21_ABI_S10,output_2021_05_21_ABI_S10__bot2p2_Zoom_Meeting_Room_2_2021_05_21_13_10_25,7,2021ABI/output_2021_05_21_ABI_S10/bot2p2_Zoom_Meeting_Room_2_2021_05_21_13_10_25_chunk7.json,24.0,0.35,lsa,276.0,9.0,3.567268029169518,0.14863616788206324,0.39636311435216864,0.14863616788206327,0.14863616788206324,0.6633014974907845,0.28478812475727167,1.4141996790609095,1.1377722599032971,1.7278375490566205,4.2798094880208275
2021ABI,output_2021_05_21_ABI_S11,output_2021_05_21_ABI_S11__bot3p2_Room_3_Zoom_Meeting_2021_05_21_13_10_16,1,2021ABI/output_2021_05_21_ABI_S11/bot3p2_Room_3_Zoom_Meeting_2021_05_21_13_10_16_chunk1.json,19.0,0.35,lsa,171.0,4.0,0.26127411568137093,0.013751269246387943,0.06531852892034273,0.013751269246387943,0.013751269246387943,0.7883737928312596,-0.002120746303436361,0.14004606122991287,0.2551375442095623,0.20092502131388543,0.5961086267533606
2021ABI,output_2021_05_21_ABI_S11,output_2021_05_21_ABI_S11__bot3p2_Room_3_Zoom_Meeting_2021_05_21_13_10_16,2,2021ABI/output_2021_05_21_ABI_S11/bot3p2_Room_3_Zoom_Meeting_2021_05_21_13_10_16_chunk2.json,19.0,0.35,lsa,171.0,1.0,0.04723764820421378,0.0024861920107480937,0.04723764820421378,0.0024861920107480937,0.0024861920107480937,1.0,0.005904706025526722,0.06633647890709456,0.032565406444546266,0.027598097676426313,0.12649998302806714
2021ABI,output_2021_05_21_ABI_S11,output_2021_05_21_ABI_S11__bot3p2_Room_3_Zoom_Meeting_2021_05_21_13_10_16,3,2021ABI/output_2021_05_21_ABI_S11/bot3p2_Room_3_Zoom_Meeting_2021_05_21_13_10_16_chunk3.json,16.0,0.35,lsa,120.0,1.0,0.053724599610357214,0.003357787475647326,0.053724599610357214,0.003357787475647326,0.003357787475647326,1.0,0.0,0.036323783667415156,0.0526893791105402,0.05813077739075033,0.1471439401687057
2021ABI,output_2021_05_21_ABI_S11,output_2021_05_21_ABI_S11__bot3p2_Room_3_Zoom_Meeting_2021_05_21_13_10_16,4,2021ABI/output_2021_05_21_ABI_S11/bot3p2_Room_3_Zoom_Meeting_2021_05_21_13_10_16_chunk4.json,15.0,0.35,lsa,105.0,1.0,0.1872561926973385,0.012483746179822567,0.1872561926973385,0.012483746179822567,0.012483746179822567,1.0,0.0,0.16016471115936864,0.12438392734830506,0.1342242091959316,0.4187728477036053
2021ABI,output_2021_05_21_ABI_S11,output_2021_05_21_ABI_S11__bot3p2_Room_3_Zoom_Meeting_2021_05_21_13_10_16,5,2021ABI/output_2021_05_21_ABI_S11/bot3p2_Room_3_Zoom_Meeting_2021_05_21_13_10_16_chunk5.json,25.0,0.35,lsa,300.0,2.0,0.11641305642799757,0.004656522257119902,0.058206528213998784,0.004656522257119902,0.004656522257119902,0.8901656701024128,0.011641305642799757,0.060910566840492356,0.058822637009897656,0.08049497152752447,0.20022817537791449
2021ABI,output_2021_05_21_ABI_S11,output_2021_05_21_ABI_S11__bot3p2_Room_3_Zoom_Meeting_2021_05_21_13_10_16,6,2021ABI/output_2021_05_21_ABI_S11/bot3p2_Room_3_Zoom_Meeting_2021_05_21_13_10_16_chunk6.json,49.0,0.35,lsa,1176.0,20.0,2.5779900515541323,0.05261204186845168,0.1288995025777066,0.05261204186845168,0.05261204186845168,0.6002296647508201,-0.032293429587427425,0.664392062396444,1.2912801441756854,0.6134119681697114,2.5690841747418407
2021ABI,output_2021_05_21_ABI_S11,output_2021_05_21_ABI_S11__bot3p2_Room_3_Zoom_Meeting_2021_05_21_13_10_16,7,2021ABI/output_2021_05_21_ABI_S11/bot3p2_Room_3_Zoom_Meeting_2021_05_21_13_10_16_chunk7.json,6.0,0.35,lsa,15.0,2.0,0.7326766804829978,0.12211278008049964,0.3663383402414989,0.12211278008049964,0.12211278008049964,1.0,0.6493080287826976,0.86773936037381,0.7822531832233932,0.8885107909840628,2.538503334581266
2021ABI,output_2021_05_21_ABI_S12,output_2021_05_21_ABI_S12__bot5p4_Zoom_Meeting_5_21_2021_1_12_46_PM,1,2021ABI/output_2021_05_21_ABI_S12/bot5p4_Zoom_Meeting_5_21_2021_1_12_46_PM_chunk1.json,12.0,0.35,lsa,66.0,3.0,0.6730723244501844,0.0560893603708487,0.2243574414833948,0.0560893603708487,0.0560893603708487,1.0,-0.08482072530985384,0.48765675556249566,0.8485006882069367,0.4082717797022385,1.7444292234716707
2021ABI,output_2021_05_21_ABI_S12,output_2021_05_21_ABI_S12__bot5p4_Zoom_Meeting_5_21_2021_1_12_46_PM,2,2021ABI/output_2021_05_21_ABI_S12/bot5p4_Zoom_Meeting_5_21_2021_1_12_46_PM_chunk2.json,18.0,0.35,lsa,153.0,2.0,0.15771199263737318,0.008761777368742955,0.07885599631868659,0.008761777368742955,0.008761777368742955,1.0,0.019713999079671647,0.1414438969856619,0.10205541742882164,0.11207637222107109,0.3555756866355546
2021ABI,output_2021_05_21_ABI_S12,output_2021_05_21_ABI_S12__bot5p4_Zoom_Meeting_5_21_2021_1_12_46_PM,3,2021ABI/output_2021_05_21_ABI_S12/bot5p4_Zoom_Meeting_5_21_2021_1_12_46_PM_chunk3.json,28.0,0.35,lsa,378.0,1.0,0.031302885577513685,0.0011179601991969173,0.031302885577513685,0.0011179601991969173,0.0011179601991969173,0.0,-0.0022359203983938346,0.016842602210192126,0.026146608399590425,0.014920364353599613,0.057909574963382164
2021ABI,output_2021_05_21_ABI_S12,output_2021_05_21_ABI_S12__bot5p4_Zoom_Meeting_5_21_2021_1_12_46_PM,4,2021ABI/output_2021_05_21_ABI_S12/bot5p4_Zoom_Meeting_5_21_2021_1_12_46_PM_chunk4.json,21.0,0.35,lsa,210.0,0.0,0.0,0.0,0.0,0.0,0.0,0.0,0.0,0.0,0.0,0.0,0.0
2021ABI,output_2021_05_21_ABI_S12,output_2021_05_21_ABI_S12__bot5p4_Zoom_Meeting_5_21_2021_1_12_46_PM,5,2021ABI/output_2021_05_21_ABI_S12/bot5p4_Zoom_Meeting_5_21_2021_1_12_46_PM_chunk5.json,39.0,0.35,lsa,741.0,9.0,2.011616346797797,0.05157990632814865,0.22351292742197748,0.051579906328148635,0.05157990632814865,0.8763894602033633,0.048389196462624906,0.6458707125204461,0.8923655367753585,0.5653885910929142,2.1036248403887186
2021ABI,output_2021_05_21_ABI_S12,output_2021_05_21_ABI_S12__bot5p4_Zoom_Meeting_5_21_2021_1_12_46_PM,6,2021ABI/output_2021_05_21_ABI_S12/bot5p4_Zoom_Meeting_5_21_2021_1_12_46_PM_chunk6.json,37.0,0.35,lsa,666.0,8.0,0.9816200536467516,0.026530271720182477,0.12270250670584396,0.02653027172018248,0.026530271720182477,1.0000000000000002,0.0011657627422967077,0.2718391893565245,0.43325454300790867,0.27282298117128656,0.9779167135357197
2021ABI,output_2021_05_21_ABI_S12,output_2021_05_21_ABI_S12__bot5p4_Zoom_Meeting_5_21_2021_1_12_46_PM,7,2021ABI/output_2021_05_21_ABI_S12/bot5p4_Zoom_Meeting_5_21_2021_1_12_46_PM_chunk7.json,26.0,0.35,lsa,325.0,8.0,2.116406926822578,0.08140026641625299,0.2645508658528222,0.08140026641625299,0.08140026641625298,0.5974514913896701,0.07891433586986187,0.8111461300215993,1.3109530758022732,0.766817774599099,2.8889169804229713
2021ABI,output_2021_05_21_ABI_S13,output_2021_05_21_ABI_S13__bot6p3_Zoom_Meeting_Room_6_2021_05_21_13_12_29,1,2021ABI/output_2021_05_21_ABI_S13/bot6p3_Zoom_Meeting_Room_6_2021_05_21_13_12_29_chunk1.json,35.0,0.35,lsa,595.0,8.0,1.6658440158512653,0.047595543310036154,0.20823050198140816,0.04759554331003616,0.04759554331003616,0.8427481795670007,0.022635167038603975,0.5750178301518654,0.8461250185625815,0.5397974475364222,1.960940296250869
2021ABI,output_2021_05_21_ABI_S13,output_2021_05_21_ABI_S13__bot6p3_Zoom_Meeting_Room_6_2021_05_21_13_12_29,2,2021ABI/output_2021_05_21_ABI_S13/bot6p3_Zoom_Meeting_Room_6_2021_05_21_13_12_29_chunk2.json,16.0,0.35,lsa,120.0,1.0,0.8039024609606819,0.050243903810042616,0.8039024609606819,0.050243903810042616,0.050243903810042616,1.0,-0.11484320870866883,0.37732137003445404,0.6361734744949258,0.30147006688280437,1.3149649114121842
2021ABI,output_2021_05_21_ABI_S13,output_2021_05_21_ABI_S13__bot6p3_Zoom_Meeting_Room_6_2021_05_21_13_12_29,3,2021ABI/output_2021_05_21_ABI_S13/bot6p3_Zoom_Meeting_Room_6_2021_05_21_13_12_29_chunk3.json,14.0,0.35,lsa,91.0,1.0,0.7451677089184325,0.05322626492274518,0.7451677089184325,0.05322626492274518,0.05322626492274518,0.0,-0.1490335417836865,0.31671554427196563,0.9526354041008261,0.3357147968693587,1.6050657452421504
2021ABI,output_2021_05_21_ABI_S13,output_2021_05_21_ABI_S13__bot6p3_Zoom_Meeting_Room_6_2021_05_21_13_12_29,4,2021ABI/output_2021_05_21_ABI_S13/bot6p3_Zoom_Meeting_Room_6_2021_05_21_13_12_29_chunk4.json,18.0,0.35,lsa,153.0,1.0,0.17620696618112275,0.009789275898951264,0.17620696618112275,0.009789275898951264,0.009789275898951264,1.0,-0.025172423740160394,0.09748763343013658,0.2200315760592927,0.08743586459383176,0.40495507408326104
2021ABI,output_2021_05_21_ABI_S13,output_2021_05_21_ABI_S13__bot6p3_Zoom_Meeting_Room_6_2021_05_21_13_12_29,5,2021ABI/output_2021_05_21_ABI_S13/bot6p3_Zoom_Meeting_Room_6_2021_05_21_13_12_29_chunk5.json,12.0,0.35,lsa,66.0,2.0,0.501951096689732,0.04182925805747767,0.250975548344866,0.04182925805747767,0.04182925805747767,1.0,-0.06084264448584456,0.3697640674500712,0.6911574224239195,0.3237602864690423,1.384681776343033
2021ABI,output_2021_05_21_ABI_S13,output_2021_05_21_ABI_S13__bot6p3_Zoom_Meeting_Room_6_2021_05_21_13_12_29,6,2021ABI/output_2021_05_21_ABI_S13/bot6p3_Zoom_Meeting_Room_6_2021_05_21_13_12_29_chunk6.json,19.0,0.35,lsa,171.0,3.0,0.2800517484607274,0.014739565708459336,0.09335058282024246,0.014739565708459336,0.014739565708459336,1.0,0.035006468557590924,0.2478126864539934,0.17780918165224885,0.18394556046688465,0.609567428573127
2021ABI,output_2021_05_21_ABI_S13,output_2021_05_21_ABI_S13__bot6p3_Zoom_Meeting_Room_6_2021_05_21_13_12_29,7,2021ABI/output_2021_05_21_ABI_S13/bot6p3_Zoom_Meeting_Room_6_2021_05_21_13_12_29_chunk7.json,18.0,0.35,lsa,153.0,8.0,1.500550078642136,0.08336389325789645,0.187568759830267,0.08336389325789645,0.08336389325789645,0.7727794004554643,0.13342313368874784,1.132333662295982,1.0758188802585298,0.6217142299787232,2.8298667725332347
2021ABI,output_2021_05_21_ABI_S14,output_2021_05_21_ABI_S14__botB1_2021_05_21_13_09_38,1,2021ABI/output_2021_05_21_ABI_S14/botB1_2021_05_21_13_09_38_chunk1.json,17.0,0.35,lsa,136.0,3.0,0.5521028665470542,0.032476639208650245,0.18403428884901807,0.032476639208650245,0.032476639208650245,1.0,-0.04658043979323876,0.42180705160111487,0.4432841062821521,0.2965113629613291,1.1616025208445961
2021ABI,output_2021_05_21_ABI_S14,output_2021_05_21_ABI_S14__botB1_2021_05_21_13_09_38,2,2021ABI/output_2021_05_21_ABI_S14/botB1_2021_05_21_13_09_38_chunk2.json,8.0,0.35,lsa,28.0,2.0,0.45235217660720045,0.056544022075900056,0.22617608830360023,0.056544022075900056,0.056544022075900056,1.0,0.12910333033631768,0.38573085577474797,0.5079776392504132,0.7918715993700254,1.6855800943951866
2021ABI,output_2021_05_21_ABI_S14,output_2021_05_21_ABI_S14__botB1_2021_05_21_13_09_38,3,2021ABI/output_2021_05_21_ABI_S14/botB1_2021_05_21_13_09_38_chunk3.json,8.0,0.35,lsa,28.0,2.0,0.7486955016229436,0.09358693770286795,0.3743477508114718,0.09358693770286795,0.09358693770286795,0.03666599666395519,0.24956516720764788,0.9288582089584945,0.5206869455101195,0.5206869455101195,1.9702320999787335
2021ABI,output_2021_05_21_ABI_S14,output_2021_05_21_ABI_S14__botB1_2021_05_21_13_09_38,4,2021ABI/output_2021_05_21_ABI_S14/botB1_2021_05_21_13_09_38_chunk4.json,13.0,0.35,lsa,78.0,1.0,0.6413206534944187,0.04933235796110913,0.6413206534944187,0.04933235796110913,0.04933235796110913,0.0,0.0,0.3706002665095915,0.44184502791071967,0.3706002665095915,1.1830455609299027
2021ABI,output_2021_05_21_ABI_S14,output_2021_05_21_ABI_S14__botB1_2021_05_21_13_09_38,5,2021ABI/output_2021_05_21_ABI_S14/botB1_2021_05_21_13_09_38_chunk5.json,11.0,0.35,lsa,55.0,3.0,0.599119364161455,0.05446539674195045,0.19970645472048498,0.05446539674195045,0.05446539674195045,0.8048007184423944,0.14977984104036374,0.8693209235377616,0.3270952403982092,0.8613422632026202,2.057758427138591
2021ABI,output_2021_05_21_ABI_S14,output_2021_05_21_ABI_S14__botB1_2021_05_21_13_09_38,6,2021ABI/output_2021_05_21_ABI_S14/botB1_2021_05_21_13_09_38_chunk6.json,14.0,0.35,lsa,91.0,1.0,0.0995336087226043,0.0071095434801860214,0.0995336087226043,0.0071095434801860214,0.0071095434801860214,1.0,0.0,0.08048378974815813,0.10761597286501158,0.08048378974815813,0.26858355236132786
2021ABI,output_2021_05_21_ABI_S14,output_2021_05_21_ABI_S14__botB1_2021_05_21_13_09_38,7,2021ABI/output_2021_05_21_ABI_S14/botB1_2021_05_21_13_09_38_chunk7.json,19.0,0.35,lsa,171.0,5.0,0.9992212019365185,0.052590589575606236,0.1998442403873037,0.052590589575606236,0.052590589575606236,0.6641287323129865,0.09083829108513805,0.6643255776531567,0.6131206658015883,0.5303782915074198,1.8078245349621649
2021ABI,output_2021_05_21_ABI_S15,output_2021_05_21_ABI_S15__botB3_2021_05_21_13_09_30,1,2021ABI/output_2021_05_21_ABI_S15/botB3_2021_05_21_13_09_30_chunk1.json,13.0,0.35,lsa,78.0,2.0,0.7866106296676201,0.060508509974432315,0.39330531483381004,0.060508509974432315,0.060508509974432315,0.6594572243271898,-0.03348432090009354,0.5243892092692488,0.6193868338578743,0.5243892092692488,1.668165252396372
2021ABI,output_2021_05_21_ABI_S15,output_2021_05_21_ABI_S15__botB3_2021_05_21_13_09_30,2,2021ABI/output_2021_05_21_ABI_S15/botB3_2021_05_21_13_09_30_chunk2.json,15.0,0.35,lsa,105.0,0.0,0.0,0.0,0.0,0.0,0.0,0.0,0.0,0.0,0.0,0.0,0.0
2021ABI,output_2021_05_21_ABI_S15,output_2021_05_21_ABI_S15__botB3_2021_05_21_13_09_30,3,2021ABI/output_2021_05_21_ABI_S15/botB3_2021_05_21_13_09_30_chunk3.json,15.0,0.35,lsa,105.0,3.0,0.0737827904303481,0.00491885269535654,0.024594263476782702,0.004918852695356541,0.004918852695356541,1.0000000000000002,-0.004255673082635879,0.0502643548875006,0.12170215231448345,0.09401568247462386,0.2659821896766079
2021ABI,output_2021_05_21_ABI_S15,output_2021_05_21_ABI_S15__botB3_2021_05_21_13_09_30,4,2021ABI/output_2021_05_21_ABI_S15/botB3_2021_05_21_13_09_30_chunk4.json,15.0,0.35,lsa,105.0,1.0,0.0398216202822194,0.0026547746854812936,0.0398216202822194,0.0026547746854812936,0.0026547746854812936,1.0,-0.004977702535277425,0.034571741985314985,0.08049735508749255,0.028154740223219805,0.14322383729602733
2021ABI,output_2021_05_21_ABI_S15,output_2021_05_21_ABI_S15__botB3_2021_05_21_13_09_30,5,2021ABI/output_2021_05_21_ABI_S15/botB3_2021_05_21_13_09_30_chunk5.json,26.0,0.35,lsa,325.0,2.0,0.1600813909857041,0.0061569765763732345,0.08004069549285205,0.0061569765763732345,0.0061569765763732345,1.0,0.001594326952864552,0.07357310508967327,0.11493006090431993,0.10331452151548888,0.29181768750948206
2021ABI,output_2021_05_21_ABI_S15,output_2021_05_21_ABI_S15__botB3_2021_05_21_13_09_30,6,2021ABI/output_2021_05_21_ABI_S15/botB3_2021_05_21_13_09_30_chunk6.json,43.0,0.35,lsa,903.0,21.0,3.4996645938770565,0.08138754869481526,0.1666506949465265,0.08138754869481525,0.08138754869481526,0.8149964180576829,0.015133229453666977,1.1055747296994702,1.3452536756616504,0.7935058399350544,3.244334245296175
2021ABI,output_2021_05_21_ABI_S15,output_2021_05_21_ABI_S15__botB3_2021_05_21_13_09_30,7,2021ABI/output_2021_05_21_ABI_S15/botB3_2021_05_21_13_09_30_chunk7.json,9.0,0.35,lsa,36.0,0.0,0.0,0.0,0.0,0.0,0.0,0.0,0.0,0.0,0.0,0.0,0.0
2021ABI,output_2021_05_21_ABI_S16,output_2021_05_21_ABI_S16__Breakout_Room_4_Session_3_2021_04_23_13_13_06,1,2021ABI/output_2021_05_21_ABI_S16/Breakout_Room_4_Session_3_2021_04_23_13_13_06_chunk1.json,24.0,0.35,lsa,276.0,9.0,1.4887784172247076,0.062032434051029484,0.1654198241360786,0.06203243405102948,0.06203243405102948,0.5673666585713613,0.07138985893959864,0.7766320183729922,0.9777576707623549,0.6999182490819486,2.454307938217296
2021ABI,output_2021_05_21_ABI_S16,output_2021_05_21_ABI_S16__Breakout_Room_4_Session_3_2021_04_23_13_13_06,2,2021ABI/output_2021_05_21_ABI_S16/Breakout_Room_4_Session_3_2021_04_23_13_13_06_chunk2.json,14.0,0.35,lsa,91.0,4.0,0.46628806644316223,0.033306290460225874,0.11657201661079056,0.033306290460225874,0.03330629046022588,1.0,-0.03031400185980196,0.36304385207156403,0.5905429211631533,0.3765648913544335,1.330151664589151
2021ABI,output_2021_05_21_ABI_S16,output_2021_05_21_ABI_S16__Breakout_Room_4_Session_3_2021_04_23_13_13_06,3,2021ABI/output_2021_05_21_ABI_S16/Breakout_Room_4_Session_3_2021_04_23_13_13_06_chunk3.json,24.0,0.35,lsa,276.0,5.0,0.7938740545294604,0.03307808560539418,0.15877481090589207,0.03307808560539418,0.033078085605394186,0.4125476210753276,0.043691590901398875,0.4324230054664861,0.5943012209235463,0.3223109573100207,1.3490351837000532
2021ABI,output_2021_05_21_ABI_S16,output_2021_05_21_ABI_S16__Breakout_Room_4_Session_3_2021_04_23_13_13_06,4,2021ABI/output_2021_05_21_ABI_S16/Breakout_Room_4_Session_3_2021_04_23_13_13_06_chunk4.json,6.0,0.35,lsa,15.0,1.0,0.846146865556895,0.14102447759281583,0.846146865556895,0.14102447759281583,0.14102447759281583,0.0,0.4230734327784475,0.7444098672716584,0.6559388710289458,0.9828571279113181,2.383205866211922
2021ABI,output_2021_05_21_ABI_S16,output_2021_05_21_ABI_S16__Breakout_Room_4_Session_3_2021_04_23_13_13_06,5,2021ABI/output_2021_05_21_ABI_S16/Breakout_Room_4_Session_3_2021_04_23_13_13_06_chunk5.json,8.0,0.35,lsa,28.0,3.0,0.38962414727524947,0.04870301840940618,0.1298747157584165,0.04870301840940619,0.04870301840940618,1.0,0.1298747157584165,0.5742533740080938,0.3833941862924369,0.57349209151376,1.5311396518142908
2021ABI,output_2021_05_21_ABI_S16,output_2021_05_21_ABI_S16__Breakout_Room_4_Session_3_2021_04_23_13_13_06,6,2021ABI/output_2021_05_21_ABI_S16/Breakout_Room_4_Session_3_2021_04_23_13_13_06_chunk6.json,15.0,0.35,lsa,105.0,4.0,0.5750971400968247,0.03833980933978831,0.14377428502420617,0.03833980933978831,0.03833980933978831,0.598866949069723,0.0584296610530723,0.32488638573893047,0.4978873951536318,0.8089041912841097,1.6316779721766719
2021ABI,output_2021_05_21_ABI_S16,output_2021_05_21_ABI_S16__Breakout_Room_4_Session_3_2021_04_23_13_13_06,7,2021ABI/output_2021_05_21_ABI_S16/Breakout_Room_4_Session_3_2021_04_23_13_13_06_chunk7.json,24.0,0.35,lsa,276.0,3.0,0.4714578940688098,0.01964407891953374,0.15715263135626992,0.01964407891953374,0.01964407891953374,0.7554270364698991,-0.014433696078098787,0.25408848277327967,0.32741850319589544,0.1813360841853508,0.7628430701545259
2021ABI,output_2021_05_21_ABI_S2,output_2021_05_21_ABI_S2__bot1_2021_05_21_10_57_19,1,2021ABI/output_2021_05_21_ABI_S2/bot1_2021_05_21_10_57_19_chunk1.json,14.0,0.35,lsa,91.0,1.0,0.5960246483817472,0.0425731891701248,0.5960246483817472,0.0425731891701248,0.0425731891701248,0.0,-0.09933744139695787,0.32586482767396285,0.5270711338410777,0.2849880365263684,1.1379239980414089
2021ABI,output_2021_05_21_ABI_S2,output_2021_05_21_ABI_S2__bot1_2021_05_21_10_57_19,2,2021ABI/output_2021_05_21_ABI_S2/bot1_2021_05_21_10_57_19_chunk2.json,6.0,0.35,lsa,15.0,1.0,0.9587032163982401,0.15978386939970668,0.9587032163982401,0.15978386939970668,0.15978386939970668,1.0,0.31956773879941336,0.998769446475412,0.7945007371600042,0.7050985825249267,2.4983687661603433
2021ABI,output_2021_05_21_ABI_S2,output_2021_05_21_ABI_S2__bot1_2021_05_21_10_57_19,3,2021ABI/output_2021_05_21_ABI_S2/bot1_2021_05_21_10_57_19_chunk3.json,8.0,0.35,lsa,28.0,2.0,0.6747195289758131,0.08433994112197664,0.33735976448790655,0.08433994112197664,0.08433994112197664,1.0,-0.22425025538291282,0.4574417444926224,0.9254441875819404,0.51043586236357,1.8933217944381329
2021ABI,output_2021_05_21_ABI_S2,output_2021_05_21_ABI_S2__bot1_2021_05_21_10_57_19,4,2021ABI/output_2021_05_21_ABI_S2/bot1_2021_05_21_10_57_19_chunk4.json,17.0,0.35,lsa,136.0,2.0,0.4595986590290101,0.027035215237000594,0.22979932951450505,0.027035215237000594,0.027035215237000594,1.0,0.03682434335611814,0.37878608551536425,0.2936633839398879,0.2502458969929444,0.9226953664481965
2021ABI,output_2021_05_21_ABI_S2,output_2021_05_21_ABI_S2__bot1_2021_05_21_10_57_19,5,2021ABI/output_2021_05_21_ABI_S2/bot1_2021_05_21_10_57_19_chunk5.json,14.0,0.35,lsa,91.0,1.0,0.07310220741312506,0.005221586243794647,0.07310220741312506,0.005221586243794647,0.005221586243794647,1.0,-0.018275551853281266,0.0576262268512412,0.16530545771988805,0.05012006574569961,0.2730517503168289
2021ABI,output_2021_05_21_ABI_S2,output_2021_05_21_ABI_S2__bot1_2021_05_21_10_57_19,6,2021ABI/output_2021_05_21_ABI_S2/bot1_2021_05_21_10_57_19_chunk6.json,7.0,0.35,lsa,21.0,3.0,0.6096304767598743,0.08709006810855346,0.20321015891995808,0.08709006810855345,0.08709006810855345,0.9999999999999998,0.2340445977341211,1.0869015919125768,0.6691501390810238,0.542796073067152,2.2988478040607525
2021ABI,output_2021_05_21_ABI_S2,output_2021_05_21_ABI_S2__bot1_2021_05_21_10_57_19,7,2021ABI/output_2021_05_21_ABI_S2/bot1_2021_05_21_10_57_19_chunk7.json,15.0,0.35,lsa,105.0,2.0,0.6604422748695775,0.04402948499130517,0.33022113743478876,0.04402948499130517,0.04402948499130517,0.015505805486485181,0.2152709061712023,0.5066175665504188,0.3077075196668068,0.3557334655702817,1.1700585517875073
2021ABI,output_2021_05_21_ABI_S2,output_2021_05_21_ABI_S2__bot1_2021_05_21_10_57_19,8,2021ABI/output_2021_05_21_ABI_S2/bot1_2021_05_21_10_57_19_chunk8.json,22.0,0.35,lsa,231.0,2.0,0.5503922556498525,0.025017829802266023,0.27519612782492625,0.025017829802266023,0.025017829802266023,1.0,-0.05050977967414991,0.189189798310144,0.6686640546005211,0.2548878426363711,1.1127416955470362
2021ABI,output_2021_05_21_ABI_S3,output_2021_05_21_ABI_S3__bot2p3_Zoom_Meeting_Room_2_2021_05_21_10_58_31,1,2021ABI/output_2021_05_21_ABI_S3/bot2p3_Zoom_Meeting_Room_2_2021_05_21_10_58_31_chunk1.json,38.0,0.35,lsa,703.0,15.0,1.6936836220801155,0.044570621633687246,0.1129122414720077,0.044570621633687246,0.044570621633687246,0.6683193234067456,0.06243268979808573,1.3810333431690043,0.7380017688862063,0.7482493656092095,2.86728447766442
2021ABI,output_2021_05_21_ABI_S3,output_2021_05_21_ABI_S3__bot2p3_Zoom_Meeting_Room_2_2021_05_21_10_58_31,2,2021ABI/output_2021_05_21_ABI_S3/bot2p3_Zoom_Meeting_Room_2_2021_05_21_10_58_31_chunk2.json,10.0,0.35,lsa,45.0,4.0,0.5640013460349038,0.05640013460349038,0.14100033650872595,0.05640013460349038,0.05640013460349038,0.979913736480317,-0.01265078236516088,0.616327232558643,0.5005609416015855,0.5399609861195265,1.6568491602797548
2021ABI,output_2021_05_21_ABI_S3,output_2021_05_21_ABI_S3__bot2p3_Zoom_Meeting_Room_2_2021_05_21_10_58_31,3,2021ABI/output_2021_05_21_ABI_S3/bot2p3_Zoom_Meeting_Room_2_2021_05_21_10_58_31_chunk3.json,12.0,0.35,lsa,66.0,1.0,0.2901074825893621,0.02417562354911351,0.2901074825893621,0.02417562354911351,0.02417562354911351,1.0,0.07252687064734052,0.20547522135788832,0.20547522135788832,0.3195404101538807,0.7304908528696573
2021ABI,output_2021_05_21_ABI_S3,output_2021_05_21_ABI_S3__bot2p3_Zoom_Meeting_Room_2_2021_05_21_10_58_31,4,2021ABI/output_2021_05_21_ABI_S3/bot2p3_Zoom_Meeting_Room_2_2021_05_21_10_58_31_chunk4.json,39.0,0.35,lsa,741.0,21.0,4.05787726494532,0.10404813499859795,0.19323225071168193,0.10404813499859795,0.10404813499859795,0.36241578259366114,0.06617611299201882,1.5465456219557714,1.423666037234357,1.0724871017669515,4.04269876095708
2021ABI,output_2021_05_21_ABI_S3,output_2021_05_21_ABI_S3__bot2p3_Zoom_Meeting_Room_2_2021_05_21_10_58_31,5,2021ABI/output_2021_05_21_ABI_S3/bot2p3_Zoom_Meeting_Room_2_2021_05_21_10_58_31_chunk5.json,18.0,0.35,lsa,153.0,1.0,0.8033772515639143,0.04463206953132857,0.8033772515639143,0.04463206953132857,0.04463206953132857,0.0,0.1338962085939857,0.3544299509107008,0.3544299509107008,0.37714636256025363,1.0860062643816553
2021ABI,output_2021_05_21_ABI_S3,output_2021_05_21_ABI_S3__bot2p3_Zoom_Meeting_Room_2_2021_05_21_10_58_31,6,2021ABI/output_2021_05_21_ABI_S3/bot2p3_Zoom_Meeting_Room_2_2021_05_21_10_58_31_chunk6.json,8.0,0.35,lsa,28.0,2.0,0.630020935660348,0.0787526169575435,0.315010467830174,0.0787526169575435,0.0787526169575435,1.0,0.07143940242337711,0.6264154430014508,0.8027856744578403,0.5463769175671342,1.9755780350264254
2021ABI,output_2021_05_21_ABI_S3,output_2021_05_21_ABI_S3__bot2p3_Zoom_Meeting_Room_2_2021_05_21_10_58_31,7,2021ABI/output_2021_05_21_ABI_S3/bot2p3_Zoom_Meeting_Room_2_2021_05_21_10_58_31_chunk7.json,21.0,0.35,lsa,210.0,5.0,1.1178850010903871,0.053232619099542244,0.22357700021807742,0.053232619099542244,0.05323261909954223,0.5083072179324322,-0.029047305055653373,0.48377426430588955,0.6721308744520094,0.5534732558161934,1.7093783945740924
2021ABI,output_2021_05_21_ABI_S3,output_2021_05_21_ABI_S3__bot2p3_Zoom_Meeting_Room_2_2021_05_21_10_58_31,8,2021ABI/output_2021_05_21_ABI_S3/bot2p3_Zoom_Meeting_Room_2_2021_05_21_10_58_31_chunk8.json,10.0,0.35,lsa,45.0,1.0,0.006591512919708309,0.0006591512919708309,0.006591512919708309,0.0006591512919708309,0.0006591512919708309,1.0,0.0013183025839416619,0.010823777545008944,0.014512990667950677,0.010823777545008944,0.036160545757968565
2021ABI,output_2021_05_21_ABI_S4,output_2021_05_21_ABI_S4__bot3p2_Zoom_Meeting_2021_05_21_10_58_18,1,2021ABI/output_2021_05_21_ABI_S4/bot3p2_Zoom_Meeting_2021_05_21_10_58_18_chunk1.json,12.0,0.35,lsa,66.0,2.0,1.1690462045150558,0.09742051704292132,0.5845231022575279,0.09742051704292132,0.09742051704292132,1.0,0.0563487348383519,1.2291975892433684,0.6672533568394092,0.4885828880937808,2.3850338341765585
2021ABI,output_2021_05_21_ABI_S4,output_2021_05_21_ABI_S4__bot3p2_Zoom_Meeting_2021_05_21_10_58_18,2,2021ABI/output_2021_05_21_ABI_S4/bot3p2_Zoom_Meeting_2021_05_21_10_58_18_chunk2.json,28.0,0.35,lsa,378.0,7.0,0.7089924043808837,0.025321157299317276,0.1012846291972691,0.025321157299317276,0.02532115729931728,0.08843940397716867,-0.055996494416721436,0.23723148074679518,0.629326028147954,0.2780095147779717,1.144567023672721
2021ABI,output_2021_05_21_ABI_S4,output_2021_05_21_ABI_S4__bot3p2_Zoom_Meeting_2021_05_21_10_58_18,3,2021ABI/output_2021_05_21_ABI_S4/bot3p2_Zoom_Meeting_2021_05_21_10_58_18_chunk3.json,13.0,0.35,lsa,78.0,1.0,0.7187628819544185,0.05528945245803219,0.7187628819544185,0.05528945245803219,0.05528945245803219,1.0,0.17969072048860463,0.7943538452674446,0.3482956973691155,0.3482956973691155,1.4909452400056757
2021ABI,output_2021_05_21_ABI_S4,output_2021_05_21_ABI_S4__bot3p2_Zoom_Meeting_2021_05_21_10_58_18,4,2021ABI/output_2021_05_21_ABI_S4/bot3p2_Zoom_Meeting_2021_05_21_10_58_18_chunk4.json,11.0,0.35,lsa,55.0,1.0,0.23267323019306646,0.021152111835733314,0.23267323019306646,0.021152111835733314,0.021152111835733314,1.0,0.04653464603861329,0.3201304581629385,0.18977793424024478,0.17314588845707407,0.6830542808602573
2021ABI,output_2021_05_21_ABI_S4,output_2021_05_21_ABI_S4__bot3p2_Zoom_Meeting_2021_05_21_10_58_18,5,2021ABI/output_2021_05_21_ABI_S4/bot3p2_Zoom_Meeting_2021_05_21_10_58_18_chunk5.json,22.0,0.35,lsa,231.0,6.0,1.2389438044861663,0.05631562747664392,0.20649063408102772,0.05631562747664392,0.05631562747664391,0.6818048092520381,0.06998218888538128,0.6633202089289433,0.607967198847317,0.5829564006172645,1.8542438083935249
2021ABI,output_2021_05_21_ABI_S4,output_2021_05_21_ABI_S4__bot3p2_Zoom_Meeting_2021_05_21_10_58_18,6,2021ABI/output_2021_05_21_ABI_S4/bot3p2_Zoom_Meeting_2021_05_21_10_58_18_chunk6.json,24.0,0.35,lsa,276.0,1.0,0.45578660659664544,0.01899110860819356,0.45578660659664544,0.01899110860819356,0.01899110860819356,0.0,0.05697332582458068,0.5117066644798026,0.14545077449409063,0.15090467941088836,0.8080621183847816
2021ABI,output_2021_05_21_ABI_S4,output_2021_05_21_ABI_S4__bot3p2_Zoom_Meeting_2021_05_21_10_58_18,7,2021ABI/output_2021_05_21_ABI_S4/bot3p2_Zoom_Meeting_2021_05_21_10_58_18_chunk7.json,21.0,0.35,lsa,210.0,4.0,0.5431243698707645,0.02586306523194117,0.13578109246769113,0.02586306523194117,0.02586306523194117,0.6541001893291287,0.06034715220786272,0.42689379813335643,0.25871036099910205,0.31235546717239027,0.9979596263048487
2021ABI,output_2021_05_21_ABI_S4,output_2021_05_21_ABI_S4__bot3p2_Zoom_Meeting_2021_05_21_10_58_18,8,2021ABI/output_2021_05_21_ABI_S4/bot3p2_Zoom_Meeting_2021_05_21_10_58_18_chunk8.json,24.0,0.35,lsa,276.0,4.0,0.46981096120031185,0.01957545671667966,0.11745274030007796,0.01957545671667966,0.01957545671667966,1.0,0.0,0.267933131562443,0.2643815783944885,0.21011867110937862,0.7424333810663102
2021ABI,output_2021_05_21_ABI_S5,output_2021_05_21_ABI_S5__bot5p3_Room_5_Zoom_Meeting_5_21_2021_10_59_19_AM,1,2021ABI/output_2021_05_21_ABI_S5/bot5p3_Room_5_Zoom_Meeting_5_21_2021_10_59_19_AM_chunk1.json,25.0,0.35,lsa,300.0,8.0,1.3588952909999614,0.054355811639998454,0.16986191137499518,0.054355811639998454,0.054355811639998454,0.22573601932128695,-0.046001074909819015,0.5512389506057604,0.7886455272124616,0.5276635594393333,1.8675480372575552
2021ABI,output_2021_05_21_ABI_S5,output_2021_05_21_ABI_S5__bot5p3_Room_5_Zoom_Meeting_5_21_2021_10_59_19_AM,2,2021ABI/output_2021_05_21_ABI_S5/bot5p3_Room_5_Zoom_Meeting_5_21_2021_10_59_19_AM_chunk2.json,14.0,0.35,lsa,91.0,2.0,1.0186705465502586,0.07276218189644704,0.5093352732751293,0.07276218189644704,0.07276218189644704,1.0,-0.021314786080649024,0.4692646157889566,1.1093524555446115,0.6885969637398449,2.267214035073413
2021ABI,output_2021_05_21_ABI_S5,output_2021_05_21_ABI_S5__bot5p3_Room_5_Zoom_Meeting_5_21_2021_10_59_19_AM,3,2021ABI/output_2021_05_21_ABI_S5/bot5p3_Room_5_Zoom_Meeting_5_21_2021_10_59_19_AM_chunk3.json,10.0,0.35,lsa,45.0,2.0,0.4069165138495706,0.04069165138495706,0.2034582569247853,0.04069165138495706,0.04069165138495706,1.0,0.10172912846239265,0.7287909209989483,0.30351673695142395,0.31803912105598453,1.3503467790063568
2021ABI,output_2021_05_21_ABI_S5,output_2021_05_21_ABI_S5__bot5p3_Room_5_Zoom_Meeting_5_21_2021_10_59_19_AM,4,2021ABI/output_2021_05_21_ABI_S5/bot5p3_Room_5_Zoom_Meeting_5_21_2021_10_59_19_AM_chunk4.json,11.0,0.35,lsa,55.0,3.0,0.07479478303018247,0.006799525730016589,0.024931594343394158,0.006799525730016589,0.006799525730016589,1.0,0.014958956606036494,0.128306670367998,0.0917341289617165,0.07644819968467424,0.29648899901438874
2021ABI,output_2021_05_21_ABI_S5,output_2021_05_21_ABI_S5__bot5p3_Room_5_Zoom_Meeting_5_21_2021_10_59_19_AM,5,2021ABI/output_2021_05_21_ABI_S5/bot5p3_Room_5_Zoom_Meeting_5_21_2021_10_59_19_AM_chunk5.json,18.0,0.35,lsa,153.0,2.0,0.7378679954218528,0.04099266641232516,0.3689339977109264,0.04099266641232516,0.04099266641232516,0.9912756371016395,0.07378679954218528,0.6058874330080215,0.2745071652442806,0.30529021640497767,1.1856848146572796
2021ABI,output_2021_05_21_ABI_S5,output_2021_05_21_ABI_S5__bot5p3_Room_5_Zoom_Meeting_5_21_2021_10_59_19_AM,6,2021ABI/output_2021_05_21_ABI_S5/bot5p3_Room_5_Zoom_Meeting_5_21_2021_10_59_19_AM_chunk6.json,32.0,0.35,lsa,496.0,3.0,0.12483949980892298,0.003901234369028843,0.04161316660297432,0.003901234369028843,0.003901234369028843,0.7983404800753938,-0.003590217867851008,0.04681856570203671,0.15365160231130315,0.09114760956225218,0.29161777757559204
2021ABI,output_2021_05_21_ABI_S5,output_2021_05_21_ABI_S5__bot5p3_Room_5_Zoom_Meeting_5_21_2021_10_59_19_AM,7,2021ABI/output_2021_05_21_ABI_S5/bot5p3_Room_5_Zoom_Meeting_5_21_2021_10_59_19_AM_chunk7.json,30.0,0.35,lsa,435.0,3.0,0.5447183045712866,0.018157276819042886,0.18157276819042886,0.018157276819042886,0.018157276819042886,0.7006137302379061,0.030262128031738143,0.2836383526225638,0.2693957081984569,0.16789589706300778,0.7209299578840285
2021ABI,output_2021_05_21_ABI_S5,output_2021_05_21_ABI_S5__bot5p3_Room_5_Zoom_Meeting_5_21_2021_10_59_19_AM,8,2021ABI/output_2021_05_21_ABI_S5/bot5p3_Room_5_Zoom_Meeting_5_21_2021_10_59_19_AM_chunk8.json,31.0,0.35,lsa,465.0,10.0,0.7843291137452523,0.025300939153072653,0.07843291137452522,0.025300939153072653,0.025300939153072653,0.2415717428682168,0.021992605152514284,0.3030461793745718,0.41193445816237634,0.2858111789205694,1.0007918164575176
2021ABI,output_2021_05_21_ABI_S6,output_2021_05_21_ABI_S6__bot6p3_Zoom_Meeting_Room_6_2021_05_21_10_59_51,1,2021ABI/output_2021_05_21_ABI_S6/bot6p3_Zoom_Meeting_Room_6_2021_05_21_10_59_51_chunk1.json,22.0,0.35,lsa,231.0,2.0,0.25689036330386833,0.011676834695630378,0.12844518165193416,0.011676834695630378,0.011676834695630378,1.0,0.06422259082596708,0.4217130263511757,0.10382419050490148,0.10945411568087739,0.6349913325369545
2021ABI,output_2021_05_21_ABI_S6,output_2021_05_21_ABI_S6__bot6p3_Zoom_Meeting_Room_6_2021_05_21_10_59_51,2,2021ABI/output_2021_05_21_ABI_S6/bot6p3_Zoom_Meeting_Room_6_2021_05_21_10_59_51_chunk2.json,11.0,0.35,lsa,55.0,2.0,0.6729915878611873,0.06118105344192612,0.33649579393059365,0.06118105344192612,0.06118105344192612,1.0,0.13620727328494167,0.3835021956925605,0.5633310642634145,0.6926898545440074,1.6395231144999824
2021ABI,output_2021_05_21_ABI_S6,output_2021_05_21_ABI_S6__bot6p3_Zoom_Meeting_Room_6_2021_05_21_10_59_51,3,2021ABI/output_2021_05_21_ABI_S6/bot6p3_Zoom_Meeting_Room_6_2021_05_21_10_59_51_chunk3.json,13.0,0.35,lsa,78.0,1.0,0.2884673501794153,0.02218979616764733,0.2884673501794153,0.02218979616764733,0.02218979616764733,1.0,0.09615578339313845,0.31821998161624143,0.1885749044452798,0.1885749044452798,0.695369790506801
2021ABI,output_2021_05_21_ABI_S6,output_2021_05_21_ABI_S6__bot6p3_Zoom_Meeting_Room_6_2021_05_21_10_59_51,4,2021ABI/output_2021_05_21_ABI_S6/bot6p3_Zoom_Meeting_Room_6_2021_05_21_10_59_51_chunk4.json,10.0,0.35,lsa,45.0,1.0,0.12561491288801274,0.012561491288801274,0.12561491288801274,0.012561491288801274,0.012561491288801274,1.0,0.0,0.10601096410435265,0.20138336188853018,0.14666314401660652,0.4540574700094894
2021ABI,output_2021_05_21_ABI_S6,output_2021_05_21_ABI_S6__bot6p3_Zoom_Meeting_Room_6_2021_05_21_10_59_51,5,2021ABI/output_2021_05_21_ABI_S6/bot6p3_Zoom_Meeting_Room_6_2021_05_21_10_59_51_chunk5.json,16.0,0.35,lsa,120.0,2.0,0.6700448376880749,0.04187780235550468,0.33502241884403744,0.04187780235550468,0.04187780235550468,0.06158158198719629,0.11167413961467915,0.34916785889155594,0.3106930203859005,0.44935602402010966,1.109216903297566
2021ABI,output_2021_05_21_ABI_S6,output_2021_05_21_ABI_S6__bot6p3_Zoom_Meeting_Room_6_2021_05_21_10_59_51,6,2021ABI/output_2021_05_21_ABI_S6/bot6p3_Zoom_Meeting_Room_6_2021_05_21_10_59_51_chunk6.json,25.0,0.35,lsa,300.0,4.0,0.5398220600203258,0.021592882400813033,0.13495551500508146,0.021592882400813033,0.021592882400813033,0.1913447256300573,-0.048696308342909556,0.25821186789486256,0.8216513244188781,0.17569670806901622,1.2555599003827569
2021ABI,output_2021_05_21_ABI_S6,output_2021_05_21_ABI_S6__bot6p3_Zoom_Meeting_Room_6_2021_05_21_10_59_51,7,2021ABI/output_2021_05_21_ABI_S6/bot6p3_Zoom_Meeting_Room_6_2021_05_21_10_59_51_chunk7.json,26.0,0.35,lsa,325.0,7.0,0.9133484874496348,0.03512878797883211,0.13047835534994784,0.035128787978832114,0.035128787978832114,0.5521068499807451,-0.028460268683419956,0.3111273528397483,0.6814599603791857,0.4808254836567817,1.4734127968757158
2021ABI,output_2021_05_21_ABI_S6,output_2021_05_21_ABI_S6__bot6p3_Zoom_Meeting_Room_6_2021_05_21_10_59_51,8,2021ABI/output_2021_05_21_ABI_S6/bot6p3_Zoom_Meeting_Room_6_2021_05_21_10_59_51_chunk8.json,18.0,0.35,lsa,153.0,2.0,0.8473070254379098,0.047072612524328324,0.4236535127189549,0.047072612524328324,0.047072612524328324,0.9793784198889417,0.09414522504865665,0.7617749911661789,0.3133393567761974,0.3090246420328977,1.384138989975274
2021ABI,output_2021_05_21_ABI_S7,output_2021_05_21_ABI_S7__botB1_2021_05_21_10_58_58,1,2021ABI/output_2021_05_21_ABI_S7/botB1_2021_05_21_10_58_58_chunk1.json,7.0,0.35,lsa,21.0,3.0,0.8900564205966905,0.12715091722809865,0.2966854735322302,0.12715091722809865,0.12715091722809865,1.0,0.4450282102983453,1.9184838039195877,0.8157990388744603,0.7227117125040009,3.456994555298049
2021ABI,output_2021_05_21_ABI_S7,output_2021_05_21_ABI_S7__botB1_2021_05_21_10_58_58,2,2021ABI/output_2021_05_21_ABI_S7/botB1_2021_05_21_10_58_58_chunk2.json,11.0,0.35,lsa,55.0,4.0,1.074032356018874,0.09763930509262492,0.2685080890047185,0.09763930509262492,0.09763930509262492,1.0,0.026110689435129186,0.5599835664531831,1.1733851776210371,1.1462600368574936,2.879628780931714
2021ABI,output_2021_05_21_ABI_S7,output_2021_05_21_ABI_S7__botB1_2021_05_21_10_58_58,3,2021ABI/output_2021_05_21_ABI_S7/botB1_2021_05_21_10_58_58_chunk3.json,9.0,0.35,lsa,36.0,3.0,0.7935061409954909,0.08816734899949899,0.26450204699849694,0.08816734899949899,0.08816734899949899,0.4690928767701853,0.26450204699849694,1.3455314024121,0.6442340750771034,0.5996324156520237,2.589397893141227
2021ABI,output_2021_05_21_ABI_S7,output_2021_05_21_ABI_S7__botB1_2021_05_21_10_58_58,4,2021ABI/output_2021_05_21_ABI_S7/botB1_2021_05_21_10_58_58_chunk4.json,17.0,0.35,lsa,136.0,1.0,0.08464956832118427,0.0049793863718343686,0.08464956832118427,0.0049793863718343686,0.0049793863718343686,1.0,-0.014108261386864045,0.06055908089410916,0.12383715069822074,0.04762186534185961,0.2320180969341895
2021ABI,output_2021_05_21_ABI_S7,output_2021_05_21_ABI_S7__botB1_2021_05_21_10_58_58,5,2021ABI/output_2021_05_21_ABI_S7/botB1_2021_05_21_10_58_58_chunk5.json,16.0,0.35,lsa,120.0,4.0,0.5280624218155803,0.03300390136347377,0.13201560545389507,0.03300390136347377,0.03300390136347377,0.9199145171992016,0.10561248436311606,0.2788234605696195,0.24695203037496938,1.1336155376448325,1.6593910285894213
2021ABI,output_2021_05_21_ABI_S7,output_2021_05_21_ABI_S7__botB1_2021_05_21_10_58_58,6,2021ABI/output_2021_05_21_ABI_S7/botB1_2021_05_21_10_58_58_chunk6.json,6.0,0.35,lsa,15.0,3.0,0.5593779108036573,0.09322965180060955,0.1864593036012191,0.09322965180060955,0.09322965180060953,1.0,0.0,0.9708923868574066,0.5916000934817877,0.7039291956425062,2.2664216759817006
2021ABI,output_2021_05_21_ABI_S7,output_2021_05_21_ABI_S7__botB1_2021_05_21_10_58_58,7,2021ABI/output_2021_05_21_ABI_S7/botB1_2021_05_21_10_58_58_chunk7.json,28.0,0.35,lsa,378.0,4.0,0.38564307719929886,0.013772967042832101,0.09641076929982471,0.0137729670428321,0.013772967042832101,0.5209208887423741,-0.02335066586210964,0.2083564657938795,0.8727454222547248,0.12448129515144904,1.2055831832000534
2021ABI,output_2021_05_21_ABI_S7,output_2021_05_21_ABI_S7__botB1_2021_05_21_10_58_58,8,2021ABI/output_2021_05_21_ABI_S7/botB1_2021_05_21_10_58_58_chunk8.json,18.0,0.35,lsa,153.0,2.0,0.45026579267118105,0.02501476625951006,0.22513289633559053,0.02501476625951006,0.02501476625951006,0.5690866466970963,0.025624025007365242,0.24371051269487207,0.34237401042836957,0.2716237663269457,0.8577082894501873
2021ABI,output_2021_05_21_ABI_S8,output_2021_05_21_ABI_S8__botB3_2021_05_21_10_58_38,1,2021ABI/output_2021_05_21_ABI_S8/botB3_2021_05_21_10_58_38_chunk1.json,10.0,0.35,lsa,45.0,3.0,0.7855796176509644,0.07855796176509644,0.26185987255032145,0.07855796176509645,0.07855796176509644,1.0,0.007615356463249449,0.8243289712189558,0.5777435294040862,0.6498343321832747,2.051906832806317
2021ABI,output_2021_05_21_ABI_S8,output_2021_05_21_ABI_S8__botB3_2021_05_21_10_58_38,2,2021ABI/output_2021_05_21_ABI_S8/botB3_2021_05_21_10_58_38_chunk2.json,26.0,0.35,lsa,325.0,2.0,0.8129926504517615,0.03126894809429852,0.40649632522588075,0.03126894809429852,0.03126894809429852,1.0,0.0,0.44392493202339345,0.2971859833550021,0.20687477669730975,0.9479856920757053
2021ABI,output_2021_05_21_ABI_S8,output_2021_05_21_ABI_S8__botB3_2021_05_21_10_58_38,3,2021ABI/output_2021_05_21_ABI_S8/botB3_2021_05_21_10_58_38_chunk3.json,12.0,0.35,lsa,66.0,2.0,0.28506165136380257,0.023755137613650213,0.14253082568190129,0.023755137613650213,0.023755137613650213,1.0,0.0610285114989615,0.3734601311836817,0.21734361681796835,0.23156001165300108,0.8223637596546511
2021ABI,output_2021_05_21_ABI_S8,output_2021_05_21_ABI_S8__botB3_2021_05_21_10_58_38,4,2021ABI/output_2021_05_21_ABI_S8/botB3_2021_05_21_10_58_38_chunk4.json,14.0,0.35,lsa,91.0,1.0,0.0012049833516442493,8.607023940316066e-05,0.0012049833516442493,8.607023940316066e-05,8.607023940316066e-05,0.0,0.0,0.001599212136084852,0.0039581440103125184,0.0014785503379381444,0.007035906484335514
2021ABI,output_2021_05_21_ABI_S8,output_2021_05_21_ABI_S8__botB3_2021_05_21_10_58_38,5,2021ABI/output_2021_05_21_ABI_S8/botB3_2021_05_21_10_58_38_chunk5.json,32.0,0.35,lsa,496.0,8.0,0.7361205801288763,0.023003768129027383,0.09201507251610953,0.023003768129027387,0.023003768129027383,0.6608471888351978,-0.00496271350397756,0.29343739780255723,0.565929554776226,0.2805895190798445,1.1399564716586277
2021ABI,output_2021_05_21_ABI_S8,output_2021_05_21_ABI_S8__botB3_2021_05_21_10_58_38,6,2021ABI/output_2021_05_21_ABI_S8/botB3_2021_05_21_10_58_38_chunk6.json,26.0,0.35,lsa,325.0,2.0,0.38811059884677857,0.0149273307248761,0.19405529942338928,0.0149273307248761,0.0149273307248761,0.833722065780214,-0.02311259787298087,0.19366246778161467,0.2080941524103128,0.12755453217852558,0.529311152370453
2021ABI,output_2021_05_21_ABI_S8,output_2021_05_21_ABI_S8__botB3_2021_05_21_10_58_38,7,2021ABI/output_2021_05_21_ABI_S8/botB3_2021_05_21_10_58_38_chunk7.json,20.0,0.35,lsa,190.0,1.0,0.9560653230463824,0.04780326615231912,0.9560653230463824,0.04780326615231912,0.04780326615231912,0.0,0.0,0.3790102331045211,0.48843711277783586,0.31233114189427835,1.1797784877766353
2021ABI,output_2021_05_21_ABI_S8,output_2021_05_21_ABI_S8__botB3_2021_05_21_10_58_38,8,2021ABI/output_2021_05_21_ABI_S8/botB3_2021_05_21_10_58_38_chunk8.json,26.0,0.35,lsa,325.0,2.0,0.4507374026426102,0.0173360539477927,0.2253687013213051,0.0173360539477927,0.0173360539477927,0.2978433311639141,0.03956103414492059,0.21655539378455843,0.2057013903033059,0.19010588271485096,0.6123626668027153
2021ABI,output_2021_05_21_ABI_S9,output_2021_05_21_ABI_S9__bot1_2021_05_21_13_08_36,1,2021ABI/output_2021_05_21_ABI_S9/bot1_2021_05_21_13_08_36_chunk1.json,35.0,0.35,lsa,595.0,14.0,3.0615854710323056,0.08747387060092301,0.21868467650230755,0.08747387060092301,0.08747387060092301,0.7139979166919406,0.007327522787954177,1.4918558076327708,1.3613028931697544,0.852165454991136,3.705324155793661
2021ABI,output_2021_05_21_ABI_S9,output_2021_05_21_ABI_S9__bot1_2021_05_21_13_08_36,2,2021ABI/output_2021_05_21_ABI_S9/bot1_2021_05_21_13_08_36_chunk2.json,7.0,0.35,lsa,21.0,1.0,0.8130894643743033,0.11615563776775761,0.8130894643743033,0.11615563776775761,0.11615563776775761,1.0,0.40654473218715165,0.842938486941591,0.6405357632441668,0.6405357632441668,2.124010013429925
2021ABI,output_2021_05_21_ABI_S9,output_2021_05_21_ABI_S9__bot1_2021_05_21_13_08_36,3,2021ABI/output_2021_05_21_ABI_S9/bot1_2021_05_21_13_08_36_chunk3.json,7.0,0.35,lsa,21.0,2.0,0.6442494288716027,0.09203563269594325,0.3221247144358014,0.09203563269594325,0.09203563269594325,1.0,0.3221247144358014,1.395415798594314,0.4919467452065702,0.6309495072187425,2.5183120510196266
2021ABI,output_2021_05_21_ABI_S9,output_2021_05_21_ABI_S9__bot1_2021_05_21_13_08_36,4,2021ABI/output_2021_05_21_ABI_S9/bot1_2021_05_21_13_08_36_chunk4.json,9.0,0.35,lsa,36.0,1.0,0.5132373951098423,0.057026377234426925,0.5132373951098423,0.057026377234426925,0.057026377234426925,1.0,0.1710791317032808,0.3437212655568922,0.3437212655568922,0.9994943379703511,1.6869368690841355
2021ABI,output_2021_05_21_ABI_S9,output_2021_05_21_ABI_S9__bot1_2021_05_21_13_08_36,5,2021ABI/output_2021_05_21_ABI_S9/bot1_2021_05_21_13_08_36_chunk5.json,13.0,0.35,lsa,78.0,1.0,0.05022277348447077,0.0038632902680362127,0.05022277348447077,0.0038632902680362127,0.0038632902680362127,0.0,0.008370462247411795,0.12272818701415683,0.042069985850297364,0.042069985850297364,0.20686815871475156
2021ABI,output_2021_05_21_ABI_S9,output_2021_05_21_ABI_S9__bot1_2021_05_21_13_08_36,6,2021ABI/output_2021_05_21_ABI_S9/bot1_2021_05_21_13_08_36_chunk6.json,16.0,0.35,lsa,120.0,2.0,0.23498435195689485,0.014686521997305928,0.11749217597844742,0.014686521997305928,0.014686521997305928,1.0,0.0,0.15731604509610037,0.3441576978422793,0.13805767880157996,0.6395314217399596
2021ABI,output_2021_05_21_ABI_S9,output_2021_05_21_ABI_S9__bot1_2021_05_21_13_08_36,7,2021ABI/output_2021_05_21_ABI_S9/bot1_2021_05_21_13_08_36_chunk7.json,16.0,0.35,lsa,120.0,2.0,0.3837712361474289,0.023985702259214307,0.19188561807371446,0.023985702259214307,0.023985702259214307,0.0,0.012339920526080553,0.17174152251462732,0.3077345820333489,0.4661630694178512,0.9456391739658274
2021CMC,output_2021_10_07_CMC_S1,output_2021_10_07_CMC_S1__2021_10_07_11_31_22,1,2021CMC/output_2021_10_07_CMC_S1/2021_10_07_11_31_22_chunk1.json,35.0,0.35,lsa,595.0,16.0,3.3523197418823285,0.09578056405378081,0.20951998386764553,0.09578056405378081,0.09578056405378083,0.3991646328641615,0.056365614794626345,1.1584840340477822,1.4584479069289202,0.7587205760031572,3.3756525169798595
2021CMC,output_2021_10_07_CMC_S1,output_2021_10_07_CMC_S1__2021_10_07_11_31_22,2,2021CMC/output_2021_10_07_CMC_S1/2021_10_07_11_31_22_chunk2.json,24.0,0.35,lsa,276.0,2.0,0.3384528678016804,0.014102202825070015,0.1692264339008402,0.014102202825070015,0.014102202825070015,1.0,0.015788725981464635,0.1561242366013732,0.2014937401033685,0.17464458743918318,0.5322625641439249
2021CMC,output_2021_10_07_CMC_S1,output_2021_10_07_CMC_S1__2021_10_07_11_31_22,3,2021CMC/output_2021_10_07_CMC_S1/2021_10_07_11_31_22_chunk3.json,17.0,0.35,lsa,136.0,2.0,0.27373265296632165,0.016101920762724802,0.13686632648316083,0.016101920762724802,0.016101920762724802,1.0,0.030414739218480185,0.2747425482306031,0.19121889417031454,0.14483804812521242,0.61079949052613
2021CMC,output_2021_10_07_CMC_S1,output_2021_10_07_CMC_S1__2021_10_07_11_31_22,4,2021CMC/output_2021_10_07_CMC_S1/2021_10_07_11_31_22_chunk4.json,23.0,0.35,lsa,253.0,4.0,1.453826955556352,0.06320986763288487,0.363456738889088,0.06320986763288487,0.06320986763288487,0.8013849391115397,-0.08962115586594173,0.5575372264971035,0.726042891151738,0.5134084365016565,1.796988554150498
2021CMC,output_2021_10_07_CMC_S1,output_2021_10_07_CMC_S1__2021_10_07_11_31_22,5,2021CMC/output_2021_10_07_CMC_S1/2021_10_07_11_31_22_chunk5.json,29.0,0.35,lsa,406.0,5.0,0.45452126195734593,0.01567314696404641,0.09090425239146918,0.01567314696404641,0.01567314696404641,0.3517591915273217,-0.0008814009251625413,0.21845355986118856,0.3191908938589873,0.2145383828550062,0.7521828365751821
2021CMC,output_2021_10_07_CMC_S1,output_2021_10_07_CMC_S1__2021_10_07_11_31_22,6,2021CMC/output_2021_10_07_CMC_S1/2021_10_07_11_31_22_chunk6.json,23.0,0.35,lsa,253.0,3.0,1.1536382380617034,0.05015818426355232,0.3845460793539011,0.05015818426355232,0.05015818426355232,0.13317713733192493,-0.0743936269897161,0.4035440193548194,0.7921742905732454,0.36103919852192934,1.5567575084499943
2021CMC,output_2021_10_07_CMC_S1,output_2021_10_07_CMC_S1__2021_10_07_11_31_22,7,2021CMC/output_2021_10_07_CMC_S1/2021_10_07_11_31_22_chunk7.json,43.0,0.35,lsa,903.0,14.0,2.225614783936612,0.05175848334736306,0.15897248456690086,0.051758483347363056,0.051758483347363056,0.58548964992083,-0.020059662760265697,1.085233737558406,1.083184404711491,0.526055079054934,2.6944732213248312
2021CMC,output_2021_10_07_CMC_S1,output_2021_10_07_CMC_S1__2021_10_07_11_31_22,8,2021CMC/output_2021_10_07_CMC_S1/2021_10_07_11_31_22_chunk8.json,45.0,0.35,lsa,990.0,20.0,7.501590397427739,0.16670200883172753,0.37507951987138693,0.16670200883172756,0.16670200883172756,0.7833983404090737,0.20431673418176605,2.6581113426864253,2.013502911148807,1.3686840015927286,6.0402982554279605
2021CMC,output_2021_10_07_CMC_S2,output_2021_10_07_CMC_S2__B1_Zoom_Meeting_Room_1_2021_10_07_12_36_41,1,2021CMC/output_2021_10_07_CMC_S2/B1_Zoom_Meeting_Room_1_2021_10_07_12_36_41_chunk1.json,14.0,0.35,lsa,91.0,6.0,3.2126092023919695,0.22947208588514068,0.5354348670653283,0.22947208588514068,0.2294720858851407,0.0,0.9494180586745755,2.220014400225214,1.348720289037236,1.7122436159915624,5.2809783052540125
2021CMC,output_2021_10_07_CMC_S2,output_2021_10_07_CMC_S2__B1_Zoom_Meeting_Room_1_2021_10_07_12_36_41,2,2021CMC/output_2021_10_07_CMC_S2/B1_Zoom_Meeting_Room_1_2021_10_07_12_36_41_chunk2.json,13.0,0.35,lsa,78.0,6.0,2.3021383109794558,0.17708756238303505,0.38368971849657596,0.17708756238303505,0.17708756238303505,0.0,0.1347313882193656,1.157518763924854,1.7737377920467094,1.180270645129291,4.111527201100854
2021CMC,output_2021_10_07_CMC_S2,output_2021_10_07_CMC_S2__B1_Zoom_Meeting_Room_1_2021_10_07_12_36_41,3,2021CMC/output_2021_10_07_CMC_S2/B1_Zoom_Meeting_Room_1_2021_10_07_12_36_41_chunk3.json,19.0,0.35,lsa,171.0,2.0,0.8167993665538116,0.04298944034493745,0.4083996832769058,0.04298944034493745,0.04298944034493745,1.0,0.0,0.3586668563388141,0.5245074341017687,0.29544957339826067,1.1786238638388435
2021CMC,output_2021_10_07_CMC_S2,output_2021_10_07_CMC_S2__B1_Zoom_Meeting_Room_1_2021_10_07_12_36_41,4,2021CMC/output_2021_10_07_CMC_S2/B1_Zoom_Meeting_Room_1_2021_10_07_12_36_41_chunk4.json,21.0,0.35,lsa,210.0,1.0,0.46334340263788487,0.022063971554184995,0.46334340263788487,0.022063971554184995,0.022063971554184995,1.0,0.0,0.23589143166454904,0.29266186271720773,0.15887181721829768,0.6874251116000545
2021CMC,output_2021_10_07_CMC_S2,output_2021_10_07_CMC_S2__B1_Zoom_Meeting_Room_1_2021_10_07_12_36_41,5,2021CMC/output_2021_10_07_CMC_S2/B1_Zoom_Meeting_Room_1_2021_10_07_12_36_41_chunk5.json,8.0,0.35,lsa,28.0,3.0,0.4114521673128525,0.05143152091410656,0.1371507224376175,0.05143152091410656,0.05143152091410656,0.5902325298404717,0.13451454219909884,0.9692610932581681,0.47990393004373677,0.47990393004373677,1.9290689533456415
2021CMC,output_2021_10_07_CMC_S2,output_2021_10_07_CMC_S2__B1_Zoom_Meeting_Room_1_2021_10_07_12_36_41,6,2021CMC/output_2021_10_07_CMC_S2/B1_Zoom_Meeting_Room_1_2021_10_07_12_36_41_chunk6.json,24.0,0.35,lsa,276.0,5.0,0.5975780237100603,0.024899084321252513,0.11951560474201206,0.024899084321252516,0.024899084321252516,0.5979999964186744,0.05297002452975068,0.41412915580620613,0.273206671624296,0.3089033807587173,0.9962392081892195
2021CMC,output_2021_10_07_CMC_S2,output_2021_10_07_CMC_S2__B1_Zoom_Meeting_Room_1_2021_10_07_12_36_41,7,2021CMC/output_2021_10_07_CMC_S2/B1_Zoom_Meeting_Room_1_2021_10_07_12_36_41_chunk7.json,46.0,0.35,lsa,1035.0,31.0,6.300652565895576,0.13697070795425165,0.20324685696437342,0.13697070795425165,0.13697070795425165,0.8003007538678325,0.21256780459293173,2.690110358934807,1.620273835284146,1.4109135794018854,5.721297773620838
2021CMC,output_2021_10_07_CMC_S2,output_2021_10_07_CMC_S2__B1_Zoom_Meeting_Room_1_2021_10_07_12_36_41,8,2021CMC/output_2021_10_07_CMC_S2/B1_Zoom_Meeting_Room_1_2021_10_07_12_36_41_chunk8.json,2.0,0.35,lsa,1.0,0.0,0.0,0.0,0.0,0.0,0.0,0.0,0.0,0.0,0.0,0.0,0.0
2021CMC,output_2021_10_07_CMC_S3,output_2021_10_07_CMC_S3__B2.2_Zoom_Meeting_Room_2_2021_10_07_12_41_55,1,2021CMC/output_2021_10_07_CMC_S3/B2.2_Zoom_Meeting_Room_2_2021_10_07_12_41_55_chunk1.json,15.0,0.35,lsa,105.0,5.0,0.726282174357776,0.04841881162385173,0.1452564348715552,0.04841881162385173,0.04841881162385173,0.9417057144181538,0.09911778685940933,0.8427880339281479,0.4315913816944591,0.4676110193470022,1.7419904349696094
2021CMC,output_2021_10_07_CMC_S3,output_2021_10_07_CMC_S3__B2.2_Zoom_Meeting_Room_2_2021_10_07_12_41_55,2,2021CMC/output_2021_10_07_CMC_S3/B2.2_Zoom_Meeting_Room_2_2021_10_07_12_41_55_chunk2.json,20.0,0.35,lsa,190.0,2.0,0.8814901697900726,0.04407450848950363,0.4407450848950363,0.04407450848950363,0.04407450848950363,0.5617296855291032,-0.08814901697900726,0.2708777497105977,1.015387572555983,0.4144057966050144,1.700671118871595
2021CMC,output_2021_10_07_CMC_S3,output_2021_10_07_CMC_S3__B2.2_Zoom_Meeting_Room_2_2021_10_07_12_41_55,3,2021CMC/output_2021_10_07_CMC_S3/B2.2_Zoom_Meeting_Room_2_2021_10_07_12_41_55_chunk3.json,13.0,0.35,lsa,78.0,0.0,0.0,0.0,0.0,0.0,0.0,0.0,0.0,0.0,0.0,0.0,0.0
2021CMC,output_2021_10_07_CMC_S3,output_2021_10_07_CMC_S3__B2.2_Zoom_Meeting_Room_2_2021_10_07_12_41_55,4,2021CMC/output_2021_10_07_CMC_S3/B2.2_Zoom_Meeting_Room_2_2021_10_07_12_41_55_chunk4.json,22.0,0.35,lsa,231.0,6.0,1.1101408016186742,0.050460945528121554,0.1850234669364457,0.050460945528121554,0.050460945528121554,0.8652124727316265,0.11521615421175861,0.7556545847123202,0.5176301074799663,0.4618136725503791,1.7350983647426657
2021CMC,output_2021_10_07_CMC_S3,output_2021_10_07_CMC_S3__B2.2_Zoom_Meeting_Room_2_2021_10_07_12_41_55,5,2021CMC/output_2021_10_07_CMC_S3/B2.2_Zoom_Meeting_Room_2_2021_10_07_12_41_55_chunk5.json,14.0,0.35,lsa,91.0,1.0,0.06205884420673482,0.0044327745861953444,0.06205884420673482,0.0044327745861953444,0.0044327745861953444,1.0,-0.008865549172390689,0.06552874135233928,0.08305945414195297,0.0436794257299865,0.19226762122427876
2021CMC,output_2021_10_07_CMC_S3,output_2021_10_07_CMC_S3__B2.2_Zoom_Meeting_Room_2_2021_10_07_12_41_55,6,2021CMC/output_2021_10_07_CMC_S3/B2.2_Zoom_Meeting_Room_2_2021_10_07_12_41_55_chunk6.json,39.0,0.35,lsa,741.0,1.0,0.7448307230259971,0.01909822366733326,0.7448307230259971,0.01909822366733326,0.01909822366733326,1.0,0.0,0.1933538489531511,0.29984697848283176,0.1391932947207869,0.6323941221567697
2021CMC,output_2021_10_07_CMC_S3,output_2021_10_07_CMC_S3__B2.2_Zoom_Meeting_Room_2_2021_10_07_12_41_55,7,2021CMC/output_2021_10_07_CMC_S3/B2.2_Zoom_Meeting_Room_2_2021_10_07_12_41_55_chunk7.json,36.0,0.35,lsa,630.0,8.0,1.9331142237373489,0.05369761732603747,0.2416392779671686,0.05369761732603747,0.05369761732603748,0.9172767453422809,0.09288966073925409,0.8413315796129257,0.7603172860362325,0.4590221742099569,2.060671039859115
2021CMC,output_2021_10_07_CMC_S4,output_2021_10_07_CMC_S4__B3_2021_10_07_12_41_16,1,2021CMC/output_2021_10_07_CMC_S4/B3_2021_10_07_12_41_16_chunk1.json,31.0,0.35,lsa,465.0,2.0,1.231056348716349,0.03971149511988223,0.6155281743581745,0.03971149511988223,0.03971149511988223,0.7270299294803396,0.06392962931382655,0.7919059610949954,0.41630787376053124,0.2952949969199785,1.5035088317755052
2021CMC,output_2021_10_07_CMC_S4,output_2021_10_07_CMC_S4__B3_2021_10_07_12_41_16,2,2021CMC/output_2021_10_07_CMC_S4/B3_2021_10_07_12_41_16_chunk2.json,22.0,0.35,lsa,231.0,2.0,0.07774264119807023,0.0035337564180941013,0.038871320599035114,0.0035337564180941013,0.0035337564180941013,0.9100248934239007,0.011106091599724319,0.050785353571360235,0.04567893214901578,0.061804729869207965,0.15826901558958398
2021CMC,output_2021_10_07_CMC_S4,output_2021_10_07_CMC_S4__B3_2021_10_07_12_41_16,3,2021CMC/output_2021_10_07_CMC_S4/B3_2021_10_07_12_41_16_chunk3.json,14.0,0.35,lsa,91.0,4.0,0.9307760743480986,0.06648400531057848,0.23269401858702465,0.06648400531057848,0.06648400531057848,0.6237035297811823,0.0,0.7169469242884117,0.6776193282504626,0.6081378262769181,2.0027040788157926
2021CMC,output_2021_10_07_CMC_S4,output_2021_10_07_CMC_S4__B3_2021_10_07_12_41_16,4,2021CMC/output_2021_10_07_CMC_S4/B3_2021_10_07_12_41_16_chunk4.json,18.0,0.35,lsa,153.0,2.0,0.18490717601824772,0.010272620889902651,0.09245358800912386,0.010272620889902651,0.010272620889902651,1.0,-0.0030994735166366676,0.11653175382833225,0.23263622980710172,0.13338635673814023,0.48255434037357425
2021CMC,output_2021_10_07_CMC_S4,output_2021_10_07_CMC_S4__B3_2021_10_07_12_41_16,5,2021CMC/output_2021_10_07_CMC_S4/B3_2021_10_07_12_41_16_chunk5.json,32.0,0.35,lsa,496.0,4.0,0.32215734255101863,0.010067416954719332,0.08053933563775466,0.010067416954719332,0.010067416954719334,1.0,0.00472948141181581,0.14572212112441732,0.16672690029305304,0.10748853164396835,0.41993755306143865
2021CMC,output_2021_10_07_CMC_S4,output_2021_10_07_CMC_S4__B3_2021_10_07_12_41_16,6,2021CMC/output_2021_10_07_CMC_S4/B3_2021_10_07_12_41_16_chunk6.json,28.0,0.35,lsa,378.0,3.0,0.37119589832245237,0.013256996368659013,0.12373196610748412,0.013256996368659013,0.013256996368659013,0.8506773757961089,-0.02256984792884668,0.12683177723650138,0.5259142054614242,0.14279883857013387,0.7955448212680595
2021CMC,output_2021_10_07_CMC_S4,output_2021_10_07_CMC_S4__B3_2021_10_07_12_41_16,7,2021CMC/output_2021_10_07_CMC_S4/B3_2021_10_07_12_41_16_chunk7.json,28.0,0.35,lsa,378.0,5.0,2.2039654354844496,0.07871305126730177,0.4407930870968899,0.07871305126730178,0.07871305126730178,0.7425461245810377,0.15742610253460357,1.2624766767943685,0.663554963321869,0.6881766757672034,2.614208315883441
2021CMC,output_2021_10_07_CMC_S5,output_2021_10_07_CMC_S5__B4_2021_10_07_12_37_15,1,2021CMC/output_2021_10_07_CMC_S5/B4_2021_10_07_12_37_15_chunk1.json,23.0,0.35,lsa,253.0,10.0,1.6436809885348849,0.07146439080586456,0.1643680988534885,0.07146439080586454,0.07146439080586454,0.8954597127263922,-0.05386521128148115,0.6852987427956682,1.0765282000975653,0.8722849373690094,2.6341118802622425
2021CMC,output_2021_10_07_CMC_S5,output_2021_10_07_CMC_S5__B4_2021_10_07_12_37_15,2,2021CMC/output_2021_10_07_CMC_S5/B4_2021_10_07_12_37_15_chunk2.json,14.0,0.35,lsa,91.0,1.0,0.22872984383243058,0.016337845988030755,0.22872984383243058,0.016337845988030755,0.016337845988030755,1.0,0.045745968766486116,0.31615728542089694,0.15728104480685454,0.12771309093817532,0.6011514211659268
2021CMC,output_2021_10_07_CMC_S5,output_2021_10_07_CMC_S5__B4_2021_10_07_12_37_15,3,2021CMC/output_2021_10_07_CMC_S5/B4_2021_10_07_12_37_15_chunk3.json,29.0,0.35,lsa,406.0,9.0,1.423824206377366,0.04909738642680573,0.15820268959748512,0.04909738642680573,0.04909738642680573,0.9688880121939704,0.06403449073867329,0.5830901062716692,0.6914619224282184,0.5998289416405658,1.8743809703404535
2021CMC,output_2021_10_07_CMC_S5,output_2021_10_07_CMC_S5__B4_2021_10_07_12_37_15,4,2021CMC/output_2021_10_07_CMC_S5/B4_2021_10_07_12_37_15_chunk4.json,21.0,0.35,lsa,210.0,2.0,1.2215052096047714,0.05816691474308435,0.6107526048023857,0.05816691474308435,0.05816691474308435,0.0,0.061943713980346614,0.5831525357904032,0.5799462467991632,0.47911160299765815,1.6422103855872243
2021CMC,output_2021_10_07_CMC_S5,output_2021_10_07_CMC_S5__B4_2021_10_07_12_37_15,5,2021CMC/output_2021_10_07_CMC_S5/B4_2021_10_07_12_37_15_chunk5.json,21.0,0.35,lsa,210.0,3.0,0.2634231410666851,0.012543959098413575,0.08780771368889502,0.012543959098413575,0.012543959098413575,1.0,0.010453726411704278,0.20673711747360682,0.15961151487278402,0.13946050945317867,0.5058091417995695
2021CMC,output_2021_10_07_CMC_S5,output_2021_10_07_CMC_S5__B4_2021_10_07_12_37_15,6,2021CMC/output_2021_10_07_CMC_S5/B4_2021_10_07_12_37_15_chunk6.json,26.0,0.35,lsa,325.0,2.0,0.3561259421954423,0.013697151622901627,0.17806297109772115,0.013697151622901627,0.013697151622901627,0.0,0.02006843275791169,0.1946935614683803,0.1596556351794889,0.15995608706610764,0.5143052837139768
2021CMC,output_2021_10_07_CMC_S5,output_2021_10_07_CMC_S5__B4_2021_10_07_12_37_15,7,2021CMC/output_2021_10_07_CMC_S5/B4_2021_10_07_12_37_15_chunk7.json,52.0,0.35,lsa,1326.0,12.0,1.5195771668766567,0.02922263782455109,0.12663143057305473,0.029222637824551086,0.02922263782455109,0.9625135303543884,0.019990108020390907,0.38551398126452974,0.5286830939552163,0.36796961570533493,1.2821666909250808
2021CMC,output_2021_10_07_CMC_S5,output_2021_10_07_CMC_S5__B4_2021_10_07_12_37_15,8,2021CMC/output_2021_10_07_CMC_S5/B4_2021_10_07_12_37_15_chunk8.json,3.0,0.35,lsa,3.0,0.0,0.0,0.0,0.0,0.0,0.0,0.0,0.0,0.0,0.0,0.0,0.0
2021CMC,output_2021_10_07_CMC_S6,output_2021_10_07_CMC_S6__B5_2021_10_07_12_37_23,1,2021CMC/output_2021_10_07_CMC_S6/B5_2021_10_07_12_37_23_chunk1.json,26.0,0.35,lsa,325.0,4.0,0.4838156912342572,0.0186082958167022,0.1209539228085643,0.0186082958167022,0.018608295816702203,1.0,-0.028459746543191604,0.18938387105310112,0.29663332334279513,0.216868074037827,0.7028852684337232
2021CMC,output_2021_10_07_CMC_S6,output_2021_10_07_CMC_S6__B5_2021_10_07_12_37_23,2,2021CMC/output_2021_10_07_CMC_S6/B5_2021_10_07_12_37_23_chunk2.json,17.0,0.35,lsa,136.0,1.0,0.7525333565330911,0.0442666680313583,0.7525333565330911,0.0442666680313583,0.0442666680313583,1.0,0.37626667826654553,0.9553625652747825,0.2871139587324485,0.27365854089590586,1.5161350649031367
2021CMC,output_2021_10_07_CMC_S6,output_2021_10_07_CMC_S6__B5_2021_10_07_12_37_23,3,2021CMC/output_2021_10_07_CMC_S6/B5_2021_10_07_12_37_23_chunk3.json,10.0,0.35,lsa,45.0,3.0,0.44565497760723266,0.044565497760723265,0.1485516592024109,0.044565497760723265,0.04456549776072326,0.48756856632656687,0.08913099552144652,0.447032138959985,0.43291756491130773,0.40427998751394434,1.284229691385237
2021CMC,output_2021_10_07_CMC_S6,output_2021_10_07_CMC_S6__B5_2021_10_07_12_37_23,4,2021CMC/output_2021_10_07_CMC_S6/B5_2021_10_07_12_37_23_chunk4.json,18.0,0.35,lsa,153.0,2.0,0.242628930081065,0.013479385004503611,0.1213144650405325,0.013479385004503611,0.013479385004503611,0.4909741129551106,-0.0035662786228113155,0.1931930550951102,0.3338660331300495,0.10794118348077732,0.635000271705937
2021CMC,output_2021_10_07_CMC_S6,output_2021_10_07_CMC_S6__B5_2021_10_07_12_37_23,5,2021CMC/output_2021_10_07_CMC_S6/B5_2021_10_07_12_37_23_chunk5.json,37.0,0.35,lsa,666.0,6.0,2.9763177915502093,0.0804410213932489,0.49605296525836823,0.0804410213932489,0.0804410213932489,0.8095678951398989,0.1390996840136356,0.7911266775786674,0.7833525861163511,0.7973976409522264,2.371876904647245
2021CMC,output_2021_10_07_CMC_S6,output_2021_10_07_CMC_S6__B5_2021_10_07_12_37_23,6,2021CMC/output_2021_10_07_CMC_S6/B5_2021_10_07_12_37_23_chunk6.json,6.0,0.35,lsa,15.0,3.0,0.22218255285783933,0.037030425476306555,0.07406085095261311,0.037030425476306555,0.037030425476306555,1.0,0.22218255285783933,0.5124220713496588,0.26227610112323685,0.5344408706177639,1.3091390430906595
2021CMC,output_2021_10_07_CMC_S6,output_2021_10_07_CMC_S6__B5_2021_10_07_12_37_23,7,2021CMC/output_2021_10_07_CMC_S6/B5_2021_10_07_12_37_23_chunk7.json,18.0,0.35,lsa,153.0,4.0,0.21087276447926628,0.01171515358218146,0.05271819111981657,0.01171515358218146,0.01171515358218146,0.7122773988207282,0.015858760397563974,0.18767656985046827,0.24195029729608247,0.22116322924634868,0.6507900963928994
2021CMC,output_2021_10_07_CMC_S6,output_2021_10_07_CMC_S6__B5_2021_10_07_12_37_23,8,2021CMC/output_2021_10_07_CMC_S6/B5_2021_10_07_12_37_23_chunk8.json,1.0,0.35,lsa,0.0,0.0,0.0,0.0,0.0,0.0,0.0,0.0,0.0,0.0,0.0,0.0,0.0
2021CMC,output_2021_10_07_CMC_S7,output_2021_10_07_CMC_S7__CMC_1_5,1,2021CMC/output_2021_10_07_CMC_S7/CMC_1_5_chunk1.json,55.0,0.35,lsa,1485.0,46.0,13.324195403295041,0.24225809824172803,0.2896564218107618,0.24225809824172806,0.24225809824172803,0.6466436050004128,0.4362915141600236,3.605274257651042,2.9009112320086645,2.5068184074831934,9.0130038971429
2021CMC,output_2021_10_07_CMC_S7,output_2021_10_07_CMC_S7__CMC_1_5,2,2021CMC/output_2021_10_07_CMC_S7/CMC_1_5_chunk2.json,26.0,0.35,lsa,325.0,5.0,0.7475251414578347,0.028750966979147488,0.14950502829156692,0.02875096697914749,0.02875096697914749,0.03138401049931669,-0.029256623364047215,0.3462279096635478,0.6597304789781345,0.27044115737650115,1.2763995460181834
2021CMC,output_2021_10_07_CMC_S7,output_2021_10_07_CMC_S7__CMC_1_5,3,2021CMC/output_2021_10_07_CMC_S7/CMC_1_5_chunk3.json,6.0,0.35,lsa,15.0,1.0,0.5426168855431877,0.09043614759053127,0.5426168855431877,0.09043614759053127,0.09043614759053127,1.0,0.18087229518106254,0.49544588867294637,0.49544588867294637,0.994753193976613,1.9856449713225057
2021CMC,output_2021_10_07_CMC_S7,output_2021_10_07_CMC_S7__CMC_1_5,4,2021CMC/output_2021_10_07_CMC_S7/CMC_1_5_chunk4.json,16.0,0.35,lsa,120.0,2.0,0.3830449065408218,0.023940306658801362,0.1915224532704109,0.023940306658801362,0.023940306658801362,1.0,-0.03363257530218199,0.18097628848680195,0.6279400157571204,0.2451198201998634,1.0540361244437857
2021CMC,output_2021_10_07_CMC_S7,output_2021_10_07_CMC_S7__CMC_1_5,5,2021CMC/output_2021_10_07_CMC_S7/CMC_1_5_chunk5.json,42.0,0.35,lsa,861.0,14.0,2.0658672806907425,0.04918731620692244,0.14756194862076732,0.04918731620692244,0.04918731620692244,0.6885122376332965,0.07298776151083979,1.033429893933523,0.5716938078722517,0.4906236464694167,2.095747348275191
2021CMC,output_2021_10_07_CMC_S7,output_2021_10_07_CMC_S7__CMC_1_5,6,2021CMC/output_2021_10_07_CMC_S7/CMC_1_5_chunk6.json,20.0,0.35,lsa,190.0,3.0,0.4376467018789926,0.02188233509394963,0.14588223395966418,0.02188233509394963,0.02188233509394963,0.10160988672440842,0.08605394931434618,0.2624606566859004,0.2010956141827373,0.3440154863455364,0.8075717572141741
2021CMC,output_2021_10_07_CMC_S7,output_2021_10_07_CMC_S7__CMC_1_5,7,2021CMC/output_2021_10_07_CMC_S7/CMC_1_5_chunk7.json,21.0,0.35,lsa,210.0,1.0,0.06656985680658883,0.0031699931812661348,0.06656985680658883,0.0031699931812661348,0.0031699931812661348,0.0,0.0,0.03695142619342127,0.05329667156576329,0.04633477984451834,0.13658287760370288
2021CMC,output_2021_10_07_CMC_S7,output_2021_10_07_CMC_S7__CMC_1_5,8,2021CMC/output_2021_10_07_CMC_S7/CMC_1_5_chunk8.json,22.0,0.35,lsa,231.0,7.0,1.8309648587106866,0.0832256753959403,0.26156640838724093,0.0832256753959403,0.08322567539594031,0.891490826224557,0.20752833792863667,1.613193590061201,0.7359065079086027,0.6257505515501447,2.9748506495199485
2021CMC,output_2021_10_08_CMC_S1,output_2021_10_08_CMC_S1__2021_10_08_09_59_21,1,2021CMC/output_2021_10_08_CMC_S1/2021_10_08_09_59_21_chunk1.json,41.0,0.35,lsa,820.0,16.0,3.436711848753509,0.08382224021350022,0.21479449054709432,0.08382224021350024,0.08382224021350022,0.6677324087750874,0.1403189284864559,0.8726290675323356,1.0201408876605444,1.2917923657562715,3.1845623209491514
2021CMC,output_2021_10_08_CMC_S1,output_2021_10_08_CMC_S1__2021_10_08_09_59_21,2,2021CMC/output_2021_10_08_CMC_S1/2021_10_08_09_59_21_chunk2.json,9.0,0.35,lsa,36.0,2.0,0.6349200312817281,0.07054667014241424,0.31746001564086407,0.07054667014241424,0.07054667014241424,1.0,0.02898597465589676,0.6459779027281561,0.5186253218663694,0.5851350858086607,1.7497383104031865
2021CMC,output_2021_10_08_CMC_S1,output_2021_10_08_CMC_S1__2021_10_08_09_59_21,3,2021CMC/output_2021_10_08_CMC_S1/2021_10_08_09_59_21_chunk3.json,9.0,0.35,lsa,36.0,4.0,0.7388934736444337,0.08209927484938152,0.18472336841110842,0.08209927484938152,0.08209927484938154,1.0,0.13062804690343785,0.9112118286652253,0.7835933514789092,0.703815213746541,2.3986203938906754
2021CMC,output_2021_10_08_CMC_S1,output_2021_10_08_CMC_S1__2021_10_08_09_59_21,4,2021CMC/output_2021_10_08_CMC_S1/2021_10_08_09_59_21_chunk4.json,13.0,0.35,lsa,78.0,1.0,0.24385469359223672,0.01875805335324898,0.24385469359223672,0.01875805335324898,0.01875805335324898,1.0,0.0812848978640789,0.17960717957771669,0.15344938442272793,0.28115287333821715,0.6142094373386617
2021CMC,output_2021_10_08_CMC_S1,output_2021_10_08_CMC_S1__2021_10_08_09_59_21,5,2021CMC/output_2021_10_08_CMC_S1/2021_10_08_09_59_21_chunk5.json,20.0,0.35,lsa,190.0,2.0,0.9433289512534533,0.047166447562672666,0.47166447562672664,0.047166447562672666,0.047166447562672666,0.10194438292233639,0.0,0.36629209950764163,0.5233410000344184,0.3547147192377869,1.244347818779847
2021CMC,output_2021_10_08_CMC_S1,output_2021_10_08_CMC_S1__2021_10_08_09_59_21,6,2021CMC/output_2021_10_08_CMC_S1/2021_10_08_09_59_21_chunk6.json,19.0,0.35,lsa,171.0,2.0,0.5272251178020668,0.027748690410635095,0.2636125589010334,0.027748690410635095,0.027748690410635095,1.0,0.04393542648350557,0.7053263915971023,0.2283715874390275,0.20968700913163685,1.1433849881677667
2021CMC,output_2021_10_08_CMC_S1,output_2021_10_08_CMC_S1__2021_10_08_09_59_21,7,2021CMC/output_2021_10_08_CMC_S1/2021_10_08_09_59_21_chunk7.json,58.0,0.35,lsa,1653.0,97.0,22.680566163029212,0.3910442441901588,0.23382026972195064,0.3910442441901588,0.3910442441901588,0.5825489250804039,0.4955370037786683,5.354014176187487,5.7072987277047345,4.135956649620415,15.197269553512637
2021CMC,output_2021_10_08_CMC_S1,output_2021_10_08_CMC_S1__2021_10_08_09_59_21,8,2021CMC/output_2021_10_08_CMC_S1/2021_10_08_09_59_21_chunk8.json,35.0,0.35,lsa,595.0,8.0,2.958346188010846,0.0845241768003099,0.36979327350135577,0.0845241768003099,0.0845241768003099,0.9869244652686989,0.12169267960288915,0.9342169438209458,0.9050686798392638,0.979878845225076,2.8191644688852855
2021CMC,output_2021_10_08_CMC_S10,output_2021_10_08_CMC_S10__B2_Zoom_Meeting_Room_2_2021_10_08_13_02_10,1,2021CMC/output_2021_10_08_CMC_S10/B2_Zoom_Meeting_Room_2_2021_10_08_13_02_10_chunk1.json,50.0,0.35,lsa,1225.0,53.0,15.937583012028433,0.31875166024056867,0.30070911343449874,0.31875166024056867,0.3187516602405687,0.8018699961530422,-0.002681446779415536,5.1231987652337185,4.978609355042761,2.3851146764041906,12.486922796680672
2021CMC,output_2021_10_08_CMC_S10,output_2021_10_08_CMC_S10__B2_Zoom_Meeting_Room_2_2021_10_08_13_02_10,2,2021CMC/output_2021_10_08_CMC_S10/B2_Zoom_Meeting_Room_2_2021_10_08_13_02_10_chunk2.json,27.0,0.35,lsa,351.0,0.0,0.0,0.0,0.0,0.0,0.0,0.0,0.0,0.0,0.0,0.0,0.0
2021CMC,output_2021_10_08_CMC_S10,output_2021_10_08_CMC_S10__B2_Zoom_Meeting_Room_2_2021_10_08_13_02_10,3,2021CMC/output_2021_10_08_CMC_S10/B2_Zoom_Meeting_Room_2_2021_10_08_13_02_10_chunk3.json,17.0,0.35,lsa,136.0,1.0,0.14066257026879556,0.008274268839340916,0.14066257026879556,0.008274268839340916,0.008274268839340916,1.0,0.0,0.09875218894385718,0.14197166186619659,0.07663755916158542,0.3173614099716392
2021CMC,output_2021_10_08_CMC_S10,output_2021_10_08_CMC_S10__B2_Zoom_Meeting_Room_2_2021_10_08_13_02_10,4,2021CMC/output_2021_10_08_CMC_S10/B2_Zoom_Meeting_Room_2_2021_10_08_13_02_10_chunk4.json,24.0,0.35,lsa,276.0,8.0,1.7483985314616024,0.0728499388109001,0.2185498164327003,0.0728499388109001,0.0728499388109001,0.8338254066410392,0.17511912684302577,1.110232725817014,0.68100218230575,1.0032000197782416,2.7944349279010057
2021CMC,output_2021_10_08_CMC_S10,output_2021_10_08_CMC_S10__B2_Zoom_Meeting_Room_2_2021_10_08_13_02_10,5,2021CMC/output_2021_10_08_CMC_S10/B2_Zoom_Meeting_Room_2_2021_10_08_13_02_10_chunk5.json,18.0,0.35,lsa,153.0,3.0,0.5016417966748836,0.0278689887041602,0.1672139322249612,0.0278689887041602,0.0278689887041602,0.7336463977032325,-0.012780770389618692,0.2639794612006757,0.4759851595786109,0.281847722093876,1.0218123428731625
2021CMC,output_2021_10_08_CMC_S10,output_2021_10_08_CMC_S10__B2_Zoom_Meeting_Room_2_2021_10_08_13_02_10,6,2021CMC/output_2021_10_08_CMC_S10/B2_Zoom_Meeting_Room_2_2021_10_08_13_02_10_chunk6.json,18.0,0.35,lsa,153.0,2.0,0.12092156518108534,0.006717864732282519,0.06046078259054267,0.006717864732282519,0.006717864732282519,1.0,0.01727450931158362,0.13403255310811704,0.06097911815031615,0.09063576968961023,0.2856474409480434
2021CMC,output_2021_10_08_CMC_S10,output_2021_10_08_CMC_S10__B2_Zoom_Meeting_Room_2_2021_10_08_13_02_10,7,2021CMC/output_2021_10_08_CMC_S10/B2_Zoom_Meeting_Room_2_2021_10_08_13_02_10_chunk7.json,49.0,0.35,lsa,1176.0,48.0,10.862871346442551,0.22169125196821532,0.22630981971755315,0.2216912519682153,0.2216912519682153,0.682364565204621,0.3382375022391413,3.0904293670049534,2.7279428171784526,2.9664448025397125,8.784816986723119
2021CMC,output_2021_10_08_CMC_S10,output_2021_10_08_CMC_S10__B2_Zoom_Meeting_Room_2_2021_10_08_13_02_10,8,2021CMC/output_2021_10_08_CMC_S10/B2_Zoom_Meeting_Room_2_2021_10_08_13_02_10_chunk8.json,24.0,0.35,lsa,276.0,3.0,0.705108823124208,0.029379534296841998,0.23503627437473598,0.029379534296841998,0.029379534296841998,0.3854431043365131,0.0705108823124208,0.3213857045745517,0.31013312875579907,0.37601194170296215,1.007530775033313
2021CMC,output_2021_10_08_CMC_S11,output_2021_10_08_CMC_S11__B3_2021_10_08_13_01_43,1,2021CMC/output_2021_10_08_CMC_S11/B3_2021_10_08_13_01_43_chunk1.json,41.0,0.35,lsa,820.0,28.0,4.990882867183883,0.1217288504191191,0.17824581668513867,0.1217288504191191,0.1217288504191191,0.7930301824463862,0.22582022562416726,1.5117688740090207,1.2739584579822316,1.5438486855669584,4.32957601755821
2021CMC,output_2021_10_08_CMC_S11,output_2021_10_08_CMC_S11__B3_2021_10_08_13_01_43,2,2021CMC/output_2021_10_08_CMC_S11/B3_2021_10_08_13_01_43_chunk2.json,22.0,0.35,lsa,231.0,5.0,0.6071861617632432,0.027599370989238328,0.12143723235264865,0.027599370989238328,0.027599370989238325,0.48506732289336585,0.06071861617632431,0.32575718225537353,0.32820078484013365,0.3542308036340665,1.0081887707295736
2021CMC,output_2021_10_08_CMC_S11,output_2021_10_08_CMC_S11__B3_2021_10_08_13_01_43,3,2021CMC/output_2021_10_08_CMC_S11/B3_2021_10_08_13_01_43_chunk3.json,25.0,0.35,lsa,300.0,10.0,3.050904525746921,0.12203618102987684,0.30509045257469214,0.12203618102987686,0.12203618102987686,0.15251386635635375,-0.0939015660475547,1.1457668535668804,1.9218229025508768,0.8597569270608778,3.927346683178635
2021CMC,output_2021_10_08_CMC_S11,output_2021_10_08_CMC_S11__B3_2021_10_08_13_01_43,4,2021CMC/output_2021_10_08_CMC_S11/B3_2021_10_08_13_01_43_chunk4.json,16.0,0.35,lsa,120.0,1.0,0.7511457874581521,0.046946611716134505,0.7511457874581521,0.046946611716134505,0.046946611716134505,0.0,0.1502291574916304,0.44933308758313273,0.28672135002113797,0.44933308758313273,1.1853875251874033
2021CMC,output_2021_10_08_CMC_S11,output_2021_10_08_CMC_S11__B3_2021_10_08_13_01_43,5,2021CMC/output_2021_10_08_CMC_S11/B3_2021_10_08_13_01_43_chunk5.json,15.0,0.35,lsa,105.0,2.0,0.8652713873699884,0.05768475915799923,0.4326356936849942,0.05768475915799923,0.05768475915799923,0.7891323369951865,0.14421189789499808,0.6172030452785493,0.4247703759586085,0.4421131236934386,1.4840865449305964
2021CMC,output_2021_10_08_CMC_S11,output_2021_10_08_CMC_S11__B3_2021_10_08_13_01_43,6,2021CMC/output_2021_10_08_CMC_S11/B3_2021_10_08_13_01_43_chunk6.json,19.0,0.35,lsa,171.0,1.0,0.5186285195249625,0.02729623786973487,0.5186285195249625,0.02729623786973487,0.02729623786973487,1.0,0.0,0.2741562581796867,0.2942581262422334,0.2063584895647344,0.7747728739866544
2021CMC,output_2021_10_08_CMC_S11,output_2021_10_08_CMC_S11__B3_2021_10_08_13_01_43,7,2021CMC/output_2021_10_08_CMC_S11/B3_2021_10_08_13_01_43_chunk7.json,26.0,0.35,lsa,325.0,2.0,0.5827512750078075,0.022413510577223367,0.2913756375039038,0.022413510577223367,0.022413510577223367,0.747408492126509,0.05827512750078075,0.5374165693750623,0.19364406656105648,0.20054400012455964,0.9316046360606784
2021CMC,output_2021_10_08_CMC_S11,output_2021_10_08_CMC_S11__B3_2021_10_08_13_01_43,8,2021CMC/output_2021_10_08_CMC_S11/B3_2021_10_08_13_01_43_chunk8.json,17.0,0.35,lsa,136.0,3.0,1.027845425637497,0.060461495625735114,0.34261514187916564,0.060461495625735114,0.060461495625735114,0.9098215767137307,0.10390621619683367,0.6030362721470435,0.7297203504872156,0.45672111317359654,1.7894777358078557
2021CMC,output_2021_10_08_CMC_S12,output_2021_10_08_CMC_S12__B4_2021_10_08_13_01_38,1,2021CMC/output_2021_10_08_CMC_S12/B4_2021_10_08_13_01_38_chunk1.json,32.0,0.35,lsa,496.0,11.0,1.1222163432599768,0.035069260726874274,0.1020196675690888,0.035069260726874274,0.035069260726874274,0.6696774404624762,0.016142379711384477,0.5885045753108429,0.7481899170769273,0.47097655893002877,1.807671051317799
2021CMC,output_2021_10_08_CMC_S12,output_2021_10_08_CMC_S12__B4_2021_10_08_13_01_38,2,2021CMC/output_2021_10_08_CMC_S12/B4_2021_10_08_13_01_38_chunk2.json,9.0,0.35,lsa,36.0,0.0,0.0,0.0,0.0,0.0,0.0,0.0,0.0,0.0,0.0,0.0,0.0
2021CMC,output_2021_10_08_CMC_S12,output_2021_10_08_CMC_S12__B4_2021_10_08_13_01_38,3,2021CMC/output_2021_10_08_CMC_S12/B4_2021_10_08_13_01_38_chunk3.json,13.0,0.35,lsa,78.0,2.0,0.26905746566120675,0.020696728127785134,0.13452873283060338,0.020696728127785134,0.020696728127785134,1.0,-0.06489786926953862,0.1699901773636291,0.43555548870126637,0.17437675666283484,0.7799224227277303
2021CMC,output_2021_10_08_CMC_S12,output_2021_10_08_CMC_S12__B4_2021_10_08_13_01_38,4,2021CMC/output_2021_10_08_CMC_S12/B4_2021_10_08_13_01_38_chunk4.json,20.0,0.35,lsa,190.0,2.0,0.26933883097184036,0.013466941548592019,0.13466941548592018,0.013466941548592019,0.013466941548592019,1.0,-0.03217770082161856,0.1340050096791649,0.2700190307634545,0.11802630836658382,0.5220503488092032
2021CMC,output_2021_10_08_CMC_S12,output_2021_10_08_CMC_S12__B4_2021_10_08_13_01_38,5,2021CMC/output_2021_10_08_CMC_S12/B4_2021_10_08_13_01_38_chunk5.json,27.0,0.35,lsa,351.0,3.0,1.0789296198595166,0.03996035629109321,0.3596432066198389,0.0399603562910932,0.03996035629109321,0.2167311344404897,-0.05856881343039276,0.33832372929576104,0.6805658250384443,0.3470702332173532,1.3659597875515586
2021CMC,output_2021_10_08_CMC_S12,output_2021_10_08_CMC_S12__B4_2021_10_08_13_01_38,6,2021CMC/output_2021_10_08_CMC_S12/B4_2021_10_08_13_01_38_chunk6.json,30.0,0.35,lsa,435.0,1.0,0.513456726327782,0.01711522421092607,0.513456726327782,0.01711522421092607,0.01711522421092607,1.0,0.04278806052731517,0.14002517953218124,0.15979809687812344,0.27211360891286956,0.5719368853231743
2021CMC,output_2021_10_08_CMC_S12,output_2021_10_08_CMC_S12__B4_2021_10_08_13_01_38,7,2021CMC/output_2021_10_08_CMC_S12/B4_2021_10_08_13_01_38_chunk7.json,25.0,0.35,lsa,300.0,5.0,0.707605088326533,0.02830420353306132,0.14152101766530661,0.028304203533061317,0.02830420353306132,0.1061365169770347,-0.013446693851890882,0.3372708180883606,0.42260550927150653,0.34744694208013327,1.1073232694400006
2021CMC,output_2021_10_08_CMC_S12,output_2021_10_08_CMC_S12__B4_2021_10_08_13_01_38,8,2021CMC/output_2021_10_08_CMC_S12/B4_2021_10_08_13_01_38_chunk8.json,18.0,0.35,lsa,153.0,11.0,1.8663606566218995,0.10368670314566109,0.16966915060199086,0.10368670314566109,0.1036867031456611,0.921428077419252,0.028121370899751516,0.748788353857123,1.7504697931090265,1.5696107923923641,4.068868939358514
2021CMC,output_2021_10_08_CMC_S13,output_2021_10_08_CMC_S13__B5_2021_10_08_13_01_46,1,2021CMC/output_2021_10_08_CMC_S13/B5_2021_10_08_13_01_46_chunk1.json,30.0,0.35,lsa,435.0,9.0,0.5166630166940496,0.01722210055646832,0.0574070018548944,0.01722210055646832,0.01722210055646832,0.626763707010718,0.03339189801024513,0.32665565931801377,0.2405242124280809,0.1642450417708381,0.7314249135169327
2021CMC,output_2021_10_08_CMC_S13,output_2021_10_08_CMC_S13__B5_2021_10_08_13_01_46,2,2021CMC/output_2021_10_08_CMC_S13/B5_2021_10_08_13_01_46_chunk2.json,24.0,0.35,lsa,276.0,0.0,0.0,0.0,0.0,0.0,0.0,0.0,0.0,0.0,0.0,0.0,0.0
2021CMC,output_2021_10_08_CMC_S13,output_2021_10_08_CMC_S13__B5_2021_10_08_13_01_46,3,2021CMC/output_2021_10_08_CMC_S13/B5_2021_10_08_13_01_46_chunk3.json,16.0,0.35,lsa,120.0,2.0,0.23936391931284207,0.01496024495705263,0.11968195965642103,0.01496024495705263,0.01496024495705263,0.0,-0.012251783087917242,0.13243256232846728,0.23555509693446458,0.1921539165718944,0.5601415758348263
2021CMC,output_2021_10_08_CMC_S13,output_2021_10_08_CMC_S13__B5_2021_10_08_13_01_46,4,2021CMC/output_2021_10_08_CMC_S13/B5_2021_10_08_13_01_46_chunk4.json,40.0,0.35,lsa,780.0,6.0,2.8444546410766023,0.07111136602691506,0.47407577351276703,0.07111136602691505,0.07111136602691506,0.6545757311308367,0.005451427258665681,1.127534000131663,0.9407106567527017,0.6159450163369602,2.684189673221325
2021CMC,output_2021_10_08_CMC_S13,output_2021_10_08_CMC_S13__B5_2021_10_08_13_01_46,5,2021CMC/output_2021_10_08_CMC_S13/B5_2021_10_08_13_01_46_chunk5.json,24.0,0.35,lsa,276.0,1.0,0.5422400577085921,0.022593335737858003,0.5422400577085921,0.022593335737858003,0.022593335737858003,0.0,0.05422400577085921,0.49521687131791226,0.1667929409627168,0.17969518786653718,0.8417050001471662
2021CMC,output_2021_10_08_CMC_S13,output_2021_10_08_CMC_S13__B5_2021_10_08_13_01_46,6,2021CMC/output_2021_10_08_CMC_S13/B5_2021_10_08_13_01_46_chunk6.json,24.0,0.35,lsa,276.0,1.0,0.9788265673736058,0.04078444030723358,0.9788265673736058,0.04078444030723358,0.04078444030723358,0.0,0.08898423339760053,0.3177546276756985,0.2625221910453712,0.5360877944883214,1.1163646132093912
2021CMC,output_2021_10_08_CMC_S13,output_2021_10_08_CMC_S13__B5_2021_10_08_13_01_46,7,2021CMC/output_2021_10_08_CMC_S13/B5_2021_10_08_13_01_46_chunk7.json,20.0,0.35,lsa,190.0,4.0,0.26065327312629777,0.013032663656314888,0.06516331828157444,0.013032663656314888,0.013032663656314888,0.7827609237825218,0.018908112563401733,0.18322584094906508,0.17416407532931674,0.18262075166907535,0.5400106679474571
2021CMC,output_2021_10_08_CMC_S13,output_2021_10_08_CMC_S13__B5_2021_10_08_13_01_46,8,2021CMC/output_2021_10_08_CMC_S13/B5_2021_10_08_13_01_46_chunk8.json,21.0,0.35,lsa,210.0,3.0,0.5750822649088262,0.02738486975756315,0.19169408830294207,0.02738486975756315,0.02738486975756315,1.0,-0.026460773312095703,0.38642901309212796,0.754917613331692,0.18810479277938322,1.3294514192032032
2021CMC,output_2021_10_08_CMC_S14,output_2021_10_08_CMC_S14__Room5_Session2,1,2021CMC/output_2021_10_08_CMC_S14/Room5_Session2_chunk1.json,39.0,0.35,lsa,741.0,15.0,3.3178996211489498,0.08507434926022948,0.22119330807659665,0.08507434926022948,0.0850743492602295,0.4453923757264454,0.11131731394701766,1.206780615064617,1.2909675119518587,0.7915410732162006,3.2892892002326763
2021CMC,output_2021_10_08_CMC_S14,output_2021_10_08_CMC_S14__Room5_Session2,2,2021CMC/output_2021_10_08_CMC_S14/Room5_Session2_chunk2.json,24.0,0.35,lsa,276.0,3.0,0.27971230006480285,0.011654679169366786,0.09323743335493428,0.011654679169366787,0.011654679169366787,2.754461908329007e-05,0.0,0.12980022316829498,0.1507686238183167,0.11632124657314213,0.3968900935597538
2021CMC,output_2021_10_08_CMC_S14,output_2021_10_08_CMC_S14__Room5_Session2,3,2021CMC/output_2021_10_08_CMC_S14/Room5_Session2_chunk3.json,12.0,0.35,lsa,66.0,3.0,0.5244211233950578,0.04370176028292148,0.1748070411316859,0.04370176028292148,0.04370176028292148,1.0,0.10488422467901155,0.5529045691917198,0.36926664827527056,0.5108985913134675,1.4330698087804579
2021CMC,output_2021_10_08_CMC_S14,output_2021_10_08_CMC_S14__Room5_Session2,4,2021CMC/output_2021_10_08_CMC_S14/Room5_Session2_chunk4.json,38.0,0.35,lsa,703.0,8.0,2.320146081340457,0.061056475824748865,0.2900182601675571,0.06105647582474885,0.06105647582474885,0.567746186027311,0.1588289201349372,1.0900122829445797,0.615175976021697,0.45707837179980604,2.1622666307660827
2021CMC,output_2021_10_08_CMC_S14,output_2021_10_08_CMC_S14__Room5_Session2,5,2021CMC/output_2021_10_08_CMC_S14/Room5_Session2_chunk5.json,17.0,0.35,lsa,136.0,4.0,0.3057007172178794,0.017982395130463492,0.07642517930446985,0.017982395130463492,0.017982395130463492,0.7948205884073383,0.04367153103112563,0.2724647529245453,0.18856902179958446,0.2935468564667112,0.754580631190841
2021CMC,output_2021_10_08_CMC_S14,output_2021_10_08_CMC_S14__Room5_Session2,6,2021CMC/output_2021_10_08_CMC_S14/Room5_Session2_chunk6.json,29.0,0.35,lsa,406.0,2.0,0.6331435927872214,0.02183253768231798,0.3165717963936107,0.02183253768231798,0.02183253768231798,0.06181843926465721,0.05400033127733616,0.19514201571132384,0.19712008572021783,0.3660880063066723,0.758350107738214
2021CMC,output_2021_10_08_CMC_S14,output_2021_10_08_CMC_S14__Room5_Session2,7,2021CMC/output_2021_10_08_CMC_S14/Room5_Session2_chunk7.json,37.0,0.35,lsa,666.0,11.0,1.8958405645758938,0.05123893417772686,0.17234914223417216,0.051238934177726854,0.051238934177726854,0.7932476079771301,0.059595042362978724,0.6517266081915529,0.5792975350128401,0.8884508725774893,2.119475015781882
2021CMC,output_2021_10_08_CMC_S14,output_2021_10_08_CMC_S14__Room5_Session2,8,2021CMC/output_2021_10_08_CMC_S14/Room5_Session2_chunk8.json,19.0,0.35,lsa,171.0,1.0,0.06260858800135101,0.003295188842176369,0.06260858800135101,0.003295188842176369,0.003295188842176369,1.0,0.006260858800135101,0.03341769461971083,0.05483005352117731,0.05986136440875376,0.1481091125496419
2021CMC,output_2021_10_08_CMC_S2,output_2021_10_08_CMC_S2__B1_Zoom_Meeting_Room_1_2021_10_08_10_59_46,1,2021CMC/output_2021_10_08_CMC_S2/B1_Zoom_Meeting_Room_1_2021_10_08_10_59_46_chunk1.json,17.0,0.35,lsa,136.0,6.0,1.5022108670136667,0.08836534511845098,0.2503684778356111,0.08836534511845098,0.08836534511845097,0.0,0.08370181116894444,0.7115555953987247,0.8762473681343456,0.7109549850149207,2.298757948547991
2021CMC,output_2021_10_08_CMC_S2,output_2021_10_08_CMC_S2__B1_Zoom_Meeting_Room_1_2021_10_08_10_59_46,2,2021CMC/output_2021_10_08_CMC_S2/B1_Zoom_Meeting_Room_1_2021_10_08_10_59_46_chunk2.json,24.0,0.35,lsa,276.0,5.0,0.7232554310813775,0.030135642961724062,0.14465108621627548,0.030135642961724062,0.030135642961724055,0.9254185143029591,0.0743682184992083,0.5003577765553047,0.3255464657338824,0.34045388011312727,1.1663581224023143
2021CMC,output_2021_10_08_CMC_S2,output_2021_10_08_CMC_S2__B1_Zoom_Meeting_Room_1_2021_10_08_10_59_46,3,2021CMC/output_2021_10_08_CMC_S2/B1_Zoom_Meeting_Room_1_2021_10_08_10_59_46_chunk3.json,36.0,0.35,lsa,630.0,8.0,2.2701433451508786,0.06305953736530218,0.2837679181438598,0.06305953736530219,0.06305953736530218,0.8879711029077388,-0.05784967709270262,0.8486179024950639,1.4161051338904107,0.5028204394064538,2.7675434757919284
2021CMC,output_2021_10_08_CMC_S2,output_2021_10_08_CMC_S2__B1_Zoom_Meeting_Room_1_2021_10_08_10_59_46,4,2021CMC/output_2021_10_08_CMC_S2/B1_Zoom_Meeting_Room_1_2021_10_08_10_59_46_chunk4.json,17.0,0.35,lsa,136.0,0.0,0.0,0.0,0.0,0.0,0.0,0.0,0.0,0.0,0.0,0.0,0.0
2021CMC,output_2021_10_08_CMC_S2,output_2021_10_08_CMC_S2__B1_Zoom_Meeting_Room_1_2021_10_08_10_59_46,5,2021CMC/output_2021_10_08_CMC_S2/B1_Zoom_Meeting_Room_1_2021_10_08_10_59_46_chunk5.json,34.0,0.35,lsa,561.0,5.0,2.070638103534564,0.060901120692193056,0.4141276207069128,0.060901120692193056,0.060901120692193056,0.29352243779423987,0.0035611882249041546,0.6282569654063113,0.8472294293624343,0.47974057448839286,1.9552269692571385
2021CMC,output_2021_10_08_CMC_S2,output_2021_10_08_CMC_S2__B1_Zoom_Meeting_Room_1_2021_10_08_10_59_46,6,2021CMC/output_2021_10_08_CMC_S2/B1_Zoom_Meeting_Room_1_2021_10_08_10_59_46_chunk6.json,31.0,0.35,lsa,465.0,0.0,0.0,0.0,0.0,0.0,0.0,0.0,0.0,0.0,0.0,0.0,0.0
2021CMC,output_2021_10_08_CMC_S2,output_2021_10_08_CMC_S2__B1_Zoom_Meeting_Room_1_2021_10_08_10_59_46,7,2021CMC/output_2021_10_08_CMC_S2/B1_Zoom_Meeting_Room_1_2021_10_08_10_59_46_chunk7.json,66.0,0.35,lsa,2145.0,39.0,7.768604387201847,0.11770612707881586,0.19919498428722685,0.11770612707881586,0.11770612707881585,0.5806673793427755,0.04842162841257777,1.412533379270496,2.218365125724232,1.7271896445910122,5.35808814958574
2021CMC,output_2021_10_08_CMC_S2,output_2021_10_08_CMC_S2__B1_Zoom_Meeting_Room_1_2021_10_08_10_59_46,8,2021CMC/output_2021_10_08_CMC_S2/B1_Zoom_Meeting_Room_1_2021_10_08_10_59_46_chunk8.json,32.0,0.35,lsa,496.0,2.0,0.24227985256280704,0.00757124539258772,0.12113992628140352,0.00757124539258772,0.00757124539258772,0.6719416113930532,0.0061139952325910095,0.11999386904370483,0.1368366502405642,0.08511446622650856,0.34194498551077757
2021CMC,output_2021_10_08_CMC_S3,output_2021_10_08_CMC_S3__B2_Zoom_Meeting_Room_2_2021_10_08_10_59_57,1,2021CMC/output_2021_10_08_CMC_S3/B2_Zoom_Meeting_Room_2_2021_10_08_10_59_57_chunk1.json,43.0,0.35,lsa,903.0,22.0,3.3650582096449506,0.07825716766616164,0.15295719134749775,0.07825716766616164,0.07825716766616166,0.7894478172213613,0.07546991300969588,1.0077502345059268,1.3173857155877442,1.4219431059914969,3.747079056085168
2021CMC,output_2021_10_08_CMC_S3,output_2021_10_08_CMC_S3__B2_Zoom_Meeting_Room_2_2021_10_08_10_59_57,2,2021CMC/output_2021_10_08_CMC_S3/B2_Zoom_Meeting_Room_2_2021_10_08_10_59_57_chunk2.json,20.0,0.35,lsa,190.0,3.0,0.2989352037121484,0.014946760185607418,0.09964506790404946,0.014946760185607416,0.014946760185607418,0.8143204590615872,0.05978704074242967,0.4264032732615147,0.14157187145925323,0.14731511525938795,0.7152902599801558
2021CMC,output_2021_10_08_CMC_S3,output_2021_10_08_CMC_S3__B2_Zoom_Meeting_Room_2_2021_10_08_10_59_57,3,2021CMC/output_2021_10_08_CMC_S3/B2_Zoom_Meeting_Room_2_2021_10_08_10_59_57_chunk3.json,16.0,0.35,lsa,120.0,1.0,0.20681646276697901,0.012926028922936188,0.20681646276697901,0.012926028922936188,0.012926028922936188,0.0,-0.041363292553395804,0.11780861654189823,0.29359228268571236,0.11098536586399153,0.5223862650916021
2021CMC,output_2021_10_08_CMC_S3,output_2021_10_08_CMC_S3__B2_Zoom_Meeting_Room_2_2021_10_08_10_59_57,4,2021CMC/output_2021_10_08_CMC_S3/B2_Zoom_Meeting_Room_2_2021_10_08_10_59_57_chunk4.json,32.0,0.35,lsa,496.0,3.0,1.0764761017676818,0.03363987818024006,0.3588253672558939,0.03363987818024006,0.03363987818024006,0.07104300935441141,0.10500923803516864,0.42741807667223225,0.2927842905244117,0.2700860587428336,0.9902884259394775
2021CMC,output_2021_10_08_CMC_S3,output_2021_10_08_CMC_S3__B2_Zoom_Meeting_Room_2_2021_10_08_10_59_57,5,2021CMC/output_2021_10_08_CMC_S3/B2_Zoom_Meeting_Room_2_2021_10_08_10_59_57_chunk5.json,31.0,0.35,lsa,465.0,2.0,0.46256424177063854,0.014921427153891565,0.23128212088531927,0.014921427153891565,0.014921427153891565,0.8022675560400512,-0.046256424177063854,0.13048928342369845,0.8059001557384466,0.1287998144900161,1.0651892536521612
2021CMC,output_2021_10_08_CMC_S3,output_2021_10_08_CMC_S3__B2_Zoom_Meeting_Room_2_2021_10_08_10_59_57,6,2021CMC/output_2021_10_08_CMC_S3/B2_Zoom_Meeting_Room_2_2021_10_08_10_59_57_chunk6.json,23.0,0.35,lsa,253.0,1.0,0.023218137603606692,0.0010094842436350736,0.023218137603606692,0.0010094842436350736,0.0010094842436350736,1.0,0.0023218137603606692,0.011957308190486743,0.011957308190486743,0.159146854745421,0.18306147112639448
2021CMC,output_2021_10_08_CMC_S3,output_2021_10_08_CMC_S3__B2_Zoom_Meeting_Room_2_2021_10_08_10_59_57,7,2021CMC/output_2021_10_08_CMC_S3/B2_Zoom_Meeting_Room_2_2021_10_08_10_59_57_chunk7.json,62.0,0.35,lsa,1891.0,91.0,18.968601329361338,0.30594518273163446,0.2084461684545202,0.3059451827316344,0.3059451827316344,0.7973330269803455,0.15882095832626555,5.480741865770652,4.759096556077231,3.0001321020919294,13.23997052393981
2021CMC,output_2021_10_08_CMC_S3,output_2021_10_08_CMC_S3__B2_Zoom_Meeting_Room_2_2021_10_08_10_59_57,8,2021CMC/output_2021_10_08_CMC_S3/B2_Zoom_Meeting_Room_2_2021_10_08_10_59_57_chunk8.json,45.0,0.35,lsa,990.0,15.0,2.4296352350100467,0.05399189411133437,0.1619756823340031,0.05399189411133437,0.05399189411133437,0.6018447148640812,0.028751255812688406,1.7394339236324021,0.8173364761991015,0.567909174576367,3.1246795744078706
2021CMC,output_2021_10_08_CMC_S4,output_2021_10_08_CMC_S4__B3_2021_10_08_10_59_57,1,2021CMC/output_2021_10_08_CMC_S4/B3_2021_10_08_10_59_57_chunk1.json,20.0,0.35,lsa,190.0,2.0,1.0636780011894755,0.05318390005947378,0.5318390005947378,0.05318390005947378,0.05318390005947378,1.0,0.02339248951522516,0.584223477046893,0.4280876736435538,0.3890268865773055,1.4013380372677522
2021CMC,output_2021_10_08_CMC_S4,output_2021_10_08_CMC_S4__B3_2021_10_08_10_59_57,2,2021CMC/output_2021_10_08_CMC_S4/B3_2021_10_08_10_59_57_chunk2.json,20.0,0.35,lsa,190.0,4.0,0.8072951871147844,0.04036475935573922,0.2018237967786961,0.04036475935573922,0.04036475935573922,0.34107869926937084,0.07966870371647242,0.8851920538986537,0.4598093042215041,0.3873038351133191,1.732305193233477
2021CMC,output_2021_10_08_CMC_S4,output_2021_10_08_CMC_S4__B3_2021_10_08_10_59_57,3,2021CMC/output_2021_10_08_CMC_S4/B3_2021_10_08_10_59_57_chunk3.json,13.0,0.35,lsa,78.0,4.0,0.6498695284181736,0.04998996372447489,0.1624673821045434,0.04998996372447489,0.04998996372447489,0.6678236674528196,-0.016770883872281775,0.32377818387207985,0.6745003520167528,0.7034518949764834,1.701730430865316
2021CMC,output_2021_10_08_CMC_S4,output_2021_10_08_CMC_S4__B3_2021_10_08_10_59_57,4,2021CMC/output_2021_10_08_CMC_S4/B3_2021_10_08_10_59_57_chunk4.json,12.0,0.35,lsa,66.0,1.0,0.42242560982741856,0.03520213415228488,0.42242560982741856,0.03520213415228488,0.03520213415228488,1.0,0.08448512196548372,0.2349183493060803,0.29818747528183576,0.48651961408023336,1.0196254386681494
2021CMC,output_2021_10_08_CMC_S4,output_2021_10_08_CMC_S4__B3_2021_10_08_10_59_57,5,2021CMC/output_2021_10_08_CMC_S4/B3_2021_10_08_10_59_57_chunk5.json,19.0,0.35,lsa,171.0,2.0,0.11895476875442276,0.006260777302864356,0.05947738437721138,0.006260777302864356,0.006260777302864356,0.7134179528582311,0.01060805845093807,0.10325071765301813,0.08929487107081797,0.07660223682336108,0.2691478255471972
2021CMC,output_2021_10_08_CMC_S4,output_2021_10_08_CMC_S4__B3_2021_10_08_10_59_57,6,2021CMC/output_2021_10_08_CMC_S4/B3_2021_10_08_10_59_57_chunk6.json,24.0,0.35,lsa,276.0,2.0,1.1879434535218294,0.04949764389674289,0.5939717267609147,0.04949764389674289,0.04949764389674289,0.8417909093529292,0.0,0.4250019818346858,0.6899322966457271,0.33176559198240957,1.4466998704628224
2021CMC,output_2021_10_08_CMC_S4,output_2021_10_08_CMC_S4__B3_2021_10_08_10_59_57,7,2021CMC/output_2021_10_08_CMC_S4/B3_2021_10_08_10_59_57_chunk7.json,23.0,0.35,lsa,253.0,2.0,0.9171685775327567,0.03987689467533725,0.45858428876637836,0.03987689467533725,0.03987689467533725,0.0,0.08337896159388697,0.32776812979337333,0.3218565330691379,0.3784512863269362,1.0280759491894476
2021CMC,output_2021_10_08_CMC_S4,output_2021_10_08_CMC_S4__B3_2021_10_08_10_59_57,8,2021CMC/output_2021_10_08_CMC_S4/B3_2021_10_08_10_59_57_chunk8.json,21.0,0.35,lsa,210.0,1.0,0.2581865086220065,0.012294595648666976,0.2581865086220065,0.012294595648666976,0.012294595648666976,1.0,0.028687389846889608,0.22781732550033393,0.13260051310675064,0.09951521648470686,0.4599330550917914
2021CMC,output_2021_10_08_CMC_S5,output_2021_10_08_CMC_S5__B4_2021_10_08_10_59_30,1,2021CMC/output_2021_10_08_CMC_S5/B4_2021_10_08_10_59_30_chunk1.json,49.0,0.35,lsa,1176.0,36.0,5.146077232380745,0.10502198433430092,0.14294658978835403,0.10502198433430092,0.10502198433430093,0.6249272304399627,0.04196239064379542,1.5493309956720869,1.6742994470501877,1.2395444272930625,4.4631748700153375
2021CMC,output_2021_10_08_CMC_S5,output_2021_10_08_CMC_S5__B4_2021_10_08_10_59_30,2,2021CMC/output_2021_10_08_CMC_S5/B4_2021_10_08_10_59_30_chunk2.json,10.0,0.35,lsa,45.0,4.0,0.7347946726522474,0.07347946726522474,0.18369866816306185,0.07347946726522474,0.07347946726522474,0.9999999999999999,0.1159045935237346,0.8532403611480698,0.6813457949886734,0.6794957545466395,2.2140819106833827
2021CMC,output_2021_10_08_CMC_S5,output_2021_10_08_CMC_S5__B4_2021_10_08_10_59_30,3,2021CMC/output_2021_10_08_CMC_S5/B4_2021_10_08_10_59_30_chunk3.json,12.0,0.35,lsa,66.0,2.0,0.45954080360739386,0.03829506696728282,0.22977040180369693,0.03829506696728282,0.03829506696728282,1.0,0.0,0.48520180661118895,0.42732115159699036,0.29627591237081985,1.2087988705789992
2021CMC,output_2021_10_08_CMC_S5,output_2021_10_08_CMC_S5__B4_2021_10_08_10_59_30,4,2021CMC/output_2021_10_08_CMC_S5/B4_2021_10_08_10_59_30_chunk4.json,7.0,0.35,lsa,21.0,1.0,0.9100835336894098,0.1300119333842014,0.9100835336894098,0.1300119333842014,0.1300119333842014,1.0,0.0,0.6844690287679933,0.6844690287679933,0.8853608529886541,2.254298910524641
2021CMC,output_2021_10_08_CMC_S5,output_2021_10_08_CMC_S5__B4_2021_10_08_10_59_30,5,2021CMC/output_2021_10_08_CMC_S5/B4_2021_10_08_10_59_30_chunk5.json,18.0,0.35,lsa,153.0,1.0,0.5682033470575732,0.03156685261430962,0.5682033470575732,0.03156685261430962,0.03156685261430962,1.0,0.11364066941151466,0.21128124486120956,0.21128124486120956,0.9865361047435823,1.4090985944660015
2021CMC,output_2021_10_08_CMC_S5,output_2021_10_08_CMC_S5__B4_2021_10_08_10_59_30,6,2021CMC/output_2021_10_08_CMC_S5/B4_2021_10_08_10_59_30_chunk6.json,18.0,0.35,lsa,153.0,1.0,0.5636076931748387,0.031311538509713265,0.5636076931748387,0.031311538509713265,0.031311538509713265,1.0,0.05123706301589443,0.6969927148126224,0.23105558174358773,0.20996743097453896,1.1380157275307492
2021CMC,output_2021_10_08_CMC_S5,output_2021_10_08_CMC_S5__B4_2021_10_08_10_59_30,7,2021CMC/output_2021_10_08_CMC_S5/B4_2021_10_08_10_59_30_chunk7.json,58.0,0.35,lsa,1653.0,75.0,18.144772603222,0.3128409069521034,0.24193030137629332,0.3128409069521035,0.3128409069521034,0.7621635522199113,0.1285867276512696,4.770555363653685,5.298399150496483,3.003052899925074,13.072007414075241
2021CMC,output_2021_10_08_CMC_S5,output_2021_10_08_CMC_S5__B4_2021_10_08_10_59_30,8,2021CMC/output_2021_10_08_CMC_S5/B4_2021_10_08_10_59_30_chunk8.json,42.0,0.35,lsa,861.0,25.0,11.721668348394957,0.27908734162845134,0.46886673393579825,0.27908734162845134,0.27908734162845134,0.8280643646871126,0.16163598055695488,3.1440509429686654,4.007187959926611,2.9509601877242773,10.102199090619553
2021CMC,output_2021_10_08_CMC_S6,output_2021_10_08_CMC_S6__B5_2021_10_08_10_59_38,1,2021CMC/output_2021_10_08_CMC_S6/B5_2021_10_08_10_59_38_chunk1.json,16.0,0.35,lsa,120.0,3.0,0.6888769913204472,0.04305481195752795,0.2296256637734824,0.04305481195752795,0.04305481195752795,1.0,-0.08596451900390273,0.28382658309095704,0.8551053814964951,0.32254150645802593,1.461473471045478
2021CMC,output_2021_10_08_CMC_S6,output_2021_10_08_CMC_S6__B5_2021_10_08_10_59_38,2,2021CMC/output_2021_10_08_CMC_S6/B5_2021_10_08_10_59_38_chunk2.json,36.0,0.35,lsa,630.0,4.0,0.5958536429531069,0.01655149008203075,0.14896341073827674,0.01655149008203075,0.016551490082030752,0.007074457852338849,0.009645786937818923,0.20821695805794344,0.2173269678072105,0.17301125277895485,0.5985551786441088
2021CMC,output_2021_10_08_CMC_S6,output_2021_10_08_CMC_S6__B5_2021_10_08_10_59_38,3,2021CMC/output_2021_10_08_CMC_S6/B5_2021_10_08_10_59_38_chunk3.json,9.0,0.35,lsa,36.0,1.0,0.9485329242329384,0.10539254713699316,0.9485329242329384,0.10539254713699316,0.10539254713699316,0.0,-0.1897065848465877,0.5252265625409402,0.2925966015411765,0.5252265625409402,1.343049726623057
2021CMC,output_2021_10_08_CMC_S6,output_2021_10_08_CMC_S6__B5_2021_10_08_10_59_38,4,2021CMC/output_2021_10_08_CMC_S6/B5_2021_10_08_10_59_38_chunk4.json,21.0,0.35,lsa,210.0,5.0,1.3547924260217619,0.06451392504865533,0.2709584852043524,0.06451392504865532,0.06451392504865532,0.9999999999999999,0.03853341132885199,0.594320751298669,1.2366900272658619,0.6494888535681307,2.480499632132662
2021CMC,output_2021_10_08_CMC_S6,output_2021_10_08_CMC_S6__B5_2021_10_08_10_59_38,5,2021CMC/output_2021_10_08_CMC_S6/B5_2021_10_08_10_59_38_chunk5.json,12.0,0.35,lsa,66.0,1.0,0.06519074083182522,0.005432561735985435,0.06519074083182522,0.005432561735985435,0.005432561735985435,1.0,0.0,0.052372061991051634,0.07620332185715711,0.10032028494732431,0.22889566879553305
2021CMC,output_2021_10_08_CMC_S6,output_2021_10_08_CMC_S6__B5_2021_10_08_10_59_38,6,2021CMC/output_2021_10_08_CMC_S6/B5_2021_10_08_10_59_38_chunk6.json,21.0,0.35,lsa,210.0,4.0,0.9880735887749985,0.047051123274999926,0.24701839719374963,0.047051123274999926,0.047051123274999926,1.0,0.04947768873606359,0.4446671741436146,0.7460399099278138,0.4880152349993294,1.6787223190707579
2021CMC,output_2021_10_08_CMC_S6,output_2021_10_08_CMC_S6__B5_2021_10_08_10_59_38,7,2021CMC/output_2021_10_08_CMC_S6/B5_2021_10_08_10_59_38_chunk7.json,21.0,0.35,lsa,210.0,3.0,0.3136154215111786,0.014934067691008504,0.10453847383705954,0.014934067691008504,0.014934067691008504,0.5958202047770629,0.037371680933207065,0.184072816977431,0.19384285837589324,0.1739415383503852,0.5518572137037094
2021CMC,output_2021_10_08_CMC_S6,output_2021_10_08_CMC_S6__B5_2021_10_08_10_59_38,8,2021CMC/output_2021_10_08_CMC_S6/B5_2021_10_08_10_59_38_chunk8.json,28.0,0.35,lsa,378.0,1.0,0.5641959656748182,0.020149855916957792,0.5641959656748182,0.020149855916957792,0.020149855916957792,1.0,0.037613064378321216,0.5084208683755251,0.16617159309244994,0.14644301414592203,0.8210354756138971
2021CMC,output_2021_10_08_CMC_S7,output_2021_10_08_CMC_S7__Room5_Session1,1,2021CMC/output_2021_10_08_CMC_S7/Room5_Session1_chunk1.json,18.0,0.35,lsa,153.0,2.0,0.6954435022418064,0.0386357501245448,0.3477217511209032,0.0386357501245448,0.0386357501245448,1.0,0.0,0.48871054808441383,0.2850127971509804,0.3041068739257254,1.0778302191611195
2021CMC,output_2021_10_08_CMC_S7,output_2021_10_08_CMC_S7__Room5_Session1,2,2021CMC/output_2021_10_08_CMC_S7/Room5_Session1_chunk2.json,35.0,0.35,lsa,595.0,9.0,2.3389194600366556,0.0668262702867616,0.25987994000407283,0.06682627028676158,0.0668262702867616,0.26849282713159484,0.05445922570932035,1.094254067126563,1.666983540943199,0.7024844485883139,3.463722056658076
2021CMC,output_2021_10_08_CMC_S7,output_2021_10_08_CMC_S7__Room5_Session1,3,2021CMC/output_2021_10_08_CMC_S7/Room5_Session1_chunk3.json,16.0,0.35,lsa,120.0,1.0,0.8413192825991089,0.05258245516244431,0.8413192825991089,0.05258245516244431,0.05258245516244431,0.0,-0.12018846894272985,0.3117156953740147,0.6311440494252833,0.3117156953740147,1.254575440173313
2021CMC,output_2021_10_08_CMC_S7,output_2021_10_08_CMC_S7__Room5_Session1,4,2021CMC/output_2021_10_08_CMC_S7/Room5_Session1_chunk4.json,11.0,0.35,lsa,55.0,2.0,0.12246339215847366,0.011133035650770333,0.06123169607923683,0.011133035650770333,0.011133035650770333,1.0,0.024492678431694732,0.20416358545449048,0.13517383140165962,0.10385354694961807,0.44319096380576817
2021CMC,output_2021_10_08_CMC_S7,output_2021_10_08_CMC_S7__Room5_Session1,5,2021CMC/output_2021_10_08_CMC_S7/Room5_Session1_chunk5.json,8.0,0.35,lsa,28.0,4.0,0.7182748448788396,0.08978435560985495,0.1795687112197099,0.08978435560985497,0.08978435560985495,1.0000000000000002,0.0037621970479033012,0.5563235650692377,1.0879978133778165,1.0006066654986134,2.6449280439456677
2021CMC,output_2021_10_08_CMC_S7,output_2021_10_08_CMC_S7__Room5_Session1,6,2021CMC/output_2021_10_08_CMC_S7/Room5_Session1_chunk6.json,26.0,0.35,lsa,325.0,1.0,0.6299517355515296,0.024228912905828064,0.6299517355515296,0.024228912905828064,0.024228912905828064,0.0,-0.04845782581165613,0.18112492177480216,0.6282658810413143,0.17521169283371085,0.9846024956498274
2021CMC,output_2021_10_08_CMC_S7,output_2021_10_08_CMC_S7__Room5_Session1,7,2021CMC/output_2021_10_08_CMC_S7/Room5_Session1_chunk7.json,17.0,0.35,lsa,136.0,1.0,0.7619897687264324,0.04482292757214308,0.7619897687264324,0.04482292757214308,0.04482292757214308,0.0,0.0,0.32192066223197324,0.6158087939835637,0.2897827476301691,1.227512203845706
2021CMC,output_2021_10_08_CMC_S7,output_2021_10_08_CMC_S7__Room5_Session1,8,2021CMC/output_2021_10_08_CMC_S7/Room5_Session1_chunk8.json,37.0,0.35,lsa,666.0,9.0,3.397895542322063,0.09183501465735305,0.3775439491468959,0.09183501465735304,0.09183501465735303,0.7800433629011174,0.08453966297854218,1.470919215082283,1.2074757417057218,0.8147815490782317,3.4931765058662365
2021CMC,output_2021_10_08_CMC_S8,output_2021_10_08_CMC_S8__2021_10_08_12_01_45,1,2021CMC/output_2021_10_08_CMC_S8/2021_10_08_12_01_45_chunk1.json,33.0,0.35,lsa,528.0,9.0,1.8871023891929555,0.05718492088463501,0.2096780432436617,0.05718492088463502,0.057184920884635004,0.9730628448363081,0.24551418390311025,2.306263880256858,0.549961689119097,0.5717757996263926,3.428001369002348
2021CMC,output_2021_10_08_CMC_S8,output_2021_10_08_CMC_S8__2021_10_08_12_01_45,2,2021CMC/output_2021_10_08_CMC_S8/2021_10_08_12_01_45_chunk2.json,8.0,0.35,lsa,28.0,1.0,0.09216698131770258,0.011520872664712823,0.09216698131770258,0.011520872664712823,0.011520872664712823,0.0,0.03072232710590086,0.15819427708340375,0.13255178710273258,0.11453476814248499,0.40528083232862133
2021CMC,output_2021_10_08_CMC_S8,output_2021_10_08_CMC_S8__2021_10_08_12_01_45,3,2021CMC/output_2021_10_08_CMC_S8/2021_10_08_12_01_45_chunk3.json,15.0,0.35,lsa,105.0,2.0,0.09571137579572354,0.006380758386381569,0.04785568789786177,0.006380758386381569,0.006380758386381569,0.0,0.0025908274259147856,0.07818113827942691,0.11907355628068811,0.07205324380315452,0.26930793836326955
2021CMC,output_2021_10_08_CMC_S8,output_2021_10_08_CMC_S8__2021_10_08_12_01_45,4,2021CMC/output_2021_10_08_CMC_S8/2021_10_08_12_01_45_chunk4.json,15.0,0.35,lsa,105.0,1.0,0.7688630344428777,0.05125753562952518,0.7688630344428777,0.05125753562952518,0.05125753562952518,1.0,0.10983757634898253,0.3911117183468974,0.4210262787202647,0.3911117183468974,1.2032497154140596
2021CMC,output_2021_10_08_CMC_S8,output_2021_10_08_CMC_S8__2021_10_08_12_01_45,5,2021CMC/output_2021_10_08_CMC_S8/2021_10_08_12_01_45_chunk5.json,22.0,0.35,lsa,231.0,2.0,0.36210932121094797,0.016459514600497636,0.18105466060547398,0.016459514600497636,0.016459514600497636,1.0,0.022379572816616254,0.1835157649659653,0.22003479006643475,0.17669439076652468,0.5802449457989247
2021CMC,output_2021_10_08_CMC_S8,output_2021_10_08_CMC_S8__2021_10_08_12_01_45,6,2021CMC/output_2021_10_08_CMC_S8/2021_10_08_12_01_45_chunk6.json,30.0,0.35,lsa,435.0,7.0,0.5093014493558008,0.016976714978526694,0.07275734990797154,0.016976714978526698,0.016976714978526698,0.6507875805098675,-0.028976559997743442,0.17747355404595766,0.4953638276066477,0.18751511878794824,0.8603525004405537
2021CMC,output_2021_10_08_CMC_S8,output_2021_10_08_CMC_S8__2021_10_08_12_01_45,7,2021CMC/output_2021_10_08_CMC_S8/2021_10_08_12_01_45_chunk7.json,15.0,0.35,lsa,105.0,2.0,0.6889056595754053,0.045927043971693685,0.34445282978770264,0.045927043971693685,0.045927043971693685,1.0,-0.08484867957879115,0.36168454026161945,0.6989900164920192,0.3393776264994921,1.4000521832531307
2021CMC,output_2021_10_08_CMC_S8,output_2021_10_08_CMC_S8__2021_10_08_12_01_45,8,2021CMC/output_2021_10_08_CMC_S8/2021_10_08_12_01_45_chunk8.json,23.0,0.35,lsa,253.0,15.0,2.2753432380868905,0.09892796687334307,0.1516895492057927,0.09892796687334307,0.09892796687334307,0.5361695274171778,-0.030559326267060746,0.791251302621693,1.7214009987966332,1.229051734894957,3.741704036313283
2021CMC,output_2021_10_08_CMC_S9,output_2021_10_08_CMC_S9__B1_Zoom_Meeting_Room_1_2021_10_08_13_01_59,1,2021CMC/output_2021_10_08_CMC_S9/B1_Zoom_Meeting_Room_1_2021_10_08_13_01_59_chunk1.json,45.0,0.35,lsa,990.0,27.0,6.9514952365517,0.1544776719233711,0.2574627865389519,0.1544776719233711,0.1544776719233711,0.8700729998152145,0.037275228717877376,2.233366464854319,1.6956905514936456,1.643582632114011,5.572639648461975
2021CMC,output_2021_10_08_CMC_S9,output_2021_10_08_CMC_S9__B1_Zoom_Meeting_Room_1_2021_10_08_13_01_59,2,2021CMC/output_2021_10_08_CMC_S9/B1_Zoom_Meeting_Room_1_2021_10_08_13_01_59_chunk2.json,35.0,0.35,lsa,595.0,11.0,3.21093515606856,0.09174100445910172,0.2919031960062327,0.09174100445910172,0.09174100445910172,0.6836273336517874,-0.003269396718580786,1.2042973611699463,1.216558423533912,0.7959605594563319,3.2168163441601902
2021CMC,output_2021_10_08_CMC_S9,output_2021_10_08_CMC_S9__B1_Zoom_Meeting_Room_1_2021_10_08_13_01_59,3,2021CMC/output_2021_10_08_CMC_S9/B1_Zoom_Meeting_Room_1_2021_10_08_13_01_59_chunk3.json,36.0,0.35,lsa,630.0,5.0,0.9559091997055728,0.0265530333251548,0.19118183994111454,0.0265530333251548,0.026553033325154803,0.7520111995228522,0.0248807276926407,0.3890390211450742,0.4392381830633927,0.2727565942792979,1.101033798487765
2021CMC,output_2021_10_08_CMC_S9,output_2021_10_08_CMC_S9__B1_Zoom_Meeting_Room_1_2021_10_08_13_01_59,4,2021CMC/output_2021_10_08_CMC_S9/B1_Zoom_Meeting_Room_1_2021_10_08_13_01_59_chunk4.json,33.0,0.35,lsa,528.0,2.0,0.35982230373496066,0.010903706173786687,0.17991115186748033,0.010903706173786687,0.010903706173786687,0.9619988077723663,0.029985191977913387,0.1524338002006519,0.12231906132918884,0.11197722167062295,0.3867300832004637
2021CMC,output_2021_10_08_CMC_S9,output_2021_10_08_CMC_S9__B1_Zoom_Meeting_Room_1_2021_10_08_13_01_59,5,2021CMC/output_2021_10_08_CMC_S9/B1_Zoom_Meeting_Room_1_2021_10_08_13_01_59_chunk5.json,25.0,0.35,lsa,300.0,3.0,0.1394231961754186,0.005576927847016744,0.04647439872513953,0.005576927847016744,0.005576927847016745,0.1603238937532014,0.009515198372068196,0.10645061249369964,0.10382903047977066,0.06143648853880722,0.2717161315122775
2021CMC,output_2021_10_08_CMC_S9,output_2021_10_08_CMC_S9__B1_Zoom_Meeting_Room_1_2021_10_08_13_01_59,6,2021CMC/output_2021_10_08_CMC_S9/B1_Zoom_Meeting_Room_1_2021_10_08_13_01_59_chunk6.json,30.0,0.35,lsa,435.0,0.0,0.0,0.0,0.0,0.0,0.0,0.0,0.0,0.0,0.0,0.0,0.0
2021CMC,output_2021_10_08_CMC_S9,output_2021_10_08_CMC_S9__B1_Zoom_Meeting_Room_1_2021_10_08_13_01_59,7,2021CMC/output_2021_10_08_CMC_S9/B1_Zoom_Meeting_Room_1_2021_10_08_13_01_59_chunk7.json,43.0,0.35,lsa,903.0,16.0,5.133246395898574,0.11937782316043195,0.3208278997436609,0.11937782316043195,0.11937782316043195,0.4299809327643863,0.09919844960481504,2.3048584125178255,1.9463563847611869,0.9785456087472726,5.229760406026285
2021CMC,output_2021_10_08_CMC_S9,output_2021_10_08_CMC_S9__B1_Zoom_Meeting_Room_1_2021_10_08_13_01_59,8,2021CMC/output_2021_10_08_CMC_S9/B1_Zoom_Meeting_Room_1_2021_10_08_13_01_59_chunk8.json,23.0,0.35,lsa,253.0,6.0,0.8501709833832375,0.0369639557992712,0.14169516389720624,0.0369639557992712,0.03696395579927119,0.8304114629545105,-0.01770198620960406,0.6326760918919362,0.6099798902232172,0.38563472896404105,1.6282907110791944
2021MND,output_2021_04_22_MND_S1,output_2021_04_22_MND_S1__Bot1_2021_04_22_13_00_44,1,2021MND/output_2021_04_22_MND_S1/Bot1_2021_04_22_13_00_44_chunk1.json,33.0,0.35,lsa,528.0,5.0,0.4569304045255088,0.013846375894712389,0.09138608090510177,0.013846375894712389,0.013846375894712389,0.486506908591314,-0.008546289269608837,0.1707660318622299,0.2819876936021814,0.17402540210946618,0.6267791275738774
2021MND,output_2021_04_22_MND_S1,output_2021_04_22_MND_S1__Bot1_2021_04_22_13_00_44,2,2021MND/output_2021_04_22_MND_S1/Bot1_2021_04_22_13_00_44_chunk2.json,12.0,0.35,lsa,66.0,2.0,0.7215179314640837,0.06012649428867364,0.36075896573204186,0.06012649428867364,0.06012649428867364,0.0,0.08830147654797547,0.5354809155505421,0.6643226292531192,0.4596931989280989,1.6594967437317605
2021MND,output_2021_04_22_MND_S1,output_2021_04_22_MND_S1__Bot1_2021_04_22_13_00_44,3,2021MND/output_2021_04_22_MND_S1/Bot1_2021_04_22_13_00_44_chunk3.json,16.0,0.35,lsa,120.0,3.0,0.3659122173996652,0.022869513587479073,0.12197073913322172,0.022869513587479077,0.022869513587479077,0.0,0.046929627628969295,0.5274541982530344,0.24848539836101646,0.17463057263894322,0.9505701692529941
2021MND,output_2021_04_22_MND_S1,output_2021_04_22_MND_S1__Bot1_2021_04_22_13_00_44,4,2021MND/output_2021_04_22_MND_S1/Bot1_2021_04_22_13_00_44_chunk4.json,9.0,0.35,lsa,36.0,3.0,0.8575263436456391,0.09528070484951545,0.28584211454854636,0.09528070484951545,0.09528070484951545,0.7754670672595778,0.0641809682803088,0.892007137898515,0.7473264363899199,0.9115927815482339,2.550926355836669
2021MND,output_2021_04_22_MND_S1,output_2021_04_22_MND_S1__Bot1_2021_04_22_13_00_44,5,2021MND/output_2021_04_22_MND_S1/Bot1_2021_04_22_13_00_44_chunk5.json,15.0,0.35,lsa,105.0,1.0,0.8014187719144903,0.05342791812763269,0.8014187719144903,0.05342791812763269,0.05342791812763269,0.0,0.0,0.40267890609887036,0.567147709024538,0.33395084137520725,1.3037774564986155
2021MND,output_2021_04_22_MND_S1,output_2021_04_22_MND_S1__Bot1_2021_04_22_13_00_44,6,2021MND/output_2021_04_22_MND_S1/Bot1_2021_04_22_13_00_44_chunk6.json,20.0,0.35,lsa,190.0,2.0,0.1061511974369518,0.00530755987184759,0.0530755987184759,0.00530755987184759,0.00530755987184759,1.0,0.01061511974369518,0.06989439847255605,0.06072043958542949,0.09982231397961133,0.23043715203759688
2021MND,output_2021_04_22_MND_S1,output_2021_04_22_MND_S1__Bot1_2021_04_22_13_00_44,7,2021MND/output_2021_04_22_MND_S1/Bot1_2021_04_22_13_00_44_chunk7.json,12.0,0.35,lsa,66.0,3.0,0.4869040507403335,0.04057533756169446,0.16230135024677783,0.04057533756169446,0.04057533756169446,0.5826893711295636,0.0,0.4647672139619462,0.38794925876380226,0.6061766402946145,1.458893113020363
2021MND,output_2021_04_22_MND_S1,output_2021_04_22_MND_S1__Bot1_2021_04_22_13_00_44,8,2021MND/output_2021_04_22_MND_S1/Bot1_2021_04_22_13_00_44_chunk8.json,19.0,0.35,lsa,171.0,1.0,0.04077156733759626,0.0021458719651366452,0.04077156733759626,0.0021458719651366452,0.0021458719651366452,1.0,0.0,0.03823545702281642,0.03823545702281642,0.02433035904032495,0.1008012730859578
2021MND,output_2021_04_22_MND_S3,output_2021_04_22_MND_S3__Bot3_Zoom_Meeting_2021_04_22_13_05_56_v2,1,2021MND/output_2021_04_22_MND_S3/Bot3_Zoom_Meeting_2021_04_22_13_05_56_v2_chunk1.json,20.0,0.35,lsa,190.0,3.0,0.555233098421114,0.0277616549210557,0.18507769947370467,0.0277616549210557,0.0277616549210557,0.07180750081223868,-0.04767396521698037,0.21996639114677058,0.4155527663939528,0.3069840615412944,0.9425032190820177
2021MND,output_2021_04_22_MND_S3,output_2021_04_22_MND_S3__Bot3_Zoom_Meeting_2021_04_22_13_05_56_v2,2,2021MND/output_2021_04_22_MND_S3/Bot3_Zoom_Meeting_2021_04_22_13_05_56_v2_chunk2.json,22.0,0.35,lsa,231.0,1.0,0.7655467937495777,0.03479758153407171,0.7655467937495777,0.03479758153407171,0.03479758153407171,1.0,-0.06959516306814342,0.277178392237663,0.49799408335941214,0.23433732638865162,1.0095098019857267
2021MND,output_2021_04_22_MND_S3,output_2021_04_22_MND_S3__Bot3_Zoom_Meeting_2021_04_22_13_05_56_v2,3,2021MND/output_2021_04_22_MND_S3/Bot3_Zoom_Meeting_2021_04_22_13_05_56_v2_chunk3.json,16.0,0.35,lsa,120.0,1.0,0.9388601766258083,0.05867876103911302,0.9388601766258083,0.05867876103911302,0.05867876103911302,1.0,0.13412288237511547,0.7861405615419443,0.395941277937882,0.3376442361856943,1.5197260756655204
2021MND,output_2021_04_22_MND_S3,output_2021_04_22_MND_S3__Bot3_Zoom_Meeting_2021_04_22_13_05_56_v2,4,2021MND/output_2021_04_22_MND_S3/Bot3_Zoom_Meeting_2021_04_22_13_05_56_v2_chunk4.json,20.0,0.35,lsa,190.0,3.0,0.22290969388597492,0.011145484694298746,0.07430323129532497,0.011145484694298746,0.011145484694298746,0.9121894677349838,0.010955579386871727,0.1411690955730187,0.15111539159559703,0.16617450665399489,0.4584589938226107
2021MND,output_2021_04_22_MND_S3,output_2021_04_22_MND_S3__Bot3_Zoom_Meeting_2021_04_22_13_05_56_v2,5,2021MND/output_2021_04_22_MND_S3/Bot3_Zoom_Meeting_2021_04_22_13_05_56_v2_chunk5.json,19.0,0.35,lsa,171.0,1.0,0.8920332045750023,0.046949116030263284,0.8920332045750023,0.046949116030263284,0.046949116030263284,1.0,0.17840664091500047,0.7656226533883164,0.3253329545422836,0.28451384221907905,1.3754694501496791
2021MND,output_2021_04_22_MND_S3,output_2021_04_22_MND_S3__Bot3_Zoom_Meeting_2021_04_22_13_05_56_v2,6,2021MND/output_2021_04_22_MND_S3/Bot3_Zoom_Meeting_2021_04_22_13_05_56_v2_chunk6.json,12.0,0.35,lsa,66.0,2.0,0.817571855500703,0.06813098795839191,0.4087859277503515,0.06813098795839191,0.06813098795839191,0.2722895618514632,0.11679597935724328,0.5743649163090413,0.6483815039627779,0.46821309989011606,1.6909595201619352
2021MND,output_2021_04_22_MND_S3,output_2021_04_22_MND_S3__Bot3_Zoom_Meeting_2021_04_22_13_05_56_v2,7,2021MND/output_2021_04_22_MND_S3/Bot3_Zoom_Meeting_2021_04_22_13_05_56_v2_chunk7.json,20.0,0.35,lsa,190.0,4.0,0.5946945296137904,0.029734726480689522,0.1486736324034476,0.029734726480689526,0.029734726480689522,0.7407393333983031,0.07796531741300423,0.477778443967509,0.3454803201287227,0.3022895231854087,1.1255482872816405
2021MND,output_2021_04_22_MND_S3,output_2021_04_22_MND_S3__Bot3_Zoom_Meeting_2021_04_22_13_05_56_v2,8,2021MND/output_2021_04_22_MND_S3/Bot3_Zoom_Meeting_2021_04_22_13_05_56_v2_chunk8.json,2.0,0.35,lsa,1.0,0.0,0.0,0.0,0.0,0.0,0.0,0.0,0.0,0.0,0.0,0.0,0.0
2021MND,output_2021_04_22_MND_S4,output_2021_04_22_MND_S4__botB1_2021_04_22_13_01_59,1,2021MND/output_2021_04_22_MND_S4/botB1_2021_04_22_13_01_59_chunk1.json,18.0,0.35,lsa,153.0,5.0,1.7471555034004744,0.09706419463335969,0.34943110068009486,0.09706419463335969,0.09706419463335969,0.7962296414655601,-0.006041000810196047,0.945658383780394,0.9729236486064865,0.7712615584999734,2.689843590886854
2021MND,output_2021_04_22_MND_S4,output_2021_04_22_MND_S4__botB1_2021_04_22_13_01_59,2,2021MND/output_2021_04_22_MND_S4/botB1_2021_04_22_13_01_59_chunk2.json,11.0,0.35,lsa,55.0,0.0,0.0,0.0,0.0,0.0,0.0,0.0,0.0,0.0,0.0,0.0,0.0
2021MND,output_2021_04_22_MND_S4,output_2021_04_22_MND_S4__botB1_2021_04_22_13_01_59,3,2021MND/output_2021_04_22_MND_S4/botB1_2021_04_22_13_01_59_chunk3.json,15.0,0.35,lsa,105.0,4.0,1.1091146390234305,0.07394097593489538,0.27727865975585764,0.07394097593489538,0.07394097593489538,1.0,0.0,0.6811510537069048,0.5414146256277942,0.7681850891318645,1.9907507684665635
2021MND,output_2021_04_22_MND_S4,output_2021_04_22_MND_S4__botB1_2021_04_22_13_01_59,4,2021MND/output_2021_04_22_MND_S4/botB1_2021_04_22_13_01_59_chunk4.json,12.0,0.35,lsa,66.0,2.0,0.40423522442843207,0.03368626870236934,0.20211761221421604,0.03368626870236934,0.03368626870236934,1.0,-0.05774788920406172,0.3146060413882065,0.593566350211292,0.27521744723486274,1.1833898388343613
2021MND,output_2021_04_22_MND_S4,output_2021_04_22_MND_S4__botB1_2021_04_22_13_01_59,5,2021MND/output_2021_04_22_MND_S4/botB1_2021_04_22_13_01_59_chunk5.json,14.0,0.35,lsa,91.0,2.0,0.7173481816705995,0.051239155833614256,0.3586740908352998,0.051239155833614256,0.051239155833614256,1.0,0.11955803027843326,0.6985059688931536,0.3855520657723421,0.47922362413351965,1.5632816587990155
2021MND,output_2021_04_22_MND_S4,output_2021_04_22_MND_S4__botB1_2021_04_22_13_01_59,6,2021MND/output_2021_04_22_MND_S4/botB1_2021_04_22_13_01_59_chunk6.json,27.0,0.35,lsa,351.0,1.0,0.05268477955795897,0.0019512881317762581,0.05268477955795897,0.0019512881317762581,0.0019512881317762581,0.0,0.0027728831346294195,0.028850702185702945,0.04070318877413841,0.02338991948051893,0.09294381044036028
2021MND,output_2021_04_22_MND_S4,output_2021_04_22_MND_S4__botB1_2021_04_22_13_01_59,7,2021MND/output_2021_04_22_MND_S4/botB1_2021_04_22_13_01_59_chunk7.json,26.0,0.35,lsa,325.0,3.0,0.24081630440381935,0.009262165553993052,0.08027210146793978,0.009262165553993052,0.009262165553993052,0.5514378998352903,0.03010203805047742,0.1475474933933737,0.10762950093073463,0.1998338655073725,0.4550108598314808
2021MND,output_2021_04_22_MND_S4,output_2021_04_22_MND_S4__botB1_2021_04_22_13_01_59,8,2021MND/output_2021_04_22_MND_S4/botB1_2021_04_22_13_01_59_chunk8.json,26.0,0.35,lsa,325.0,4.0,0.6171749929390804,0.02373749972842617,0.1542937482347701,0.02373749972842617,0.02373749972842617,1.0,-0.01948385503593372,0.2731532520033585,0.4163707535536185,0.228214095262791,0.917738100819768
2021MND,output_2021_04_22_MND_S5,output_2021_04_22_MND_S5__botB2_2021_04_22_13_02_15,1,2021MND/output_2021_04_22_MND_S5/botB2_2021_04_22_13_02_15_chunk1.json,7.0,0.35,lsa,21.0,3.0,0.7405048098332322,0.10578640140474746,0.2468349366110774,0.10578640140474746,0.10578640140474746,1.0,0.07542810148501794,0.9435367838842865,1.0160843075038297,0.6687007297723252,2.6283218211604416
2021MND,output_2021_04_22_MND_S5,output_2021_04_22_MND_S5__botB2_2021_04_22_13_02_15,2,2021MND/output_2021_04_22_MND_S5/botB2_2021_04_22_13_02_15_chunk2.json,19.0,0.35,lsa,171.0,0.0,0.0,0.0,0.0,0.0,0.0,0.0,0.0,0.0,0.0,0.0,0.0
2021MND,output_2021_04_22_MND_S5,output_2021_04_22_MND_S5__botB2_2021_04_22_13_02_15,3,2021MND/output_2021_04_22_MND_S5/botB2_2021_04_22_13_02_15_chunk3.json,16.0,0.35,lsa,120.0,4.0,0.6545095641474378,0.04090684775921486,0.16362739103685944,0.04090684775921486,0.040906847759214854,0.11182193198384226,0.08156480730987753,0.314808274650588,0.4420022724714755,0.45861242002685704,1.2154229671489205
2021MND,output_2021_04_22_MND_S5,output_2021_04_22_MND_S5__botB2_2021_04_22_13_02_15,4,2021MND/output_2021_04_22_MND_S5/botB2_2021_04_22_13_02_15_chunk4.json,9.0,0.35,lsa,36.0,2.0,0.6699751282021789,0.07444168091135321,0.33498756410108943,0.07444168091135321,0.07444168091135321,0.15645628842537554,0.22332504273405962,0.8841542785127894,0.45524956378010506,0.5510333865523989,1.8904372288452933
2021MND,output_2021_04_22_MND_S5,output_2021_04_22_MND_S5__botB2_2021_04_22_13_02_15,5,2021MND/output_2021_04_22_MND_S5/botB2_2021_04_22_13_02_15_chunk5.json,19.0,0.35,lsa,171.0,1.0,0.130446164281315,0.006865587593753421,0.130446164281315,0.006865587593753421,0.006865587593753421,1.0,0.018635166325902144,0.10929341298552014,0.07623442811679963,0.07623442811679963,0.26176226921911944
2021MND,output_2021_04_22_MND_S5,output_2021_04_22_MND_S5__botB2_2021_04_22_13_02_15,6,2021MND/output_2021_04_22_MND_S5/botB2_2021_04_22_13_02_15_chunk6.json,29.0,0.35,lsa,406.0,1.0,0.04161455733074479,0.0014349847355429237,0.04161455733074479,0.0014349847355429237,0.0014349847355429237,1.0,0.0,0.017764618188941903,0.027560906409392186,0.024761049706815315,0.0700865743051494
2021MND,output_2021_04_22_MND_S5,output_2021_04_22_MND_S5__botB2_2021_04_22_13_02_15,7,2021MND/output_2021_04_22_MND_S5/botB2_2021_04_22_13_02_15_chunk7.json,27.0,0.35,lsa,351.0,2.0,0.39475664967839197,0.014620616654755258,0.19737832483919598,0.014620616654755258,0.014620616654755258,0.3893977419959795,-0.019214668502832967,0.1252025525596642,0.33316067298281093,0.20431588304492196,0.6626791085873971
2021MND,output_2021_04_22_MND_S5,output_2021_04_22_MND_S5__botB2_2021_04_22_13_02_15,8,2021MND/output_2021_04_22_MND_S5/botB2_2021_04_22_13_02_15_chunk8.json,15.0,0.35,lsa,105.0,1.0,1.0,0.06666666666666667,1.0,0.06666666666666667,0.06666666666666667,1.0,0.16666666666666666,0.9182958340544896,0.41381685030363374,0.37123232664087563,1.703345010998999
2021MND,output_2021_04_22_MND_S6,output_2021_04_22_MND_S6__Breakout_Room_4_Part_1_2021_04_22_12_58_44,1,2021MND/output_2021_04_22_MND_S6/Breakout_Room_4_Part_1_2021_04_22_12_58_44_chunk1.json,19.0,0.35,lsa,171.0,2.0,1.017017841249649,0.0535272548026131,0.5085089206248244,0.0535272548026131,0.0535272548026131,1.0,-0.10589049490557743,0.4673491836388495,0.6256259120355261,0.31339563852904545,1.406370734203421
2021MND,output_2021_04_22_MND_S6,output_2021_04_22_MND_S6__Breakout_Room_4_Part_1_2021_04_22_12_58_44,2,2021MND/output_2021_04_22_MND_S6/Breakout_Room_4_Part_1_2021_04_22_12_58_44_chunk2.json,8.0,0.35,lsa,28.0,1.0,0.3383786456220837,0.04229733070276046,0.3383786456220837,0.04229733070276046,0.04229733070276046,1.0,0.0,0.3129708416403839,0.5082830802811731,0.3129708416403839,1.134224763561941
2021MND,output_2021_04_22_MND_S6,output_2021_04_22_MND_S6__Breakout_Room_4_Part_2_2021_04_22_13_14_53,1,2021MND/output_2021_04_22_MND_S6/Breakout_Room_4_Part_2_2021_04_22_13_14_53_chunk1.json,1.0,0.35,lsa,0.0,0.0,0.0,0.0,0.0,0.0,0.0,0.0,0.0,0.0,0.0,0.0,0.0
2021MND,output_2021_04_22_MND_S7,output_2021_04_22_MND_S7__Room_5_Zoom_Meeting_4_22_2021_1_01_43_PM,1,2021MND/output_2021_04_22_MND_S7/Room_5_Zoom_Meeting_4_22_2021_1_01_43_PM_chunk1.json,20.0,0.35,lsa,190.0,3.0,0.6248130370064856,0.03124065185032428,0.2082710123354952,0.03124065185032428,0.03124065185032428,1.0,0.1041355061677476,0.25135223146480673,0.25744940009544953,0.5489994713857222,1.0578011029459784
2021MND,output_2021_04_22_MND_S7,output_2021_04_22_MND_S7__Room_5_Zoom_Meeting_4_22_2021_1_01_43_PM,2,2021MND/output_2021_04_22_MND_S7/Room_5_Zoom_Meeting_4_22_2021_1_01_43_PM_chunk2.json,8.0,0.35,lsa,28.0,2.0,0.9297816833500943,0.11622271041876178,0.46489084167504713,0.11622271041876178,0.11622271041876178,1.0,0.30992722778336473,1.139959404069756,0.7965059497144237,1.0111019490973538,2.9475673028815335
2021MND,output_2021_04_22_MND_S7,output_2021_04_22_MND_S7__Room_5_Zoom_Meeting_4_22_2021_1_16_56_PM,1,2021MND/output_2021_04_22_MND_S7/Room_5_Zoom_Meeting_4_22_2021_1_16_56_PM_chunk1.json,13.0,0.35,lsa,78.0,4.0,0.25667341802263566,0.019744109078664283,0.06416835450565891,0.019744109078664276,0.019744109078664283,0.9999999999999998,-0.009559071444455353,0.16137966226588535,0.414450187243743,0.2482372577673393,0.8240671072769676
2021MND,output_2021_04_22_MND_S7,output_2021_04_22_MND_S7__Room_5_Zoom_Meeting_4_22_2021_1_16_56_PM,2,2021MND/output_2021_04_22_MND_S7/Room_5_Zoom_Meeting_4_22_2021_1_16_56_PM_chunk2.json,11.0,0.35,lsa,55.0,4.0,0.8336530282564023,0.07578663893240022,0.20841325706410058,0.07578663893240022,0.07578663893240022,0.3659747721188993,0.04042184211829836,0.6591015057949193,0.8108407395064778,0.619041954697139,2.088984199998536
2021MND,output_2021_04_22_MND_S7,output_2021_04_22_MND_S7__Room_5_Zoom_Meeting_4_22_2021_1_16_56_PM,3,2021MND/output_2021_04_22_MND_S7/Room_5_Zoom_Meeting_4_22_2021_1_16_56_PM_chunk3.json,17.0,0.35,lsa,136.0,3.0,0.22727433090781587,0.013369078288695052,0.07575811030260529,0.013369078288695052,0.013369078288695052,1.0,0.01942276612624698,0.1854286043474825,0.1737474193604157,0.18424837603321986,0.5434243997411181
2021MND,output_2021_04_22_MND_S7,output_2021_04_22_MND_S7__Room_5_Zoom_Meeting_4_22_2021_1_16_56_PM,4,2021MND/output_2021_04_22_MND_S7/Room_5_Zoom_Meeting_4_22_2021_1_16_56_PM_chunk4.json,21.0,0.35,lsa,210.0,2.0,0.7449621747064815,0.03547438927173722,0.37248108735324076,0.03547438927173722,0.03547438927173722,0.5297863731677527,0.050041623717367555,0.4609296962311474,0.3535066284389866,0.3980856464574729,1.212521971127607
2021MND,output_2021_04_22_MND_S7,output_2021_04_22_MND_S7__Room_5_Zoom_Meeting_4_22_2021_1_16_56_PM,5,2021MND/output_2021_04_22_MND_S7/Room_5_Zoom_Meeting_4_22_2021_1_16_56_PM_chunk5.json,29.0,0.35,lsa,406.0,2.0,0.8152287426700258,0.028111335954138818,0.4076143713350129,0.028111335954138818,0.028111335954138818,0.007984341151656138,0.06793572855583548,0.48679630680610253,0.2227924113500548,0.20350610489057436,0.9130948230467317
2021MND,output_2021_04_22_MND_S7,output_2021_04_22_MND_S7__Room_5_Zoom_Meeting_4_22_2021_1_16_56_PM,6,2021MND/output_2021_04_22_MND_S7/Room_5_Zoom_Meeting_4_22_2021_1_16_56_PM_chunk6.json,33.0,0.35,lsa,528.0,3.0,1.110132226697787,0.03364037050599355,0.37004407556592905,0.03364037050599355,0.03364037050599354,0.5545283582747846,0.06530189568810511,0.8112086780595049,0.3158335200350107,0.26322967606522163,1.3902718741597373
2021MND,output_2021_04_22_MND_S8,output_2021_04_22_MND_S8__Zoom_Meeting_Room_6_2021_04_22_13_00_55,1,2021MND/output_2021_04_22_MND_S8/Zoom_Meeting_Room_6_2021_04_22_13_00_55_chunk1.json,25.0,0.35,lsa,300.0,4.0,1.4492940178490539,0.05797176071396216,0.36232350446226347,0.057971760713962164,0.05797176071396216,1.0,0.16379890469384356,0.5936623921675578,0.5142383285462714,0.6783684490402764,1.7862691697541055
2021MND,output_2021_04_22_MND_S8,output_2021_04_22_MND_S8__Zoom_Meeting_Room_6_2021_04_22_13_18_39,2,2021MND/output_2021_04_22_MND_S8/Zoom_Meeting_Room_6_2021_04_22_13_18_39_chunk2.json,22.0,0.35,lsa,231.0,3.0,0.2748566818910524,0.012493485540502381,0.09161889396368413,0.012493485540502381,0.012493485540502381,1.0,0.024986971081004762,0.343652620954626,0.14827017793433556,0.14875452061688674,0.6406773195058483
2021MND,output_2021_04_22_MND_S8,output_2021_04_22_MND_S8__Zoom_Meeting_Room_6_2021_04_22_13_18_39,3,2021MND/output_2021_04_22_MND_S8/Zoom_Meeting_Room_6_2021_04_22_13_18_39_chunk3.json,14.0,0.35,lsa,91.0,3.0,0.5579959376178245,0.039856852686987465,0.18599864587260817,0.039856852686987465,0.039856852686987465,0.27638595289472234,0.01538616108180113,0.42006647616683696,0.3930517082156122,0.44299976358992665,1.2561179479723759
2021MND,output_2021_04_22_MND_S8,output_2021_04_22_MND_S8__Zoom_Meeting_Room_6_2021_04_22_13_18_39,4,2021MND/output_2021_04_22_MND_S8/Zoom_Meeting_Room_6_2021_04_22_13_18_39_chunk4.json,20.0,0.35,lsa,190.0,2.0,0.3773282401566707,0.018866412007833535,0.18866412007833536,0.018866412007833535,0.018866412007833535,0.036672931458132746,-0.03773282401566707,0.15544555991513917,0.2742342440273538,0.19270154225133576,0.6223813461938287
2021MND,output_2021_04_22_MND_S8,output_2021_04_22_MND_S8__Zoom_Meeting_Room_6_2021_04_22_13_18_39,5,2021MND/output_2021_04_22_MND_S8/Zoom_Meeting_Room_6_2021_04_22_13_18_39_chunk5.json,35.0,0.35,lsa,595.0,4.0,0.6190281158937398,0.017686517596963994,0.15475702897343496,0.017686517596963998,0.017686517596963998,0.8459002963083526,0.01502639504480863,0.2475212658013187,0.31265049582145976,0.2086522996086501,0.7688240612314285
2021MND,output_2021_04_22_MND_S8,output_2021_04_22_MND_S8__Zoom_Meeting_Room_6_2021_04_22_13_18_39,6,2021MND/output_2021_04_22_MND_S8/Zoom_Meeting_Room_6_2021_04_22_13_18_39_chunk6.json,23.0,0.35,lsa,253.0,5.0,0.4315118591270738,0.01876138517943799,0.08630237182541475,0.01876138517943799,0.01876138517943799,0.9107649859637306,0.04345735843246674,0.3677684713334325,0.23410517334254188,0.26666492019529775,0.8685385648712721
2021MND,output_2021_04_23_MND_S1,output_2021_04_23_MND_S1__Bot_5_Zoom_Meeting_4_23_2021_11_24_29_AM,1,2021MND/output_2021_04_23_MND_S1/Bot_5_Zoom_Meeting_4_23_2021_11_24_29_AM_chunk1.json,22.0,0.35,lsa,231.0,7.0,0.6231869227961002,0.028326678308913646,0.08902670325658575,0.028326678308913646,0.028326678308913646,0.8003392325656506,-0.016106295379380534,0.25252652053780805,0.7164626541149794,0.32515155494621983,1.2941407295990073
2021MND,output_2021_04_23_MND_S1,output_2021_04_23_MND_S1__Bot_5_Zoom_Meeting_4_23_2021_11_24_29_AM,2,2021MND/output_2021_04_23_MND_S1/Bot_5_Zoom_Meeting_4_23_2021_11_24_29_AM_chunk2.json,22.0,0.35,lsa,231.0,5.0,0.508508846059581,0.023114038457253683,0.1017017692119162,0.023114038457253683,0.023114038457253683,0.09709975613675106,-0.019177609851743854,0.3133729631687426,0.505831491389729,0.22701015152014267,1.0462146060786142
2021MND,output_2021_04_23_MND_S1,output_2021_04_23_MND_S1__Bot_5_Zoom_Meeting_4_23_2021_11_24_29_AM,3,2021MND/output_2021_04_23_MND_S1/Bot_5_Zoom_Meeting_4_23_2021_11_24_29_AM_chunk3.json,25.0,0.35,lsa,300.0,1.0,0.2626140337615409,0.010504561350461636,0.2626140337615409,0.010504561350461636,0.010504561350461636,1.0,0.02626140337615409,0.09005347160861875,0.12079874707806369,0.17528162069333897,0.38613383938002144
2021MND,output_2021_04_23_MND_S1,output_2021_04_23_MND_S1__Bot_5_Zoom_Meeting_4_23_2021_11_24_29_AM,4,2021MND/output_2021_04_23_MND_S1/Bot_5_Zoom_Meeting_4_23_2021_11_24_29_AM_chunk4.json,27.0,0.35,lsa,351.0,1.0,0.338977987897175,0.012554740292487963,0.338977987897175,0.012554740292487963,0.012554740292487963,0.0,0.0338977987897175,0.2796702530150237,0.11077667318886533,0.11077667318886533,0.5012235993927543
2021MND,output_2021_04_23_MND_S1,output_2021_04_23_MND_S1__Bot_5_Zoom_Meeting_4_23_2021_11_24_29_AM,5,2021MND/output_2021_04_23_MND_S1/Bot_5_Zoom_Meeting_4_23_2021_11_24_29_AM_chunk5.json,16.0,0.35,lsa,120.0,7.0,1.2568964802025104,0.0785560300126569,0.17955664002893007,0.07855603001265689,0.0785560300126569,0.6229226939478726,0.09355466403150973,0.42453223751614516,0.9854453634116661,1.5225878955121277,2.9325654964399392
2021MND,output_2021_04_23_MND_S1,output_2021_04_23_MND_S1__Bot_5_Zoom_Meeting_4_23_2021_12_10_03_PM,1,2021MND/output_2021_04_23_MND_S1/Bot_5_Zoom_Meeting_4_23_2021_12_10_03_PM_chunk1.json,20.0,0.35,lsa,190.0,3.0,1.3288355620487748,0.06644177810243874,0.4429451873495916,0.06644177810243874,0.06644177810243874,1.0,0.0,0.589451414731757,0.590064897385872,0.5932584673417962,1.7727747794594253
2021MND,output_2021_04_23_MND_S1,output_2021_04_23_MND_S1__Bot_5_Zoom_Meeting_4_23_2021_12_10_03_PM,2,2021MND/output_2021_04_23_MND_S1/Bot_5_Zoom_Meeting_4_23_2021_12_10_03_PM_chunk2.json,7.0,0.35,lsa,21.0,2.0,0.364258956929198,0.05203699384702829,0.182129478464599,0.05203699384702829,0.05203699384702829,0.34982875940547364,0.11841534896216241,0.5334278914478269,0.47872247380754435,0.42343784959036923,1.4355882148457404
2021MND,output_2021_04_23_MND_S10,output_2021_04_23_MND_S10__bot1_2021_04_23_13_12_57,1,2021MND/output_2021_04_23_MND_S10/bot1_2021_04_23_13_12_57_chunk1.json,40.0,0.35,lsa,780.0,20.0,2.992580238952649,0.07481450597381623,0.14962901194763245,0.07481450597381623,0.07481450597381623,0.8273722227143265,0.04805775715158947,1.381134546331079,1.4241295442652135,0.9341158790622159,3.7393799696585086
2021MND,output_2021_04_23_MND_S10,output_2021_04_23_MND_S10__bot1_2021_04_23_13_12_57,2,2021MND/output_2021_04_23_MND_S10/bot1_2021_04_23_13_12_57_chunk2.json,13.0,0.35,lsa,78.0,0.0,0.0,0.0,0.0,0.0,0.0,0.0,0.0,0.0,0.0,0.0,0.0
2021MND,output_2021_04_23_MND_S10,output_2021_04_23_MND_S10__bot1_2021_04_23_13_12_57,3,2021MND/output_2021_04_23_MND_S10/bot1_2021_04_23_13_12_57_chunk3.json,17.0,0.35,lsa,136.0,1.0,0.0017268589863369457,0.00010157994037276151,0.0017268589863369457,0.00010157994037276151,0.00010157994037276151,0.0,0.00028780983105615763,0.007025366740955672,0.0015779445093817806,0.0017796015756042214,0.010382912825941674
2021MND,output_2021_04_23_MND_S10,output_2021_04_23_MND_S10__bot1_2021_04_23_13_12_57,4,2021MND/output_2021_04_23_MND_S10/bot1_2021_04_23_13_12_57_chunk4.json,15.0,0.35,lsa,105.0,1.0,0.5074371579258345,0.033829143861722304,0.5074371579258345,0.033829143861722304,0.033829143861722304,1.0,-0.05638190643620384,0.22480486558821872,0.9998403993861422,0.22480486558821872,1.4494501305625795
2021MND,output_2021_04_23_MND_S10,output_2021_04_23_MND_S10__bot1_2021_04_23_13_12_57,5,2021MND/output_2021_04_23_MND_S10/bot1_2021_04_23_13_12_57_chunk5.json,23.0,0.35,lsa,253.0,5.0,0.3749649455381728,0.01630282371905099,0.07499298910763455,0.01630282371905099,0.01630282371905099,0.813141701580867,0.009261629752656245,0.20567354649934355,0.5458074659288435,0.2501987612098662,1.0016797736380534
2021MND,output_2021_04_23_MND_S10,output_2021_04_23_MND_S10__bot1_2021_04_23_13_12_57,6,2021MND/output_2021_04_23_MND_S10/bot1_2021_04_23_13_12_57_chunk6.json,29.0,0.35,lsa,406.0,4.0,0.5753300030322476,0.01983896562180164,0.1438325007580619,0.01983896562180164,0.01983896562180164,1.0,0.06140596650448122,0.27523301732304495,0.29995575628173116,0.4015058722565841,0.9766946458613601
2021MND,output_2021_04_23_MND_S10,output_2021_04_23_MND_S10__bot1_2021_04_23_13_12_57,7,2021MND/output_2021_04_23_MND_S10/bot1_2021_04_23_13_12_57_chunk7.json,22.0,0.35,lsa,231.0,0.0,0.0,0.0,0.0,0.0,0.0,0.0,0.0,0.0,0.0,0.0,0.0
2021MND,output_2021_04_23_MND_S11,output_2021_04_23_MND_S11__bot2_Zoom_Meeting_2021_04_23_13_13_56,1,2021MND/output_2021_04_23_MND_S11/bot2_Zoom_Meeting_2021_04_23_13_13_56_chunk1.json,21.0,0.35,lsa,210.0,10.0,1.862092760082138,0.08867108381343514,0.1862092760082138,0.08867108381343514,0.08867108381343515,0.6128436531620921,0.11793592439715783,0.8832106911913331,1.1478724096069766,0.8792257489161263,2.9103088497144363
2021MND,output_2021_04_23_MND_S11,output_2021_04_23_MND_S11__bot2_Zoom_Meeting_2021_04_23_13_13_56,2,2021MND/output_2021_04_23_MND_S11/bot2_Zoom_Meeting_2021_04_23_13_13_56_chunk2.json,22.0,0.35,lsa,231.0,2.0,0.4263508676054464,0.019379584891156654,0.2131754338027232,0.019379584891156654,0.019379584891156654,0.2742729464433311,0.028128578084420916,0.22457244980741076,0.22007773481718743,0.2424519641111962,0.6871021487357943
2021MND,output_2021_04_23_MND_S11,output_2021_04_23_MND_S11__bot2_Zoom_Meeting_2021_04_23_13_13_56,3,2021MND/output_2021_04_23_MND_S11/bot2_Zoom_Meeting_2021_04_23_13_13_56_chunk3.json,27.0,0.35,lsa,351.0,4.0,1.037375571349256,0.03842131745737985,0.259343892837314,0.03842131745737985,0.03842131745737985,1.0,0.1234979874606118,0.3886932446719116,0.3015952729441252,0.5366988253497819,1.2269873429658187
2021MND,output_2021_04_23_MND_S11,output_2021_04_23_MND_S11__bot2_Zoom_Meeting_2021_04_23_13_13_56,5,2021MND/output_2021_04_23_MND_S11/bot2_Zoom_Meeting_2021_04_23_13_13_56_chunk5.json,31.0,0.35,lsa,465.0,7.0,2.48695818011129,0.08022445742294483,0.35527974001589857,0.08022445742294483,0.08022445742294483,0.402512992234903,0.16784313675103768,1.3214915748400864,0.8442685448144671,0.7444370663723547,2.9101971860269082
2021MND,output_2021_04_23_MND_S11,output_2021_04_23_MND_S11__bot2_Zoom_Meeting_2021_04_23_13_13_56,6,2021MND/output_2021_04_23_MND_S11/bot2_Zoom_Meeting_2021_04_23_13_13_56_chunk6.json,28.0,0.35,lsa,378.0,1.0,0.9229218613059043,0.032961495046639436,0.9229218613059043,0.032961495046639436,0.032961495046639436,1.0,0.057682616331619016,0.3334813687899327,0.3696221239277544,0.21495051718170124,0.9180540098993883
2021MND,output_2021_04_23_MND_S11,output_2021_04_23_MND_S11__bot2_Zoom_Meeting_2021_04_23_13_13_56,7,2021MND/output_2021_04_23_MND_S11/bot2_Zoom_Meeting_2021_04_23_13_13_56_chunk7.json,25.0,0.35,lsa,300.0,2.0,0.20157833236724282,0.008063133294689712,0.10078916618362141,0.008063133294689712,0.008063133294689712,0.883085308927509,0.015506025566710987,0.145808240747782,0.08834695967023107,0.09601525701152781,0.3301704574295409
2021MND,output_2021_04_23_MND_S12,output_2021_04_23_MND_S12__bot3_Room_3_Zoom_Meeting_2021_04_23_13_13_23,1,2021MND/output_2021_04_23_MND_S12/bot3_Room_3_Zoom_Meeting_2021_04_23_13_13_23_chunk1.json,11.0,0.35,lsa,55.0,2.0,0.3870335775610905,0.03518487068737187,0.19351678878054526,0.03518487068737187,0.03518487068737187,1.0,0.05633014490648837,0.3084591024770156,0.37656374964303374,0.39704219560143167,1.082065047721481
2021MND,output_2021_04_23_MND_S12,output_2021_04_23_MND_S12__bot3_Room_3_Zoom_Meeting_2021_04_23_13_13_23,2,2021MND/output_2021_04_23_MND_S12/bot3_Room_3_Zoom_Meeting_2021_04_23_13_13_23_chunk2.json,32.0,0.35,lsa,496.0,4.0,0.2941226912881373,0.00919133410275429,0.07353067282203432,0.009191334102754292,0.00919133410275429,1.0000000000000002,0.007606722248187206,0.16680637592175307,0.1258340563864851,0.15332138475841633,0.4459618170666545
2021MND,output_2021_04_23_MND_S12,output_2021_04_23_MND_S12__bot3_Room_3_Zoom_Meeting_2021_04_23_13_13_23,3,2021MND/output_2021_04_23_MND_S12/bot3_Room_3_Zoom_Meeting_2021_04_23_13_13_23_chunk3.json,14.0,0.35,lsa,91.0,1.0,0.9439569247419045,0.06742549462442175,0.9439569247419045,0.06742549462442175,0.06742549462442175,0.0,-0.1348509892488435,0.3755966396925732,0.9977331852648337,0.39745085174671735,1.770780676704124
2021MND,output_2021_04_23_MND_S12,output_2021_04_23_MND_S12__bot3_Room_3_Zoom_Meeting_2021_04_23_13_13_23,4,2021MND/output_2021_04_23_MND_S12/bot3_Room_3_Zoom_Meeting_2021_04_23_13_13_23_chunk4.json,12.0,0.35,lsa,66.0,3.0,0.2527172830705842,0.02105977358921535,0.0842390943568614,0.02105977358921535,0.02105977358921535,0.7173696225082051,0.035798478050294694,0.2023023291329128,0.3034607273985962,0.2571128734803979,0.7628759300119069
2021MND,output_2021_04_23_MND_S12,output_2021_04_23_MND_S12__bot3_Room_3_Zoom_Meeting_2021_04_23_13_13_23,5,2021MND/output_2021_04_23_MND_S12/bot3_Room_3_Zoom_Meeting_2021_04_23_13_13_23_chunk5.json,17.0,0.35,lsa,136.0,2.0,0.8104717143350935,0.04767480672559373,0.40523585716754673,0.04767480672559373,0.04767480672559373,1.0,0.12736406879634068,0.6392964282956454,0.4076690611334497,0.34862166080676205,1.3955871502358572
2021MND,output_2021_04_23_MND_S12,output_2021_04_23_MND_S12__bot3_Room_3_Zoom_Meeting_2021_04_23_13_13_23,6,2021MND/output_2021_04_23_MND_S12/bot3_Room_3_Zoom_Meeting_2021_04_23_13_13_23_chunk6.json,29.0,0.35,lsa,406.0,3.0,0.6461957186312186,0.0222826109872834,0.21539857287707287,0.0222826109872834,0.0222826109872834,0.3655950070837893,0.04099497903007239,0.31222483611841256,0.2670617393893912,0.21638506539951607,0.7956716409073199
2021MND,output_2021_04_23_MND_S12,output_2021_04_23_MND_S12__bot3_Room_3_Zoom_Meeting_2021_04_23_13_13_23,7,2021MND/output_2021_04_23_MND_S12/bot3_Room_3_Zoom_Meeting_2021_04_23_13_13_23_chunk7.json,26.0,0.35,lsa,325.0,2.0,0.8982906466677179,0.03454964025645069,0.4491453233338589,0.03454964025645069,0.03454964025645069,1.0,0.07168310042574393,0.6775054192091438,0.2841647968095925,0.25600305765579456,1.2176732736745308
2021MND,output_2021_04_23_MND_S13,output_2021_04_23_MND_S13__botB1_2021_04_23_13_14_18,1,2021MND/output_2021_04_23_MND_S13/botB1_2021_04_23_13_14_18_chunk1.json,26.0,0.35,lsa,325.0,3.0,0.7011030007914019,0.026965500030438534,0.2337010002638006,0.026965500030438534,0.026965500030438534,0.28607043675832927,-0.014008809602804921,0.31955499467350074,0.5844055308259025,0.2672865992932929,1.171247124792696
2021MND,output_2021_04_23_MND_S13,output_2021_04_23_MND_S13__botB1_2021_04_23_13_14_18,2,2021MND/output_2021_04_23_MND_S13/botB1_2021_04_23_13_14_18_chunk2.json,14.0,0.35,lsa,91.0,3.0,0.9708043443750102,0.06934316745535787,0.3236014481250034,0.06934316745535787,0.06934316745535787,0.9923667441398509,0.1926787892848503,0.7625160525523047,0.4895674390473427,0.7387772799826109,1.9908607715822584
2021MND,output_2021_04_23_MND_S13,output_2021_04_23_MND_S13__botB1_2021_04_23_13_14_18,4,2021MND/output_2021_04_23_MND_S13/botB1_2021_04_23_13_14_18_chunk4.json,15.0,0.35,lsa,105.0,1.0,0.6485449578784297,0.04323633052522865,0.6485449578784297,0.04323633052522865,0.04323633052522865,1.0,-0.07206055087538107,0.30333915432164993,0.6393957119976157,0.28592131185374653,1.228656178173012
2021MND,output_2021_04_23_MND_S13,output_2021_04_23_MND_S13__botB1_2021_04_23_13_14_18,5,2021MND/output_2021_04_23_MND_S13/botB1_2021_04_23_13_14_18_chunk5.json,26.0,0.35,lsa,325.0,6.0,0.945100576363932,0.03635002216784354,0.15751676272732199,0.03635002216784354,0.03635002216784354,0.35605791347561794,-0.0012902432566466511,0.3857054356327057,0.33522966549805094,0.5254125684947002,1.246347669625457
2021MND,output_2021_04_23_MND_S13,output_2021_04_23_MND_S13__botB1_2021_04_23_13_14_18,6,2021MND/output_2021_04_23_MND_S13/botB1_2021_04_23_13_14_18_chunk6.json,21.0,0.35,lsa,210.0,3.0,0.3510359121420124,0.016715995816286307,0.11701197071400414,0.016715995816286307,0.016715995816286307,1.0,0.0,0.2448592389380546,0.23329983949242933,0.19426001374142937,0.6724190921719133
2021MND,output_2021_04_23_MND_S13,output_2021_04_23_MND_S13__botB1_2021_04_23_13_14_18,7,2021MND/output_2021_04_23_MND_S13/botB1_2021_04_23_13_14_18_chunk7.json,23.0,0.35,lsa,253.0,2.0,0.4161170799461097,0.01809204695417868,0.20805853997305485,0.01809204695417868,0.01809204695417868,0.17814929820640682,0.04161170799461097,0.37754404849540874,0.1658910427676038,0.15256848238065945,0.696003573643672
2021MND,output_2021_04_23_MND_S14,output_2021_04_23_MND_S14__botB2_2021_04_23_13_14_21,1,2021MND/output_2021_04_23_MND_S14/botB2_2021_04_23_13_14_21_chunk1.json,19.0,0.35,lsa,171.0,4.0,0.9399014520718814,0.04946849747746744,0.23497536301797034,0.04946849747746744,0.04946849747746744,0.46684481578684506,0.016571638678505963,0.6077241945937398,0.6491695425427684,0.4403666063099787,1.6972603434464868
2021MND,output_2021_04_23_MND_S14,output_2021_04_23_MND_S14__botB2_2021_04_23_13_14_21,2,2021MND/output_2021_04_23_MND_S14/botB2_2021_04_23_13_14_21_chunk2.json,19.0,0.35,lsa,171.0,2.0,0.4002112731731532,0.021063751219639642,0.2001056365865766,0.021063751219639642,0.021063751219639642,0.2613258338975104,0.0,0.1608898160704211,0.31949889288147787,0.24424239681233575,0.7246311057642347
2021MND,output_2021_04_23_MND_S14,output_2021_04_23_MND_S14__botB2_2021_04_23_13_14_21,3,2021MND/output_2021_04_23_MND_S14/botB2_2021_04_23_13_14_21_chunk3.json,29.0,0.35,lsa,406.0,5.0,0.8852713269424732,0.03052659748077494,0.17705426538849464,0.03052659748077494,0.03052659748077494,0.6720231519419556,-0.016911763444585892,0.2586403845150804,0.6403575323376626,0.4976015381365475,1.3965994549892904
2021MND,output_2021_04_23_MND_S14,output_2021_04_23_MND_S14__botB2_2021_04_23_13_14_21,4,2021MND/output_2021_04_23_MND_S14/botB2_2021_04_23_13_14_21_chunk4.json,25.0,0.35,lsa,300.0,2.0,0.48365659681540596,0.01934626387261624,0.24182829840770298,0.01934626387261624,0.01934626387261624,1.0,-0.025894148788805072,0.14229513742868694,0.9127710848421027,0.23565798372955393,1.2907242060003434
2021MND,output_2021_04_23_MND_S14,output_2021_04_23_MND_S14__botB2_2021_04_23_13_14_21,5,2021MND/output_2021_04_23_MND_S14/botB2_2021_04_23_13_14_21_chunk5.json,28.0,0.35,lsa,378.0,1.0,0.16865288931400166,0.006023317475500059,0.16865288931400166,0.006023317475500059,0.006023317475500059,0.0,-0.012973299178000127,0.06253961239945569,0.1848171354636202,0.05647482461027186,0.30383157247334774
2021MND,output_2021_04_23_MND_S14,output_2021_04_23_MND_S14__botB2_2021_04_23_13_14_21,6,2021MND/output_2021_04_23_MND_S14/botB2_2021_04_23_13_14_21_chunk6.json,31.0,0.35,lsa,465.0,2.0,0.8676882764007428,0.02798994440002396,0.4338441382003714,0.02798994440002396,0.02798994440002396,1.0,0.0,0.30522186700706133,0.46356442237131634,0.18896137252020972,0.9577476618985874
2021MND,output_2021_04_23_MND_S14,output_2021_04_23_MND_S14__botB2_2021_04_23_13_14_21,7,2021MND/output_2021_04_23_MND_S14/botB2_2021_04_23_13_14_21_chunk7.json,25.0,0.35,lsa,300.0,5.0,1.2635919360242895,0.05054367744097158,0.2527183872048579,0.05054367744097158,0.05054367744097158,1.0,0.09719937969417612,0.6914226979511243,0.4716771786869739,0.4524463037046573,1.6155461803427555
2021MND,output_2021_04_23_MND_S15,output_2021_04_23_MND_S15__Breakout_Room_4_Session_3_2021_04_23_13_13_06,1,2021MND/output_2021_04_23_MND_S15/Breakout_Room_4_Session_3_2021_04_23_13_13_06_chunk1.json,55.0,0.35,lsa,1485.0,34.0,6.320633893292651,0.11492061624168456,0.18590099686154857,0.11492061624168456,0.11492061624168455,0.8148683716374124,-0.06776544860601516,1.7047839996026086,1.9581163989750372,1.3920419683462528,5.054942366923899
2021MND,output_2021_04_23_MND_S15,output_2021_04_23_MND_S15__Breakout_Room_4_Session_3_2021_04_23_13_13_06,2,2021MND/output_2021_04_23_MND_S15/Breakout_Room_4_Session_3_2021_04_23_13_13_06_chunk2.json,27.0,0.35,lsa,351.0,5.0,1.1529953109266815,0.042703530034321535,0.2305990621853363,0.042703530034321535,0.042703530034321535,0.26466695839089605,-0.00447385790506385,0.5154444546863355,0.6010890133509578,0.31379948200565744,1.430332950042951
2021MND,output_2021_04_23_MND_S15,output_2021_04_23_MND_S15__Breakout_Room_4_Session_3_2021_04_23_13_13_06,3,2021MND/output_2021_04_23_MND_S15/Breakout_Room_4_Session_3_2021_04_23_13_13_06_chunk3.json,24.0,0.35,lsa,276.0,2.0,0.21150055188009614,0.008812522995004006,0.10575027594004807,0.008812522995004006,0.008812522995004006,1.0,-0.015171410766106019,0.116184429905573,0.44671204552043486,0.0754125444471467,0.6383090198731546
2021MND,output_2021_04_23_MND_S15,output_2021_04_23_MND_S15__Breakout_Room_4_Session_3_2021_04_23_13_13_06,4,2021MND/output_2021_04_23_MND_S15/Breakout_Room_4_Session_3_2021_04_23_13_13_06_chunk4.json,10.0,0.35,lsa,45.0,1.0,0.04558161894015999,0.004558161894015999,0.04558161894015999,0.004558161894015999,0.004558161894015999,1.0,-0.011395404735039997,0.05665630220972456,0.11352931126637233,0.04590760109617367,0.21609321457227057
2021MND,output_2021_04_23_MND_S15,output_2021_04_23_MND_S15__Breakout_Room_4_Session_3_2021_04_23_13_13_06,5,2021MND/output_2021_04_23_MND_S15/Breakout_Room_4_Session_3_2021_04_23_13_13_06_chunk5.json,9.0,0.35,lsa,36.0,1.0,0.7572192566975919,0.0841354729663991,0.7572192566975919,0.0841354729663991,0.0841354729663991,0.0,0.18930481417439798,0.4943840496396182,0.6134417797013983,0.6134417797013983,1.7212676090424148
2021MND,output_2021_04_23_MND_S15,output_2021_04_23_MND_S15__Breakout_Room_4_Session_3_2021_04_23_13_13_06,6,2021MND/output_2021_04_23_MND_S15/Breakout_Room_4_Session_3_2021_04_23_13_13_06_chunk6.json,18.0,0.35,lsa,153.0,1.0,0.8119149783433215,0.04510638768574008,0.8119149783433215,0.04510638768574008,0.04510638768574008,0.0,0.0,0.3371142250945258,0.47369909087710216,0.31942954223062786,1.130242858202256
2021MND,output_2021_04_23_MND_S15,output_2021_04_23_MND_S15__Breakout_Room_4_Session_3_2021_04_23_13_13_06,7,2021MND/output_2021_04_23_MND_S15/Breakout_Room_4_Session_3_2021_04_23_13_13_06_chunk7.json,27.0,0.35,lsa,351.0,2.0,0.47894733960808755,0.017738790355855096,0.23947366980404378,0.017738790355855096,0.017738790355855096,0.8940610496619761,0.05609867661216126,0.3539146092010879,0.23105959867346268,0.1429626894829547,0.7279368973575053
2021MND,output_2021_04_23_MND_S16,output_2021_04_23_MND_S16__Zoom_Meeting_Room_6_2021_04_23_13_20_22,1,2021MND/output_2021_04_23_MND_S16/Zoom_Meeting_Room_6_2021_04_23_13_20_22_chunk1.json,13.0,0.35,lsa,78.0,3.0,0.8607042081014763,0.06620801600780588,0.2869014027004921,0.06620801600780588,0.06620801600780588,1.0,0.0329851823273193,0.4232155656008,0.747642556034911,0.6558242994376129,1.826682421073324
2021MND,output_2021_04_23_MND_S16,output_2021_04_23_MND_S16__Zoom_Meeting_Room_6_2021_04_23_13_20_22,2,2021MND/output_2021_04_23_MND_S16/Zoom_Meeting_Room_6_2021_04_23_13_20_22_chunk2.json,13.0,0.35,lsa,78.0,1.0,0.05393689291323137,0.00414899176255626,0.05393689291323137,0.00414899176255626,0.00414899176255626,0.0,0.01797896430441046,0.10309373638891013,0.04839924158325793,0.04467527927290538,0.19616825724507345
2021MND,output_2021_04_23_MND_S16,output_2021_04_23_MND_S16__Zoom_Meeting_Room_6_2021_04_23_13_20_22,3,2021MND/output_2021_04_23_MND_S16/Zoom_Meeting_Room_6_2021_04_23_13_20_22_chunk3.json,9.0,0.35,lsa,36.0,2.0,0.28677969475770104,0.03186441052863345,0.14338984737885052,0.03186441052863345,0.03186441052863345,1.0,0.14338984737885052,0.7694568825866086,0.27422889022028135,0.3193206011228782,1.3630063739297682
2021MND,output_2021_04_23_MND_S16,output_2021_04_23_MND_S16__Zoom_Meeting_Room_6_2021_04_23_13_20_22,4,2021MND/output_2021_04_23_MND_S16/Zoom_Meeting_Room_6_2021_04_23_13_20_22_chunk4.json,27.0,0.35,lsa,351.0,0.0,0.0,0.0,0.0,0.0,0.0,0.0,0.0,0.0,0.0,0.0,0.0
2021MND,output_2021_04_23_MND_S16,output_2021_04_23_MND_S16__Zoom_Meeting_Room_6_2021_04_23_13_20_22,5,2021MND/output_2021_04_23_MND_S16/Zoom_Meeting_Room_6_2021_04_23_13_20_22_chunk5.json,14.0,0.35,lsa,91.0,6.0,0.415791936920058,0.02969942406571843,0.069298656153343,0.02969942406571843,0.02969942406571843,0.6852503915448275,0.03400810725381755,0.2866405352865815,0.4103502712667016,0.7287498136506794,1.4257406202039624
2021MND,output_2021_04_23_MND_S16,output_2021_04_23_MND_S16__Zoom_Meeting_Room_6_2021_04_23_13_20_22,6,2021MND/output_2021_04_23_MND_S16/Zoom_Meeting_Room_6_2021_04_23_13_20_22_chunk6.json,13.0,0.35,lsa,78.0,1.0,0.03827330352156484,0.002944100270889603,0.03827330352156484,0.002944100270889603,0.002944100270889603,1.0,0.0,0.03962165435021617,0.055691254906993566,0.03624243220995236,0.13155534146716208
2021MND,output_2021_04_23_MND_S2,output_2021_04_23_MND_S2__bot1_2021_04_23_11_15_35,1,2021MND/output_2021_04_23_MND_S2/bot1_2021_04_23_11_15_35_chunk1.json,25.0,0.35,lsa,300.0,9.0,2.0529467436881155,0.08211786974752462,0.22810519374312394,0.08211786974752462,0.08211786974752462,0.6700228374142431,0.12190070107343105,0.7590539900260684,0.888986835403212,1.369438810349496,3.0174796357787765
2021MND,output_2021_04_23_MND_S2,output_2021_04_23_MND_S2__bot1_2021_04_23_11_15_35,2,2021MND/output_2021_04_23_MND_S2/bot1_2021_04_23_11_15_35_chunk2.json,14.0,0.35,lsa,91.0,2.0,0.5538565442117955,0.03956118172941397,0.27692827210589777,0.03956118172941397,0.03956118172941397,0.0,-0.07912236345882794,0.32837923594214424,0.6958202452938875,0.34285918084581535,1.3670586620818472
2021MND,output_2021_04_23_MND_S2,output_2021_04_23_MND_S2__bot1_2021_04_23_11_15_35,3,2021MND/output_2021_04_23_MND_S2/bot1_2021_04_23_11_15_35_chunk3.json,10.0,0.35,lsa,45.0,5.0,1.0971204711094116,0.10971204711094115,0.2194240942218823,0.10971204711094115,0.10971204711094114,0.9999999999999998,0.012061831065381518,1.0201820034904998,0.8004543462205951,0.7787107288119339,2.599347078523029
2021MND,output_2021_04_23_MND_S2,output_2021_04_23_MND_S2__bot1_2021_04_23_11_15_35,4,2021MND/output_2021_04_23_MND_S2/bot1_2021_04_23_11_15_35_chunk4.json,12.0,0.35,lsa,66.0,2.0,0.6560374444164965,0.05466978703470804,0.32801872220824824,0.05466978703470804,0.05466978703470804,1.0,0.0850468677188393,0.4022590544451398,1.087206523025456,0.7153050085233024,2.204770585993898
2021MND,output_2021_04_23_MND_S2,output_2021_04_23_MND_S2__bot1_2021_04_23_11_15_35,5,2021MND/output_2021_04_23_MND_S2/bot1_2021_04_23_11_15_35_chunk5.json,15.0,0.35,lsa,105.0,3.0,0.5022770879298514,0.03348513919532343,0.16742569597661713,0.03348513919532343,0.03348513919532343,0.8151496269867093,-0.008506126966354223,0.272173124513263,0.5774164607339666,0.37291881867160664,1.222508403918836
2021MND,output_2021_04_23_MND_S2,output_2021_04_23_MND_S2__bot1_2021_04_23_11_15_35,6,2021MND/output_2021_04_23_MND_S2/bot1_2021_04_23_11_15_35_chunk6.json,27.0,0.35,lsa,351.0,2.0,0.3871716159442394,0.014339689479416273,0.1935858079721197,0.014339689479416273,0.014339689479416273,0.07517485169864448,0.039785116348189625,0.18331086484505224,0.13007599583579246,0.19450717067696346,0.5078940313578082
2021MND,output_2021_04_23_MND_S2,output_2021_04_23_MND_S2__bot1_2021_04_23_11_15_35,7,2021MND/output_2021_04_23_MND_S2/bot1_2021_04_23_11_15_35_chunk7.json,32.0,0.35,lsa,496.0,4.0,0.5949742326539113,0.018592944770434727,0.1487435581634778,0.018592944770434727,0.018592944770434727,0.49161125644913906,0.03275906717749298,0.5044897108582006,0.24868388536354968,0.1852008032430968,0.938374399464847
2021MND,output_2021_04_23_MND_S3,output_2021_04_23_MND_S3__bot2_Zoom_Meeting_Room_2_2021_04_23_11_18_13,1,2021MND/output_2021_04_23_MND_S3/bot2_Zoom_Meeting_Room_2_2021_04_23_11_18_13_chunk1.json,9.0,0.35,lsa,36.0,3.0,0.7431051739007075,0.08256724154452305,0.24770172463356918,0.08256724154452305,0.08256724154452305,1.0,0.17115219933109246,0.9171146841826374,0.7655777093976797,0.6471522994517053,2.3298446930320225
2021MND,output_2021_04_23_MND_S3,output_2021_04_23_MND_S3__bot2_Zoom_Meeting_Room_2_2021_04_23_11_18_13,2,2021MND/output_2021_04_23_MND_S3/bot2_Zoom_Meeting_Room_2_2021_04_23_11_18_13_chunk2.json,17.0,0.35,lsa,136.0,3.0,0.4705130206012985,0.027677236505958738,0.15683767353376618,0.027677236505958738,0.027677236505958738,0.8216322939587817,0.021481928926069944,0.3493864296729935,0.34862752136021197,0.24425778269774498,0.9422717337309505
2021MND,output_2021_04_23_MND_S3,output_2021_04_23_MND_S3__bot2_Zoom_Meeting_Room_2_2021_04_23_11_18_13,3,2021MND/output_2021_04_23_MND_S3/bot2_Zoom_Meeting_Room_2_2021_04_23_11_18_13_chunk3.json,13.0,0.35,lsa,78.0,2.0,0.43536843928874847,0.03348987994528834,0.21768421964437423,0.03348987994528834,0.03348987994528834,0.3494568067170432,0.038035616134807236,0.5076122096478295,0.31887206462005374,0.29628653509992675,1.1227708093678102
2021MND,output_2021_04_23_MND_S3,output_2021_04_23_MND_S3__bot2_Zoom_Meeting_Room_2_2021_04_23_11_18_13,4,2021MND/output_2021_04_23_MND_S3/bot2_Zoom_Meeting_Room_2_2021_04_23_11_18_13_chunk4.json,26.0,0.35,lsa,325.0,2.0,0.20919024275401274,0.008045778567462029,0.10459512137700637,0.008045778567462029,0.008045778567462029,1.0,0.026148780344251592,0.16175015543386406,0.0932810337109707,0.09393741612014243,0.3489686052649772
2021MND,output_2021_04_23_MND_S3,output_2021_04_23_MND_S3__bot2_Zoom_Meeting_Room_2_2021_04_23_11_18_13,5,2021MND/output_2021_04_23_MND_S3/bot2_Zoom_Meeting_Room_2_2021_04_23_11_18_13_chunk5.json,19.0,0.35,lsa,171.0,1.0,0.2821205405196248,0.014848449501032885,0.2821205405196248,0.014848449501032885,0.014848449501032885,1.0,0.040302934359946405,0.1720699903378456,0.15089070141075794,0.15089070141075794,0.4738513931593615
2021MND,output_2021_04_23_MND_S3,output_2021_04_23_MND_S3__bot2_Zoom_Meeting_Room_2_2021_04_23_11_18_13,6,2021MND/output_2021_04_23_MND_S3/bot2_Zoom_Meeting_Room_2_2021_04_23_11_18_13_chunk6.json,8.0,0.35,lsa,28.0,2.0,0.986387244728379,0.12329840559104738,0.4931936223641895,0.12329840559104738,0.12329840559104738,1.0,0.24659681118209476,0.6447276165856585,0.9328359920046891,0.9996277234934527,2.5771913320838005
2021MND,output_2021_04_23_MND_S4,output_2021_04_23_MND_S4__bot3_Room_3_Zoom_Meeting_2021_04_23_12_09_57,1,2021MND/output_2021_04_23_MND_S4/bot3_Room_3_Zoom_Meeting_2021_04_23_12_09_57_chunk1.json,37.0,0.35,lsa,666.0,6.0,1.6441936499298315,0.04443766621431977,0.27403227498830524,0.04443766621431978,0.04443766621431978,0.7629265941963002,0.05953074752767389,0.7089672690493803,0.5580570141573419,0.42772208623345304,1.6947463694401752
2021MND,output_2021_04_23_MND_S4,output_2021_04_23_MND_S4__bot3_Room_3_Zoom_Meeting_2021_04_23_12_09_57,2,2021MND/output_2021_04_23_MND_S4/bot3_Room_3_Zoom_Meeting_2021_04_23_12_09_57_chunk2.json,6.0,0.35,lsa,15.0,2.0,0.38502448224714625,0.06417074704119104,0.19251224112357312,0.06417074704119104,0.06417074704119104,0.27403629125018786,0.058001039978694255,0.5945522314110375,0.7449555402710459,0.48684824456641973,1.826356016248503
2021MND,output_2021_04_23_MND_S4,output_2021_04_23_MND_S4__bot3_Zoom_Meeting_2021_04_23_11_16_26,1,2021MND/output_2021_04_23_MND_S4/bot3_Zoom_Meeting_2021_04_23_11_16_26_chunk1.json,27.0,0.35,lsa,351.0,4.0,1.005778340976491,0.03725104966579597,0.2514445852441228,0.03725104966579597,0.037251049665795975,0.48452183801607496,-0.03590408554318057,0.4712715945146335,0.5119725772597218,0.2944443844062588,1.2776885561806142
2021MND,output_2021_04_23_MND_S4,output_2021_04_23_MND_S4__bot3_Zoom_Meeting_2021_04_23_11_16_26,2,2021MND/output_2021_04_23_MND_S4/bot3_Zoom_Meeting_2021_04_23_11_16_26_chunk2.json,15.0,0.35,lsa,105.0,2.0,0.7059570845816058,0.04706380563877372,0.3529785422908029,0.04706380563877372,0.04706380563877372,0.9071605614520021,0.0,0.3681427961528433,0.5585492328037254,0.33586412272106453,1.2625561516776331
2021MND,output_2021_04_23_MND_S4,output_2021_04_23_MND_S4__bot3_Zoom_Meeting_2021_04_23_11_16_26,3,2021MND/output_2021_04_23_MND_S4/bot3_Zoom_Meeting_2021_04_23_11_16_26_chunk3.json,14.0,0.35,lsa,91.0,1.0,0.6547707561315979,0.04676933972368556,0.6547707561315979,0.04676933972368556,0.04676933972368556,1.0,-0.10912845935526631,0.3255549175568716,0.7569718913421941,0.287953826335477,1.3704806352345427
2021MND,output_2021_04_23_MND_S4,output_2021_04_23_MND_S4__bot3_Zoom_Meeting_2021_04_23_11_16_26,4,2021MND/output_2021_04_23_MND_S4/bot3_Zoom_Meeting_2021_04_23_11_16_26_chunk4.json,16.0,0.35,lsa,120.0,2.0,0.2993444764938934,0.018709029780868337,0.1496722382469467,0.018709029780868337,0.018709029780868337,0.2232198183968476,0.07750828560427571,0.36969087152673924,0.1872919763007682,0.18513960366602594,0.7421224514935334
2021MND,output_2021_04_23_MND_S4,output_2021_04_23_MND_S4__bot3_Zoom_Meeting_2021_04_23_11_16_26,5,2021MND/output_2021_04_23_MND_S4/bot3_Zoom_Meeting_2021_04_23_11_16_26_chunk5.json,28.0,0.35,lsa,378.0,3.0,0.7328463808872173,0.026173085031686333,0.24428212696240578,0.026173085031686333,0.026173085031686333,0.9089476455511651,0.048856425392481154,0.5144152251591119,0.2126636063133667,0.25032796665755375,0.9774067981300323
2021MND,output_2021_04_23_MND_S4,output_2021_04_23_MND_S4__bot3_Zoom_Meeting_2021_04_23_11_16_26,6,2021MND/output_2021_04_23_MND_S4/bot3_Zoom_Meeting_2021_04_23_11_16_26_chunk6.json,11.0,0.35,lsa,55.0,2.0,0.2811863093448802,0.025562391758625472,0.1405931546724401,0.025562391758625472,0.025562391758625472,0.5560094935748582,0.04686438489081337,0.30332016243199067,0.22165467657192528,0.31232351378522616,0.8372983527891421
2021MND,output_2021_04_23_MND_S5,output_2021_04_23_MND_S5__botB1_2021_04_23_11_17_35,1,2021MND/output_2021_04_23_MND_S5/botB1_2021_04_23_11_17_35_chunk1.json,25.0,0.35,lsa,300.0,2.0,0.18024759632860782,0.007209903853144312,0.09012379816430391,0.007209903853144312,0.007209903853144312,1.0,0.008272164723167138,0.11852007970036557,0.10822518442169143,0.08371474564110426,0.31046000976316124
2021MND,output_2021_04_23_MND_S5,output_2021_04_23_MND_S5__botB1_2021_04_23_11_17_35,2,2021MND/output_2021_04_23_MND_S5/botB1_2021_04_23_11_17_35_chunk2.json,14.0,0.35,lsa,91.0,2.0,0.18930564824126317,0.013521832017233084,0.09465282412063158,0.013521832017233084,0.013521832017233084,1.0,0.0016512123682033782,0.13790655432314744,0.1504138806851463,0.17969625008762286,0.4680166850959166
2021MND,output_2021_04_23_MND_S5,output_2021_04_23_MND_S5__botB1_2021_04_23_11_17_35,3,2021MND/output_2021_04_23_MND_S5/botB1_2021_04_23_11_17_35_chunk3.json,11.0,0.35,lsa,55.0,3.0,0.9698051488772583,0.08816410444338713,0.3232683829590861,0.08816410444338713,0.08816410444338713,1.0,-0.28394724859622344,0.6218271510713337,1.0878001663137367,0.6342788804134115,2.343906197798482
2021MND,output_2021_04_23_MND_S5,output_2021_04_23_MND_S5__botB1_2021_04_23_11_17_35,4,2021MND/output_2021_04_23_MND_S5/botB1_2021_04_23_11_17_35_chunk4.json,10.0,0.35,lsa,45.0,1.0,0.9613240355924911,0.09613240355924911,0.9613240355924911,0.09613240355924911,0.09613240355924911,0.0,0.32044134519749706,0.9048607586665829,0.5298364156780275,0.5298364156780275,1.964533590022638
2021MND,output_2021_04_23_MND_S5,output_2021_04_23_MND_S5__botB1_2021_04_23_11_17_35,5,2021MND/output_2021_04_23_MND_S5/botB1_2021_04_23_11_17_35_chunk5.json,13.0,0.35,lsa,78.0,1.0,0.03364182622320189,0.002587832786400145,0.03364182622320189,0.002587832786400145,0.002587832786400145,1.0,0.008410456555800472,0.07006087994505886,0.027808427551831348,0.035523975979001435,0.13339328347589163
2021MND,output_2021_04_23_MND_S5,output_2021_04_23_MND_S5__botB1_2021_04_23_11_17_35,6,2021MND/output_2021_04_23_MND_S5/botB1_2021_04_23_11_17_35_chunk6.json,40.0,0.35,lsa,780.0,12.0,1.8649339387721526,0.04662334846930381,0.15541116156434606,0.04662334846930381,0.04662334846930381,0.6498519227713767,0.037453185505927564,0.48931746313092206,1.0678387577821815,0.6303869000946267,2.1875431210077303
2021MND,output_2021_04_23_MND_S5,output_2021_04_23_MND_S5__botB1_2021_04_23_11_17_35,7,2021MND/output_2021_04_23_MND_S5/botB1_2021_04_23_11_17_35_chunk7.json,15.0,0.35,lsa,105.0,1.0,0.9437233570082697,0.06291489046721797,0.9437233570082697,0.06291489046721797,0.06291489046721797,1.0,-0.13481762242975281,0.3561785793765819,0.3124837276459925,0.3561785793765819,1.0248408863991565
2021MND,output_2021_04_23_MND_S6,output_2021_04_23_MND_S6__botB2_2021_04_23_11_17_00,1,2021MND/output_2021_04_23_MND_S6/botB2_2021_04_23_11_17_00_chunk1.json,9.0,0.35,lsa,36.0,3.0,0.6030181462611555,0.0670020162512395,0.2010060487537185,0.0670020162512395,0.0670020162512395,1.0,0.2010060487537185,0.7162373333488703,0.5044530319844662,0.5828091112805268,1.8034994766138635
2021MND,output_2021_04_23_MND_S6,output_2021_04_23_MND_S6__botB2_2021_04_23_11_17_00,2,2021MND/output_2021_04_23_MND_S6/botB2_2021_04_23_11_17_00_chunk2.json,12.0,0.35,lsa,66.0,2.0,0.36122513383159227,0.030102094485966024,0.18061256691579614,0.030102094485966024,0.030102094485966024,1.0,0.1204083779438641,0.4803981041651729,0.22422242944763024,0.2772781379060166,0.9818986715188198
2021MND,output_2021_04_23_MND_S6,output_2021_04_23_MND_S6__botB2_2021_04_23_11_17_00,3,2021MND/output_2021_04_23_MND_S6/botB2_2021_04_23_11_17_00_chunk3.json,20.0,0.35,lsa,190.0,5.0,0.9235241492911092,0.04617620746455546,0.18470482985822184,0.04617620746455546,0.04617620746455546,0.22083871435006927,-0.07104031917623918,0.38088811154876767,0.7241476439752534,0.5036580862758564,1.6086938417998775
2021MND,output_2021_04_23_MND_S6,output_2021_04_23_MND_S6__botB2_2021_04_23_11_17_00,4,2021MND/output_2021_04_23_MND_S6/botB2_2021_04_23_11_17_00_chunk4.json,19.0,0.35,lsa,171.0,0.0,0.0,0.0,0.0,0.0,0.0,0.0,0.0,0.0,0.0,0.0,0.0
2021MND,output_2021_04_23_MND_S6,output_2021_04_23_MND_S6__botB2_2021_04_23_11_17_00,5,2021MND/output_2021_04_23_MND_S6/botB2_2021_04_23_11_17_00_chunk5.json,14.0,0.35,lsa,91.0,3.0,1.0210951169893858,0.07293536549924184,0.3403650389964619,0.07293536549924184,0.07293536549924184,0.1767093572198296,0.25527377924734646,0.6825920678948771,0.47564714109823303,0.8696642822248655,2.027903491217976
2021MND,output_2021_04_23_MND_S6,output_2021_04_23_MND_S6__botB2_2021_04_23_11_17_00,6,2021MND/output_2021_04_23_MND_S6/botB2_2021_04_23_11_17_00_chunk6.json,41.0,0.35,lsa,820.0,22.0,5.07723359760748,0.12383496579530438,0.23078334534579453,0.12383496579530438,0.12383496579530438,0.5353076987837425,0.10842902244378425,2.300392584442742,1.7174096643671297,1.1072534786874082,5.12505572749728
2021MND,output_2021_04_23_MND_S6,output_2021_04_23_MND_S6__botB2_2021_04_23_11_17_00,7,2021MND/output_2021_04_23_MND_S6/botB2_2021_04_23_11_17_00_chunk7.json,42.0,0.35,lsa,861.0,29.0,11.24176611265774,0.26766109792042236,0.3876471073330255,0.26766109792042236,0.2676610979204224,0.8126991391573186,0.2590801981577589,3.4712762554437617,3.6478282650693683,2.953258512897266,10.072363033410396
2021MND,output_2021_04_23_MND_S7,output_2021_04_23_MND_S7__Breakout_Room_4_Session_2_2021_04_23_11_15_47,1,2021MND/output_2021_04_23_MND_S7/Breakout_Room_4_Session_2_2021_04_23_11_15_47_chunk1.json,13.0,0.35,lsa,78.0,3.0,0.8787904978085478,0.06759926906219599,0.2929301659361826,0.06759926906219599,0.06759926906219599,0.8676457595653523,0.030719136254719687,0.6824924170475022,0.6125974672982518,0.44421442248476833,1.7393043068305223
2021MND,output_2021_04_23_MND_S7,output_2021_04_23_MND_S7__Breakout_Room_4_Session_2_2021_04_23_11_15_47,2,2021MND/output_2021_04_23_MND_S7/Breakout_Room_4_Session_2_2021_04_23_11_15_47_chunk2.json,12.0,0.35,lsa,66.0,4.0,0.8623153535998161,0.07185961279998468,0.21557883839995404,0.07185961279998468,0.07185961279998468,1.0,-0.10778941919997702,0.3964888880172101,1.2277475688556865,0.5407535255834313,2.164989982456328
2021MND,output_2021_04_23_MND_S7,output_2021_04_23_MND_S7__Breakout_Room_4_Session_2_2021_04_23_11_15_47,3,2021MND/output_2021_04_23_MND_S7/Breakout_Room_4_Session_2_2021_04_23_11_15_47_chunk3.json,11.0,0.35,lsa,55.0,3.0,0.7173577598209743,0.06521434180190676,0.2391192532736581,0.06521434180190676,0.06521434180190676,1.0,0.028888754083416752,0.5357496014816957,0.6669422518024842,0.43905238620627735,1.6417442394904573
2021MND,output_2021_04_23_MND_S7,output_2021_04_23_MND_S7__Breakout_Room_4_Session_2_2021_04_23_11_15_47,4,2021MND/output_2021_04_23_MND_S7/Breakout_Room_4_Session_2_2021_04_23_11_15_47_chunk4.json,16.0,0.35,lsa,120.0,1.0,0.00019728515859774608,1.233032241235913e-05,0.00019728515859774608,1.233032241235913e-05,1.233032241235913e-05,1.0,3.945703171954921e-05,0.0004666487199813024,0.00024741630027965046,0.0003368059893151547,0.0010508710095761076
2021MND,output_2021_04_23_MND_S7,output_2021_04_23_MND_S7__Breakout_Room_4_Session_2_2021_04_23_11_15_47,5,2021MND/output_2021_04_23_MND_S7/Breakout_Room_4_Session_2_2021_04_23_11_15_47_chunk5.json,16.0,0.35,lsa,120.0,0.0,0.0,0.0,0.0,0.0,0.0,0.0,0.0,0.0,0.0,0.0,0.0
2021MND,output_2021_04_23_MND_S7,output_2021_04_23_MND_S7__Breakout_Room_4_Session_2_2021_04_23_11_15_47,6,2021MND/output_2021_04_23_MND_S7/Breakout_Room_4_Session_2_2021_04_23_11_15_47_chunk6.json,31.0,0.35,lsa,465.0,8.0,1.8567036289886607,0.05989366545124712,0.2320879536235826,0.05989366545124712,0.05989366545124712,0.929697611038498,0.1323974378067174,1.0606814467250159,0.7042369527800071,0.48791927800641866,2.2528376775114416
2021MND,output_2021_04_23_MND_S7,output_2021_04_23_MND_S7__Breakout_Room_4_Session_2_2021_04_23_11_15_47,7,2021MND/output_2021_04_23_MND_S7/Breakout_Room_4_Session_2_2021_04_23_11_15_47_chunk7.json,18.0,0.35,lsa,153.0,3.0,0.4785068764732533,0.026583715359625185,0.1595022921577511,0.026583715359625185,0.026583715359625185,0.10154095773536222,0.03190045843155022,0.531476009937144,0.24798802820455376,0.23109676588311978,1.0105608040248175
2021MND,output_2021_04_23_MND_S8,output_2021_04_23_MND_S8__Zoom_Meeting_Room_6_2021_04_23_11_22_11,1,2021MND/output_2021_04_23_MND_S8/Zoom_Meeting_Room_6_2021_04_23_11_22_11_chunk1.json,15.0,0.35,lsa,105.0,4.0,0.5254530372557847,0.035030202483718985,0.13136325931394618,0.035030202483718985,0.03503020248371899,0.9031845966051386,0.1313632593139462,0.5423562580064767,0.27902842574823844,0.49817964622797206,1.3195643299826871
2021MND,output_2021_04_23_MND_S8,output_2021_04_23_MND_S8__Zoom_Meeting_Room_6_2021_04_23_11_22_11,2,2021MND/output_2021_04_23_MND_S8/Zoom_Meeting_Room_6_2021_04_23_11_22_11_chunk2.json,13.0,0.35,lsa,78.0,3.0,0.5270052358010382,0.04053886429238755,0.1756684119336794,0.04053886429238756,0.04053886429238755,1.0000000000000002,-0.06531245467314713,0.3345693933580799,0.9517159625313975,0.3311647493131781,1.6174501052026553
2021MND,output_2021_04_23_MND_S8,output_2021_04_23_MND_S8__Zoom_Meeting_Room_6_2021_04_23_11_22_11,3,2021MND/output_2021_04_23_MND_S8/Zoom_Meeting_Room_6_2021_04_23_11_22_11_chunk3.json,14.0,0.35,lsa,91.0,4.0,0.10874927792798919,0.007767805566284943,0.027187319481997298,0.007767805566284943,0.007767805566284943,0.60920753124794,-0.01733269110006822,0.08044454482233118,0.46296478756389414,0.08755482621260255,0.6309641585988279
2021MND,output_2021_04_23_MND_S8,output_2021_04_23_MND_S8__Zoom_Meeting_Room_6_2021_04_23_11_22_11,4,2021MND/output_2021_04_23_MND_S8/Zoom_Meeting_Room_6_2021_04_23_11_22_11_chunk4.json,13.0,0.35,lsa,78.0,5.0,0.6946092829999904,0.05343148330769157,0.13892185659999806,0.05343148330769157,0.05343148330769157,0.8910222687182435,0.025880773743115825,0.543637478717507,1.0496336390013936,0.43123637011702337,2.024507487835924
2021MND,output_2021_04_23_MND_S8,output_2021_04_23_MND_S8__Zoom_Meeting_Room_6_2021_04_23_11_22_11,5,2021MND/output_2021_04_23_MND_S8/Zoom_Meeting_Room_6_2021_04_23_11_22_11_chunk5.json,12.0,0.35,lsa,66.0,4.0,0.5099616886994047,0.04249680739161706,0.12749042217485118,0.04249680739161706,0.04249680739161706,1.0,0.11081007352388855,0.8071156060444526,0.3959373142759337,0.42202649557237126,1.6250794158927575
2021MND,output_2021_04_23_MND_S8,output_2021_04_23_MND_S8__Zoom_Meeting_Room_6_2021_04_23_12_09_42,1,2021MND/output_2021_04_23_MND_S8/Zoom_Meeting_Room_6_2021_04_23_12_09_42_chunk1.json,33.0,0.35,lsa,528.0,3.0,0.7599840979430438,0.023029821149789204,0.2533280326476813,0.023029821149789204,0.023029821149789204,0.15450104451863242,0.03790853228367812,0.26820714275159896,0.3204177090344035,0.20440923894823204,0.7930340907342345
2021MND,output_2021_04_23_MND_S9,output_2021_04_23_MND_S9__Bot_5_Zoom_Meeting_4_23_2021_1_22_30_PM,1,2021MND/output_2021_04_23_MND_S9/Bot_5_Zoom_Meeting_4_23_2021_1_22_30_PM_chunk1.json,23.0,0.35,lsa,253.0,1.0,0.04279085253468215,0.0018604718493340066,0.04279085253468215,0.0018604718493340066,0.0018604718493340066,1.0,0.00855817050693643,0.07107548454434126,0.023051996463978406,0.021151101443332185,0.11527858245165185
2021MND,output_2021_04_23_MND_S9,output_2021_04_23_MND_S9__Bot_5_Zoom_Meeting_4_23_2021_1_22_30_PM,2,2021MND/output_2021_04_23_MND_S9/Bot_5_Zoom_Meeting_4_23_2021_1_22_30_PM_chunk2.json,24.0,0.35,lsa,276.0,3.0,0.9387851610146495,0.0391160483756104,0.3129283870048832,0.0391160483756104,0.0391160483756104,0.9545123830150526,0.004234419496911349,0.5496532220897339,0.5263617066465648,0.28315185230165446,1.3591667810379533
2021MND,output_2021_04_23_MND_S9,output_2021_04_23_MND_S9__Bot_5_Zoom_Meeting_4_23_2021_1_22_30_PM,3,2021MND/output_2021_04_23_MND_S9/Bot_5_Zoom_Meeting_4_23_2021_1_22_30_PM_chunk3.json,21.0,0.35,lsa,210.0,2.0,0.1510932603484317,0.007194917159449129,0.07554663017421585,0.007194917159449129,0.007194917159449129,1.0,0.010803748760141273,0.19358534833878707,0.09598718698967137,0.08155329815769194,0.37112583348615036
2021MND,output_2021_04_23_MND_S9,output_2021_04_23_MND_S9__Bot_5_Zoom_Meeting_4_23_2021_1_22_30_PM,4,2021MND/output_2021_04_23_MND_S9/Bot_5_Zoom_Meeting_4_23_2021_1_22_30_PM_chunk4.json,19.0,0.35,lsa,171.0,1.0,0.39964292685931907,0.021033838255753636,0.39964292685931907,0.021033838255753636,0.021033838255753636,0.0,0.07992858537186381,0.28620732425092155,0.16071010801354552,0.21069772594685854,0.6576151582113257
2021MND,output_2021_04_23_MND_S9,output_2021_04_23_MND_S9__Bot_5_Zoom_Meeting_4_23_2021_1_22_30_PM,5,2021MND/output_2021_04_23_MND_S9/Bot_5_Zoom_Meeting_4_23_2021_1_22_30_PM_chunk5.json,24.0,0.35,lsa,276.0,3.0,0.47073313114918236,0.019613880464549264,0.1569110437163941,0.019613880464549264,0.019613880464549264,0.9999999999999999,0.04908210673114027,0.267553385092711,0.2272510730440524,0.22315405817146813,0.7179585163082315
2021MND,output_2021_04_23_MND_S9,output_2021_04_23_MND_S9__Bot_5_Zoom_Meeting_4_23_2021_1_22_30_PM,6,2021MND/output_2021_04_23_MND_S9/Bot_5_Zoom_Meeting_4_23_2021_1_22_30_PM_chunk6.json,13.0,0.35,lsa,78.0,4.0,0.9246864314300209,0.07112972549461699,0.23117160785750523,0.07112972549461699,0.071129725494617,0.7407846712957906,0.1849372862860042,0.7608543938643726,0.6094353772504886,0.7064410540003243,2.0767308251151855
2021MZT,output_2021_09_30_MZT_S1,output_2021_09_30_MZT_S1__B1_(short)_Zoom_Meeting_Room_1_2021_09_30_12_55_28,1,2021MZT/output_2021_09_30_MZT_S1/B1_(short)_Zoom_Meeting_Room_1_2021_09_30_12_55_28_chunk1.json,19.0,0.35,lsa,171.0,2.0,0.4149459687186522,0.02183926151150801,0.2074729843593261,0.02183926151150801,0.02183926151150801,0.6590563430397348,0.028294639203171407,0.21798117589912686,0.26239886176010496,0.26400486803161166,0.7443849056908435
2021MZT,output_2021_09_30_MZT_S1,output_2021_09_30_MZT_S1__B1_(short)_Zoom_Meeting_Room_1_2021_09_30_12_55_28,2,2021MZT/output_2021_09_30_MZT_S1/B1_(short)_Zoom_Meeting_Room_1_2021_09_30_12_55_28_chunk2.json,5.0,0.35,lsa,10.0,1.0,0.9625949964597129,0.19251899929194258,0.9625949964597129,0.19251899929194258,0.19251899929194258,1.0,0.24064874911492823,0.7961174630296083,0.7961174630296083,0.2302650184814696,1.8224999445406862
2021MZT,output_2021_09_30_MZT_S2,output_2021_09_30_MZT_S2__B2_Zoom_Meeting_Room_2_2021_09_30_12_55_56,1,2021MZT/output_2021_09_30_MZT_S2/B2_Zoom_Meeting_Room_2_2021_09_30_12_55_56_chunk1.json,19.0,0.35,lsa,171.0,2.0,0.1541118241241632,0.008111148638113852,0.0770559120620816,0.008111148638113852,0.008111148638113852,0.23608587210438037,0.003985004980480652,0.1327062084722919,0.16464257539823046,0.08823005309834936,0.3855788369688717
2021MZT,output_2021_09_30_MZT_S2,output_2021_09_30_MZT_S2__B2_Zoom_Meeting_Room_2_2021_09_30_12_55_56,2,2021MZT/output_2021_09_30_MZT_S2/B2_Zoom_Meeting_Room_2_2021_09_30_12_55_56_chunk2.json,16.0,0.35,lsa,120.0,1.0,0.3669685757979423,0.022935535987371393,0.3669685757979423,0.022935535987371393,0.022935535987371393,1.0,0.0,0.29660637963118086,0.2458310692232014,0.16582243398472252,0.7082598828391048
2021MZT,output_2021_09_30_MZT_S2,output_2021_09_30_MZT_S2__B2_Zoom_Meeting_Room_2_2021_09_30_12_55_56,3,2021MZT/output_2021_09_30_MZT_S2/B2_Zoom_Meeting_Room_2_2021_09_30_12_55_56_chunk3.json,13.0,0.35,lsa,78.0,3.0,0.6088572891656898,0.046835176089668445,0.20295242972189662,0.046835176089668445,0.046835176089668445,0.32076179720506626,0.03855107202630414,0.40007091831564645,0.4832369499714852,0.44270177082950735,1.326009639116639
2021MZT,output_2021_09_30_MZT_S2,output_2021_09_30_MZT_S2__B2_Zoom_Meeting_Room_2_2021_09_30_12_55_56,4,2021MZT/output_2021_09_30_MZT_S2/B2_Zoom_Meeting_Room_2_2021_09_30_12_55_56_chunk4.json,38.0,0.35,lsa,703.0,13.0,2.92420360378064,0.07695272641528,0.22493873875235693,0.07695272641527999,0.07695272641528,0.56023633728381,0.04801487440438709,1.4009431463710835,1.3524467474393747,0.774267301386296,3.527657195196754
2021MZT,output_2021_09_30_MZT_S2,output_2021_09_30_MZT_S2__B2_Zoom_Meeting_Room_2_2021_09_30_12_55_56,5,2021MZT/output_2021_09_30_MZT_S2/B2_Zoom_Meeting_Room_2_2021_09_30_12_55_56_chunk5.json,15.0,0.35,lsa,105.0,3.0,0.9760372304114715,0.0650691486940981,0.3253457434704905,0.0650691486940981,0.0650691486940981,1.0,0.10844858115683016,0.8708821260622174,0.5507955642653501,0.41546222672472344,1.8371399170522908
2021MZT,output_2021_09_30_MZT_S2,output_2021_09_30_MZT_S2__B2_Zoom_Meeting_Room_2_2021_09_30_12_55_56,6,2021MZT/output_2021_09_30_MZT_S2/B2_Zoom_Meeting_Room_2_2021_09_30_12_55_56_chunk6.json,27.0,0.35,lsa,351.0,2.0,0.03241770899522062,0.0012006558887118748,0.01620885449761031,0.0012006558887118748,0.0012006558887118748,0.0,0.0006481320028681204,0.03229014727474124,0.019981793866251943,0.016061948017939,0.06833388915893218
2021MZT,output_2021_09_30_MZT_S3,output_2021_09_30_MZT_S3__B3_2021_09_30_12_56_36,1,2021MZT/output_2021_09_30_MZT_S3/B3_2021_09_30_12_56_36_chunk1.json,7.0,0.35,lsa,21.0,2.0,0.7343051995878669,0.1049007427982667,0.36715259979393344,0.1049007427982667,0.1049007427982667,0.044822440445786385,0.0,0.6721317754294539,0.8533770687213047,0.6340569587833386,2.159565802934097
2021MZT,output_2021_09_30_MZT_S3,output_2021_09_30_MZT_S3__B3_2021_09_30_12_56_36,2,2021MZT/output_2021_09_30_MZT_S3/B3_2021_09_30_12_56_36_chunk2.json,14.0,0.35,lsa,91.0,3.0,0.15353242154369307,0.010966601538835219,0.05117747384789769,0.010966601538835219,0.010966601538835219,0.3970564679608193,0.004664866969916628,0.1584739757508464,0.14187475336802827,0.14086105533308757,0.44120978445196224
2021MZT,output_2021_09_30_MZT_S3,output_2021_09_30_MZT_S3__B3_2021_09_30_12_56_36,3,2021MZT/output_2021_09_30_MZT_S3/B3_2021_09_30_12_56_36_chunk3.json,9.0,0.35,lsa,36.0,0.0,0.0,0.0,0.0,0.0,0.0,0.0,0.0,0.0,0.0,0.0,0.0
2021MZT,output_2021_09_30_MZT_S3,output_2021_09_30_MZT_S3__B3_2021_09_30_12_56_36,4,2021MZT/output_2021_09_30_MZT_S3/B3_2021_09_30_12_56_36_chunk4.json,17.0,0.35,lsa,136.0,3.0,0.7596455775756508,0.04468503397503828,0.2532151925252169,0.04468503397503828,0.04468503397503828,0.3897016447835274,0.06905868887051371,0.83063398572481,0.2905655379509787,0.41053955523293023,1.531739078908719
2021MZT,output_2021_09_30_MZT_S3,output_2021_09_30_MZT_S3__B3_2021_09_30_12_56_36,5,2021MZT/output_2021_09_30_MZT_S3/B3_2021_09_30_12_56_36_chunk5.json,19.0,0.35,lsa,171.0,2.0,0.7298890832533484,0.03841521490807097,0.3649445416266742,0.03841521490807097,0.03841521490807097,0.0,0.07298890832533485,0.42350010638212077,0.37697995677143126,0.3138894960048797,1.1143695591584317
2021MZT,output_2021_09_30_MZT_S3,output_2021_09_30_MZT_S3__B3_2021_09_30_12_56_36,6,2021MZT/output_2021_09_30_MZT_S3/B3_2021_09_30_12_56_36_chunk6.json,26.0,0.35,lsa,325.0,4.0,0.6422038036993521,0.02470014629612893,0.16055095092483804,0.02470014629612893,0.02470014629612893,0.9604207595720977,0.005134648566438005,0.36953786636487385,0.29849426948881835,0.18437497442773604,0.8524071102814283
2021MZT,output_2021_09_30_MZT_S4,output_2021_09_30_MZT_S4__B4_2021_09_30_13_05_04,1,2021MZT/output_2021_09_30_MZT_S4/B4_2021_09_30_13_05_04_chunk1.json,7.0,0.35,lsa,21.0,3.0,1.1551645291899635,0.16502350416999478,0.38505484306332116,0.16502350416999478,0.16502350416999478,0.41602421760582264,0.38505484306332116,1.86052253683751,0.9373450557054812,1.2038262307373464,4.001693823280338
2021MZT,output_2021_09_30_MZT_S4,output_2021_09_30_MZT_S4__B4_2021_09_30_13_05_04,2,2021MZT/output_2021_09_30_MZT_S4/B4_2021_09_30_13_05_04_chunk2.json,14.0,0.35,lsa,91.0,0.0,0.0,0.0,0.0,0.0,0.0,0.0,0.0,0.0,0.0,0.0,0.0
2021MZT,output_2021_09_30_MZT_S4,output_2021_09_30_MZT_S4__B4_2021_09_30_13_05_04,3,2021MZT/output_2021_09_30_MZT_S4/B4_2021_09_30_13_05_04_chunk3.json,20.0,0.35,lsa,190.0,1.0,0.8516492269005791,0.04258246134502895,0.8516492269005791,0.04258246134502895,0.04258246134502895,0.0,0.09462769187784212,0.5341256425553382,0.3307391789115124,0.27487488332889864,1.1397397047957494
2021MZT,output_2021_09_30_MZT_S4,output_2021_09_30_MZT_S4__B4_2021_09_30_13_05_04,4,2021MZT/output_2021_09_30_MZT_S4/B4_2021_09_30_13_05_04_chunk4.json,40.0,0.35,lsa,780.0,22.0,5.012110189490836,0.1253027547372709,0.22782319043140165,0.1253027547372709,0.12530275473727087,0.8327533502895526,0.2421956690693591,2.193507212742009,1.3502485016436387,1.229582272121674,4.773337986507322
2021MZT,output_2021_09_30_MZT_S4,output_2021_09_30_MZT_S4__B4_2021_09_30_13_05_04,5,2021MZT/output_2021_09_30_MZT_S4/B4_2021_09_30_13_05_04_chunk5.json,54.0,0.35,lsa,1431.0,35.0,6.1322528816287765,0.11356023854868104,0.1752072251893936,0.11356023854868107,0.11356023854868107,0.7442530625085174,0.17263003794812562,1.9472533262260272,1.4253269560077855,1.4905739475935502,4.863154229827362
2021MZT,output_2021_09_30_MZT_S4,output_2021_09_30_MZT_S4__B4_2021_09_30_13_05_04,6,2021MZT/output_2021_09_30_MZT_S4/B4_2021_09_30_13_05_04_chunk6.json,0.0,0.35,lsa,0.0,0.0,0.0,0.0,0.0,0.0,0.0,0.0,0.0,0.0,0.0,0.0,0.0
2021MZT,output_2021_09_30_MZT_S5,output_2021_09_30_MZT_S5__B5_2021_09_30_12_57_07,1,2021MZT/output_2021_09_30_MZT_S5/B5_2021_09_30_12_57_07_chunk1.json,16.0,0.35,lsa,120.0,3.0,0.09084551407619186,0.005677844629761991,0.030281838025397287,0.005677844629761992,0.005677844629761992,0.6658806913601786,-0.009775624466951426,0.0730682402689069,0.19207790920574364,0.05852123272526457,0.3236673821999151
2021MZT,output_2021_09_30_MZT_S5,output_2021_09_30_MZT_S5__B5_2021_09_30_12_57_07,2,2021MZT/output_2021_09_30_MZT_S5/B5_2021_09_30_12_57_07_chunk2.json,18.0,0.35,lsa,153.0,2.0,0.6350808016594407,0.035282266758857816,0.31754040082972035,0.035282266758857816,0.035282266758857816,1.0,0.07710349876338395,0.7424324695330449,0.3597482529764014,0.23004329983174077,1.332224022341187
2021MZT,output_2021_09_30_MZT_S5,output_2021_09_30_MZT_S5__B5_2021_09_30_12_57_07,3,2021MZT/output_2021_09_30_MZT_S5/B5_2021_09_30_12_57_07_chunk3.json,13.0,0.35,lsa,78.0,2.0,0.13164617117181004,0.010126628551677695,0.06582308558590502,0.010126628551677695,0.010126628551677695,0.4794145579901553,0.01880659588168715,0.1565298186447835,0.1148686516669794,0.12104900968373321,0.3924474799954961
2021MZT,output_2021_09_30_MZT_S5,output_2021_09_30_MZT_S5__B5_2021_09_30_12_57_07,4,2021MZT/output_2021_09_30_MZT_S5/B5_2021_09_30_12_57_07_chunk4.json,15.0,0.35,lsa,105.0,4.0,0.1963641055455111,0.01309094036970074,0.04909102638637777,0.013090940369700741,0.013090940369700741,0.7497499379494676,0.005603749458289169,0.13609226641232347,0.19555635061392831,0.2207040113333197,0.5523526283595716
2021MZT,output_2021_09_30_MZT_S5,output_2021_09_30_MZT_S5__B5_2021_09_30_12_57_07,5,2021MZT/output_2021_09_30_MZT_S5/B5_2021_09_30_12_57_07_chunk5.json,14.0,0.35,lsa,91.0,1.0,0.021936033890798633,0.0015668595636284738,0.021936033890798633,0.0015668595636284738,0.0015668595636284738,1.0,-0.002742004236349829,0.022536188667913296,0.03057989853230059,0.022536188667913296,0.07565227586812719
2021MZT,output_2021_09_30_MZT_S5,output_2021_09_30_MZT_S5__B5_2021_09_30_12_57_07,6,2021MZT/output_2021_09_30_MZT_S5/B5_2021_09_30_12_57_07_chunk6.json,50.0,0.35,lsa,1225.0,16.0,2.0207315984529033,0.04041463196905806,0.12629572490330646,0.04041463196905806,0.040414631969058076,0.7396981397623414,-0.009892560451218245,0.5929028913655736,0.9725143819854004,0.44657562136286916,2.0119928947138432
2021MZT,output_2021_09_30_MZT_S6,output_2021_09_30_MZT_S6__bot5,1,2021MZT/output_2021_09_30_MZT_S6/bot5_chunk1.json,22.0,0.35,lsa,231.0,1.0,0.0070455998435141436,0.00032025453834155196,0.0070455998435141436,0.00032025453834155196,0.00032025453834155196,1.0,0.0007828444270571271,0.008393547469186077,0.00499509520077035,0.0058705386975989515,0.01925918136755538
2021MZT,output_2021_09_30_MZT_S6,output_2021_09_30_MZT_S6__bot5,2,2021MZT/output_2021_09_30_MZT_S6/bot5_chunk2.json,16.0,0.35,lsa,120.0,2.0,0.1755075574365671,0.010969222339785444,0.08775377871828355,0.010969222339785444,0.010969222339785444,0.4867684162242029,0.022519005416947756,0.1100937043363141,0.1411748143607583,0.17022908644270704,0.4214976051397794
2021MZT,output_2021_09_30_MZT_S6,output_2021_09_30_MZT_S6__bot5,3,2021MZT/output_2021_09_30_MZT_S6/bot5_chunk3.json,15.0,0.35,lsa,105.0,2.0,0.05779801957120792,0.0038532013047471946,0.02889900978560396,0.0038532013047471946,0.0038532013047471946,0.31360005207559005,0.011559603914241583,0.04400844142723422,0.05079353410567376,0.09199547252375963,0.1867974480566676
2021MZT,output_2021_09_30_MZT_S6,output_2021_09_30_MZT_S6__bot5,4,2021MZT/output_2021_09_30_MZT_S6/bot5_chunk4.json,13.0,0.35,lsa,78.0,3.0,0.9552080405460605,0.07347754158046618,0.31840268018202017,0.07347754158046618,0.07347754158046618,1.0,0.1694066553203845,0.6701111340197429,0.5708723208272171,0.6877496486213999,1.92873310346836
2021MZT,output_2021_09_30_MZT_S6,output_2021_09_30_MZT_S6__bot5,5,2021MZT/output_2021_09_30_MZT_S6/bot5_chunk5.json,20.0,0.35,lsa,190.0,5.0,0.8496416081878875,0.04248208040939437,0.16992832163757748,0.04248208040939437,0.042482080409394364,0.4540092939702443,-0.028461184606628075,0.42145941070879217,0.7381057378660332,0.43837416126373774,1.597939309838563
2021MZT,output_2021_09_30_MZT_S6,output_2021_09_30_MZT_S6__bot5,6,2021MZT/output_2021_09_30_MZT_S6/bot5_chunk6.json,29.0,0.35,lsa,406.0,4.0,1.3677986457227629,0.04716547054216424,0.3419496614306907,0.04716547054216424,0.04716547054216424,0.9103340599705014,0.06838993228613814,0.20379094243623166,0.3680482204763259,0.35867566530136685,0.9305148282139244
2021MZT,output_2021_09_30_MZT_S6,output_2021_09_30_MZT_S6__bot5,7,2021MZT/output_2021_09_30_MZT_S6/bot5_chunk7.json,25.0,0.35,lsa,300.0,2.0,1.0159817390640573,0.040639269562562294,0.5079908695320287,0.040639269562562294,0.040639269562562294,0.0,0.06773211593760382,0.9354456807719901,0.26600594821251233,0.27007555747404005,1.4715271864585424
2021MZT,output_2021_09_30_MZT_S7,output_2021_09_30_MZT_S7__MZT_1_1,1,2021MZT/output_2021_09_30_MZT_S7/MZT_1_1_chunk1.json,24.0,0.35,lsa,276.0,7.0,0.27178806011782536,0.01132450250490939,0.03882686573111791,0.01132450250490939,0.01132450250490939,0.8672694351748329,0.024708005465256856,0.19057365287459443,0.1196160107245007,0.1286158947134929,0.43880555831258805
2021MZT,output_2021_09_30_MZT_S7,output_2021_09_30_MZT_S7__MZT_1_1,2,2021MZT/output_2021_09_30_MZT_S7/MZT_1_1_chunk2.json,19.0,0.35,lsa,171.0,2.0,0.5778137631123004,0.030411250690121072,0.2889068815561502,0.030411250690121072,0.030411250690121072,1.0,0.09630229385205007,0.8673050036190211,0.2315304046825637,0.22518601236758612,1.324021420669171
2021MZT,output_2021_09_30_MZT_S7,output_2021_09_30_MZT_S7__MZT_1_1,3,2021MZT/output_2021_09_30_MZT_S7/MZT_1_1_chunk3.json,12.0,0.35,lsa,66.0,4.0,0.692238178028796,0.057686514835733,0.173059544507199,0.057686514835733,0.057686514835733,1.0,0.13844763560575918,0.8604426817138224,0.43072369216173745,0.7495320162075043,2.0406983900830644
2021MZT,output_2021_09_30_MZT_S7,output_2021_09_30_MZT_S7__MZT_1_1,4,2021MZT/output_2021_09_30_MZT_S7/MZT_1_1_chunk4.json,12.0,0.35,lsa,66.0,4.0,0.31405400233380615,0.02617116686115051,0.07851350058345154,0.02617116686115051,0.02617116686115051,0.18911399668104273,-0.0036218217858158333,0.24318429890483043,0.46373244496183563,0.37951624188654226,1.0864329857532082
2021MZT,output_2021_09_30_MZT_S7,output_2021_09_30_MZT_S7__MZT_1_1,5,2021MZT/output_2021_09_30_MZT_S7/MZT_1_1_chunk5.json,17.0,0.35,lsa,136.0,2.0,0.29739614487262367,0.017493890874860217,0.14869807243631183,0.017493890874860217,0.017493890874860217,1.0,0.021242581776615976,0.20119422325038855,0.1675126656944907,0.18332559337121654,0.5520324823160958
2021MZT,output_2021_09_30_MZT_S7,output_2021_09_30_MZT_S7__MZT_1_1,6,2021MZT/output_2021_09_30_MZT_S7/MZT_1_1_chunk6.json,25.0,0.35,lsa,300.0,4.0,0.7553601426275128,0.030214405705100512,0.1888400356568782,0.03021440570510052,0.03021440570510052,0.602765293655296,-0.009128379498350929,0.4617143624780303,0.4926308144577901,0.28679807384531475,1.241143250781135
2021MZT,output_2021_09_30_MZT_S7,output_2021_09_30_MZT_S7__MZT_1_1,7,2021MZT/output_2021_09_30_MZT_S7/MZT_1_1_chunk7.json,27.0,0.35,lsa,351.0,2.0,0.6345962736754596,0.023503565691683687,0.3172981368377298,0.023503565691683687,0.023503565691683687,0.0,0.04457098897823431,0.17068539933437546,0.25993679368309375,0.37967608535374076,0.8102982783712099
2021MZT,output_2021_09_30_MZT_S7,output_2021_09_30_MZT_S7__MZT_1_1,8,2021MZT/output_2021_09_30_MZT_S7/MZT_1_1_chunk8.json,36.0,0.35,lsa,630.0,13.0,2.7482421386588842,0.07634005940719123,0.2114032414352988,0.07634005940719124,0.07634005940719124,0.6229877869330748,-0.021711425111970595,0.9343260968083282,1.2285871645236306,0.6779443414329648,2.8408576027649235
2021MZT,output_2021_09_30_MZT_S7,output_2021_09_30_MZT_S7__MZT_1_2,1,2021MZT/output_2021_09_30_MZT_S7/MZT_1_2_chunk1.json,27.0,0.35,lsa,351.0,4.0,0.25595596804747106,0.009479850668424853,0.06398899201186777,0.009479850668424853,0.009479850668424853,0.18841710963608008,0.02372984972417768,0.14786795853745707,0.13107754303319963,0.09782251318569077,0.37676801475634747
2021MZT,output_2021_09_30_MZT_S7,output_2021_09_30_MZT_S7__MZT_1_2,2,2021MZT/output_2021_09_30_MZT_S7/MZT_1_2_chunk2.json,19.0,0.35,lsa,171.0,1.0,0.8131676115005373,0.042798295342133544,0.8131676115005373,0.042798295342133544,0.042798295342133544,0.0,-0.1161668016429339,0.3040232812739428,0.5724059698631125,0.28988266584924716,1.1663119169863023
2021MZT,output_2021_09_30_MZT_S7,output_2021_09_30_MZT_S7__MZT_1_2,3,2021MZT/output_2021_09_30_MZT_S7/MZT_1_2_chunk3.json,19.0,0.35,lsa,171.0,2.0,0.49850597745413583,0.026237156708112414,0.24925298872706791,0.026237156708112414,0.026237156708112414,1.0,-0.04795575688168842,0.18269614719401323,0.3975523474082868,0.41849785672274054,0.9987463513250406
2021MZT,output_2021_09_30_MZT_S7,output_2021_09_30_MZT_S7__MZT_1_2,4,2021MZT/output_2021_09_30_MZT_S7/MZT_1_2_chunk4.json,20.0,0.35,lsa,190.0,2.0,0.3536548910304391,0.017682744551521957,0.17682744551521956,0.017682744551521957,0.017682744551521957,1.0,-0.0006909644947571299,0.33973265923695833,0.2836611574435697,0.15836348743296566,0.7817573041134936
2021MZT,output_2021_09_30_MZT_S7,output_2021_09_30_MZT_S7__MZT_1_2,5,2021MZT/output_2021_09_30_MZT_S7/MZT_1_2_chunk5.json,20.0,0.35,lsa,190.0,4.0,0.8393407442627145,0.04196703721313573,0.20983518606567864,0.04196703721313573,0.04196703721313573,1.0,-0.03262273690005114,0.32662605104849807,0.7756740567884748,0.48747370224570724,1.58977381008268
2021MZT,output_2021_09_30_MZT_S7,output_2021_09_30_MZT_S7__MZT_1_2,6,2021MZT/output_2021_09_30_MZT_S7/MZT_1_2_chunk6.json,23.0,0.35,lsa,253.0,2.0,0.3000255747468441,0.013044590206384526,0.15001278737342205,0.013044590206384526,0.013044590206384526,0.40246722598940843,0.017250065827748608,0.18053665624933704,0.16589219647879194,0.13183707832096705,0.478265931049096
2021MZT,output_2021_09_30_MZT_S7,output_2021_09_30_MZT_S7__MZT_1_2,7,2021MZT/output_2021_09_30_MZT_S7/MZT_1_2_chunk7.json,14.0,0.35,lsa,91.0,1.0,0.11635325592927535,0.008310946852091097,0.11635325592927535,0.008310946852091097,0.008310946852091097,1.0,0.016621893704182194,0.09144916550507698,0.09144916550507698,0.12202812540292632,0.30492645641308025
2021MZT,output_2021_09_30_MZT_S7,output_2021_09_30_MZT_S7__MZT_1_2,8,2021MZT/output_2021_09_30_MZT_S7/MZT_1_2_chunk8.json,15.0,0.35,lsa,105.0,1.0,0.6307884938574654,0.04205256625716436,0.6307884938574654,0.04205256625716436,0.04205256625716436,1.0,0.1051314156429109,0.43684568959645625,0.33954745466490743,0.29719750846722526,1.0735906527285888
2021MZT,output_2021_10_01_MZT_S1,output_2021_10_01_MZT_S1__B1.3_Zoom_Meeting_Room_1_2021_10_01_11_09_03,1,2021MZT/output_2021_10_01_MZT_S1/B1.3_Zoom_Meeting_Room_1_2021_10_01_11_09_03_chunk1.json,8.0,0.35,lsa,28.0,3.0,0.5432024299803642,0.06790030374754552,0.18106747666012138,0.06790030374754552,0.06790030374754552,1.0,0.03150092418004643,0.5359372542945091,0.7119484189973303,0.6776693227000782,1.9255549959919174
2021MZT,output_2021_10_01_MZT_S1,output_2021_10_01_MZT_S1__B1.3_Zoom_Meeting_Room_1_2021_10_01_11_09_03,2,2021MZT/output_2021_10_01_MZT_S1/B1.3_Zoom_Meeting_Room_1_2021_10_01_11_09_03_chunk2.json,30.0,0.35,lsa,435.0,4.0,0.5510835962751852,0.01836945320917284,0.1377708990687963,0.01836945320917284,0.01836945320917284,1.0,0.025670146116464128,0.2678044980387085,0.2580820671268037,0.2661615479853162,0.7920481131508285
2021MZT,output_2021_10_01_MZT_S1,output_2021_10_01_MZT_S1__B1.3_Zoom_Meeting_Room_1_2021_10_01_11_09_03,3,2021MZT/output_2021_10_01_MZT_S1/B1.3_Zoom_Meeting_Room_1_2021_10_01_11_09_03_chunk3.json,26.0,0.35,lsa,325.0,4.0,0.4120465579537147,0.015847944536681334,0.10301163948842867,0.015847944536681334,0.015847944536681334,0.5756149680670085,-0.0210777213832117,0.24614701301510827,0.36372122591182,0.1643728147943632,0.7742410537212915
2021MZT,output_2021_10_01_MZT_S1,output_2021_10_01_MZT_S1__B1.3_Zoom_Meeting_Room_1_2021_10_01_11_09_03,4,2021MZT/output_2021_10_01_MZT_S1/B1.3_Zoom_Meeting_Room_1_2021_10_01_11_09_03_chunk4.json,16.0,0.35,lsa,120.0,2.0,0.7886868940086655,0.049292930875541596,0.39434344700433277,0.049292930875541596,0.049292930875541596,0.0,0.12414976223340674,0.8373576157788039,0.3488665099361987,0.3488665099361987,1.5350906356512013
2021MZT,output_2021_10_01_MZT_S1,output_2021_10_01_MZT_S1__B1.3_Zoom_Meeting_Room_1_2021_10_01_11_09_03,5,2021MZT/output_2021_10_01_MZT_S1/B1.3_Zoom_Meeting_Room_1_2021_10_01_11_09_03_chunk5.json,13.0,0.35,lsa,78.0,4.0,1.7431216354991421,0.13408627965378017,0.43578040887478553,0.13408627965378014,0.13408627965378017,0.7385930539838932,0.24901737649987746,1.0235570982390065,1.0264670343398485,1.1822461932394193,3.2322703258182743
2021MZT,output_2021_10_01_MZT_S1,output_2021_10_01_MZT_S1__B1.3_Zoom_Meeting_Room_1_2021_10_01_11_09_03,6,2021MZT/output_2021_10_01_MZT_S1/B1.3_Zoom_Meeting_Room_1_2021_10_01_11_09_03_chunk6.json,9.0,0.35,lsa,36.0,4.0,0.822896603840751,0.09143295598230566,0.20572415096018776,0.09143295598230566,0.09143295598230566,0.574432181123418,0.22200172317718395,1.197804624223712,0.7017357227615568,0.8139426596695482,2.713483006654817
2021MZT,output_2021_10_01_MZT_S1,output_2021_10_01_MZT_S1__B1.3_Zoom_Meeting_Room_1_2021_10_01_11_09_03,7,2021MZT/output_2021_10_01_MZT_S1/B1.3_Zoom_Meeting_Room_1_2021_10_01_11_09_03_chunk7.json,27.0,0.35,lsa,351.0,6.0,1.7513811309096323,0.06486596781146786,0.2918968551516054,0.06486596781146786,0.06486596781146786,0.9341005580518714,0.15015023560953816,1.901822488261827,0.5200691726372457,0.5341138287938256,2.9560054896928984
2021MZT,output_2021_10_01_MZT_S10,output_2021_10_01_MZT_S10__B4_2021_10_01_13_11_56,1,2021MZT/output_2021_10_01_MZT_S10/B4_2021_10_01_13_11_56_chunk1.json,38.0,0.35,lsa,703.0,14.0,3.3375556650462075,0.0878304122380581,0.23839683321758626,0.0878304122380581,0.0878304122380581,0.6706432671268834,-0.090324176008167,1.0450857264545506,1.3163740806700184,0.791135964690643,3.152595771815212
2021MZT,output_2021_10_01_MZT_S10,output_2021_10_01_MZT_S10__B4_2021_10_01_13_11_56,2,2021MZT/output_2021_10_01_MZT_S10/B4_2021_10_01_13_11_56_chunk2.json,17.0,0.35,lsa,136.0,8.0,1.2016487862029288,0.07068522271781934,0.1502060982753661,0.07068522271781934,0.07068522271781934,0.5542261496555343,0.11394397350483705,1.0292737652927055,0.6430477575645986,0.9649929340726298,2.637314456929934
2021MZT,output_2021_10_01_MZT_S10,output_2021_10_01_MZT_S10__B4_2021_10_01_13_11_56,3,2021MZT/output_2021_10_01_MZT_S10/B4_2021_10_01_13_11_56_chunk3.json,23.0,0.35,lsa,253.0,2.0,0.4713347552103302,0.0204928154439274,0.2356673776051651,0.0204928154439274,0.0204928154439274,0.8919297113413956,0.039277896267527514,0.1733784795748084,0.19997119490590803,0.3956039627335238,0.7689536372142403
2021MZT,output_2021_10_01_MZT_S10,output_2021_10_01_MZT_S10__B4_2021_10_01_13_11_56,4,2021MZT/output_2021_10_01_MZT_S10/B4_2021_10_01_13_11_56_chunk4.json,11.0,0.35,lsa,55.0,2.0,0.5372469701878565,0.0488406336534415,0.26862348509392825,0.0488406336534415,0.0488406336534415,1.0,-0.08995815555906667,0.4055926476892425,1.0043643647920284,0.3020132944090496,1.7119703068903207
2021MZT,output_2021_10_01_MZT_S10,output_2021_10_01_MZT_S10__B4_2021_10_01_13_11_56,5,2021MZT/output_2021_10_01_MZT_S10/B4_2021_10_01_13_11_56_chunk5.json,18.0,0.35,lsa,153.0,1.0,0.9837830405395293,0.05465461336330718,0.9837830405395293,0.05465461336330718,0.05465461336330718,0.0,0.19675660810790585,0.6437085457908891,0.3669312403132037,0.3492294679144947,1.3598692540185875
2021MZT,output_2021_10_01_MZT_S10,output_2021_10_01_MZT_S10__B4_2021_10_01_13_11_56,6,2021MZT/output_2021_10_01_MZT_S10/B4_2021_10_01_13_11_56_chunk6.json,19.0,0.35,lsa,171.0,1.0,0.023099803094450016,0.0012157791102342115,0.023099803094450016,0.0012157791102342115,0.0012157791102342115,1.0,0.0,0.028518398391112677,0.021706646445500556,0.014177721749929137,0.06440276658654237
2021MZT,output_2021_10_01_MZT_S10,output_2021_10_01_MZT_S10__B4_2021_10_01_13_11_56,7,2021MZT/output_2021_10_01_MZT_S10/B4_2021_10_01_13_11_56_chunk7.json,35.0,0.35,lsa,595.0,8.0,4.87056260824788,0.13915893166422513,0.608820326030985,0.13915893166422513,0.13915893166422513,0.6907810251281153,0.0015107607635319298,1.3208602483651402,1.2806434125364135,1.2279534239454093,3.829457084846963
2021MZT,output_2021_10_01_MZT_S11,output_2021_10_01_MZT_S11__B5_2021_10_01_13_12_03,1,2021MZT/output_2021_10_01_MZT_S11/B5_2021_10_01_13_12_03_chunk1.json,21.0,0.35,lsa,210.0,4.0,0.8536161885375531,0.04064838993035967,0.21340404713438826,0.04064838993035967,0.04064838993035967,0.6116874764770641,0.07113468237812944,0.5268349748004789,0.4958998745702877,0.43268560401041956,1.455420453381186
2021MZT,output_2021_10_01_MZT_S11,output_2021_10_01_MZT_S11__B5_2021_10_01_13_12_03,2,2021MZT/output_2021_10_01_MZT_S11/B5_2021_10_01_13_12_03_chunk2.json,24.0,0.35,lsa,276.0,4.0,0.2211042368346893,0.00921267653477872,0.055276059208672325,0.00921267653477872,0.00921267653477872,0.9980950652017021,3.828992316340801e-05,0.11244205517135038,0.23032574364658204,0.08953430345819378,0.4323021022761262
2021MZT,output_2021_10_01_MZT_S11,output_2021_10_01_MZT_S11__B5_2021_10_01_13_12_03,3,2021MZT/output_2021_10_01_MZT_S11/B5_2021_10_01_13_12_03_chunk3.json,10.0,0.35,lsa,45.0,3.0,0.6423834302541446,0.06423834302541445,0.21412781008471485,0.06423834302541445,0.06423834302541445,1.0,0.10706390504235742,0.7798668190250019,0.519084506984617,0.5732953748408438,1.8722467008504626
2021MZT,output_2021_10_01_MZT_S11,output_2021_10_01_MZT_S11__B5_2021_10_01_13_12_03,4,2021MZT/output_2021_10_01_MZT_S11/B5_2021_10_01_13_12_03_chunk4.json,15.0,0.35,lsa,105.0,1.0,0.9573877015070196,0.06382584676713464,0.9573877015070196,0.06382584676713464,0.06382584676713464,0.0,0.13676967164385995,0.7045521473210775,0.42649565700249614,0.3793819208654091,1.5104297251889829
2021MZT,output_2021_10_01_MZT_S11,output_2021_10_01_MZT_S11__B5_2021_10_01_13_12_03,5,2021MZT/output_2021_10_01_MZT_S11/B5_2021_10_01_13_12_03_chunk5.json,20.0,0.35,lsa,190.0,4.0,0.12576431166176255,0.006288215583088128,0.03144107791544064,0.006288215583088128,0.006288215583088128,0.9722556588211531,-0.003019341689680183,0.10872988550319679,0.15453758071082443,0.07115478463162905,0.33442225084565025
2021MZT,output_2021_10_01_MZT_S11,output_2021_10_01_MZT_S11__B5_2021_10_01_13_12_03,6,2021MZT/output_2021_10_01_MZT_S11/B5_2021_10_01_13_12_03_chunk6.json,28.0,0.35,lsa,378.0,3.0,0.9005504532392486,0.032162516187116026,0.3001834844130829,0.032162516187116026,0.032162516187116026,1.0,0.05658034859774932,0.8669567235746225,0.3648912909642128,0.25481997566499015,1.4866679902038253
2021MZT,output_2021_10_01_MZT_S11,output_2021_10_01_MZT_S11__B5_2021_10_01_13_12_03,7,2021MZT/output_2021_10_01_MZT_S11/B5_2021_10_01_13_12_03_chunk7.json,31.0,0.35,lsa,465.0,6.0,1.5099491802370513,0.048708038072162944,0.25165819670617523,0.04870803807216295,0.04870803807216294,0.29702162531908904,0.10785351287407509,1.352862713423478,0.4160791375222686,0.5321557249978233,2.3010975759435697
2021MZT,output_2021_10_01_MZT_S12,output_2021_10_01_MZT_S12__B6_2021_10_01_13_11_47,1,2021MZT/output_2021_10_01_MZT_S12/B6_2021_10_01_13_11_47_chunk1.json,10.0,0.35,lsa,45.0,1.0,0.43456307840689457,0.043456307840689455,0.43456307840689457,0.043456307840689455,0.043456307840689455,1.0,0.21728153920344728,0.9876092726604094,0.27906568462618775,0.27906568462618775,1.545740641912785
2021MZT,output_2021_10_01_MZT_S12,output_2021_10_01_MZT_S12__B6_2021_10_01_13_11_47,2,2021MZT/output_2021_10_01_MZT_S12/B6_2021_10_01_13_11_47_chunk2.json,21.0,0.35,lsa,210.0,3.0,0.16667787898991926,0.007937041856662821,0.05555929299663975,0.007937041856662821,0.007937041856662821,1.0,0.01233536435408208,0.14086229177502407,0.13968669689350258,0.08975771592603465,0.3703067045945613
2021MZT,output_2021_10_01_MZT_S12,output_2021_10_01_MZT_S12__B6_2021_10_01_13_11_47,3,2021MZT/output_2021_10_01_MZT_S12/B6_2021_10_01_13_11_47_chunk3.json,16.0,0.35,lsa,120.0,1.0,0.7024185213503095,0.04390115758439434,0.7024185213503095,0.04390115758439434,0.04390115758439434,1.0,0.0,0.520878892033587,0.3668255481954516,0.2727661422780883,1.1604705825071269
2021MZT,output_2021_10_01_MZT_S12,output_2021_10_01_MZT_S12__B6_2021_10_01_13_11_47,4,2021MZT/output_2021_10_01_MZT_S12/B6_2021_10_01_13_11_47_chunk4.json,11.0,0.35,lsa,55.0,3.0,0.4176577788155023,0.037968888983227485,0.13921925960516743,0.037968888983227485,0.037968888983227485,0.9883589559623053,0.08353155576310047,0.43716460537384805,0.29920538303415406,0.48083867988388185,1.217208668291884
2021MZT,output_2021_10_01_MZT_S12,output_2021_10_01_MZT_S12__B6_2021_10_01_13_11_47,5,2021MZT/output_2021_10_01_MZT_S12/B6_2021_10_01_13_11_47_chunk5.json,4.0,0.35,lsa,6.0,6.0,4.951804073285773,1.2379510183214433,0.8253006788809621,1.2379510183214433,1.2379510183214433,1.0,1.4759020366428866,1.4981653528108092,1.4981653528108092,2.087206106552612,5.083536812174231
2021MZT,output_2021_10_01_MZT_S12,output_2021_10_01_MZT_S12__B6_2021_10_01_13_11_47,6,2021MZT/output_2021_10_01_MZT_S12/B6_2021_10_01_13_11_47_chunk6.json,4.0,0.35,lsa,6.0,2.0,0.8497941406661431,0.21244853516653578,0.42489707033307156,0.21244853516653578,0.21244853516653578,1.0,-0.22052758493710825,1.1117144699133799,1.0882159839043974,1.0882159839043974,3.2881464377221747
2021MZT,output_2021_10_01_MZT_S12,output_2021_10_01_MZT_S12__B6_2021_10_01_13_11_47,7,2021MZT/output_2021_10_01_MZT_S12/B6_2021_10_01_13_11_47_chunk7.json,13.0,0.35,lsa,78.0,2.0,0.6056516284578989,0.04658858680445376,0.30282581422894944,0.04658858680445376,0.04658858680445376,1.0,-0.05111765575538563,0.40449107771637494,0.7480793837740984,0.37536415503057763,1.5279346165210508
2021MZT,output_2021_10_01_MZT_S13,output_2021_10_01_MZT_S13__MZT_3_5,1,2021MZT/output_2021_10_01_MZT_S13/MZT_3_5_chunk1.json,23.0,0.35,lsa,253.0,4.0,1.0939662971261517,0.04756375204896312,0.2734915742815379,0.04756375204896312,0.04756375204896312,0.07101199186987496,0.08006197135949178,0.5147685832517503,0.47940825522256203,0.3924125537049428,1.3865893921792551
2021MZT,output_2021_10_01_MZT_S13,output_2021_10_01_MZT_S13__MZT_3_5,2,2021MZT/output_2021_10_01_MZT_S13/MZT_3_5_chunk2.json,22.0,0.35,lsa,231.0,2.0,1.0291044706151051,0.046777475937050235,0.5145522353075526,0.046777475937050235,0.046777475937050235,1.0,0.0,0.4635870261307016,0.6602511819586061,0.2821550311692057,1.4059932392585135
2021MZT,output_2021_10_01_MZT_S13,output_2021_10_01_MZT_S13__MZT_3_5,3,2021MZT/output_2021_10_01_MZT_S13/MZT_3_5_chunk3.json,10.0,0.35,lsa,45.0,4.0,0.5503734537310061,0.05503734537310061,0.13759336343275153,0.05503734537310062,0.05503734537310061,1.0,0.11007469074620121,0.9365831969069482,0.4473311868575549,0.5197714391014373,1.9036858228659406
2021MZT,output_2021_10_01_MZT_S13,output_2021_10_01_MZT_S13__MZT_3_5,4,2021MZT/output_2021_10_01_MZT_S13/MZT_3_5_chunk4.json,14.0,0.35,lsa,91.0,1.0,0.3996363748121201,0.028545455343722864,0.3996363748121201,0.028545455343722864,0.028545455343722864,1.0,-0.07992727496242402,0.2106950727357049,0.7215643206360134,0.19809572483341106,1.1303551182051292
2021MZT,output_2021_10_01_MZT_S13,output_2021_10_01_MZT_S13__MZT_3_5,5,2021MZT/output_2021_10_01_MZT_S13/MZT_3_5_chunk5.json,17.0,0.35,lsa,136.0,6.0,0.6172200303063053,0.03630706060625326,0.10287000505105089,0.03630706060625326,0.03630706060625326,0.7325175108826912,0.0,0.3962163672431753,0.4111380287966918,0.37236518111424766,1.1797195771541147
2021MZT,output_2021_10_01_MZT_S13,output_2021_10_01_MZT_S13__MZT_3_5,6,2021MZT/output_2021_10_01_MZT_S13/MZT_3_5_chunk6.json,26.0,0.35,lsa,325.0,2.0,0.6739114445137155,0.02591967094283521,0.33695572225685777,0.02591967094283521,0.02591967094283521,1.0,0.06376405495289555,0.9051149365115139,0.23759815157498843,0.20978671565963583,1.352499803746138
2021MZT,output_2021_10_01_MZT_S13,output_2021_10_01_MZT_S13__MZT_3_5,7,2021MZT/output_2021_10_01_MZT_S13/MZT_3_5_chunk7.json,25.0,0.35,lsa,300.0,1.0,0.38894062046999417,0.015557624818799767,0.38894062046999417,0.015557624818799767,0.015557624818799767,1.0,0.02991850926692263,0.2804952474793626,0.15731287105715414,0.11957139910249835,0.557379517639015
2021MZT,output_2021_10_01_MZT_S13,output_2021_10_01_MZT_S13__MZT_3_6,1,2021MZT/output_2021_10_01_MZT_S13/MZT_3_6_chunk1.json,10.0,0.35,lsa,45.0,1.0,0.44016514528945333,0.04401651452894533,0.44016514528945333,0.04401651452894533,0.04401651452894533,1.0,0.0,0.4298700216522397,0.33877577554932914,0.33877577554932914,1.1074215727508978
2021MZT,output_2021_10_01_MZT_S13,output_2021_10_01_MZT_S13__MZT_3_6,2,2021MZT/output_2021_10_01_MZT_S13/MZT_3_6_chunk2.json,14.0,0.35,lsa,91.0,2.0,0.3418123705078891,0.02441516932199208,0.17090618525394455,0.02441516932199208,0.02441516932199208,0.034534563968413666,0.06836247410157782,0.5239280584074778,0.1948820959036961,0.18673312296257638,0.9055432772737503
2021MZT,output_2021_10_01_MZT_S13,output_2021_10_01_MZT_S13__MZT_3_6,3,2021MZT/output_2021_10_01_MZT_S13/MZT_3_6_chunk3.json,15.0,0.35,lsa,105.0,2.0,0.40158636145190585,0.026772424096793722,0.20079318072595292,0.026772424096793722,0.026772424096793722,1.0,0.06693106024198431,0.5727591511725403,0.23952468645099603,0.22406960559959999,1.0363534432231363
2021MZT,output_2021_10_01_MZT_S13,output_2021_10_01_MZT_S13__MZT_3_6,4,2021MZT/output_2021_10_01_MZT_S13/MZT_3_6_chunk4.json,13.0,0.35,lsa,78.0,3.0,0.4360245572042292,0.033540350554171476,0.1453415190680764,0.033540350554171476,0.03354035055417148,0.29284203088499,0.05919854121448324,0.4644939818841032,0.36875244865377355,0.3468366030788836,1.1800830336167603
2021MZT,output_2021_10_01_MZT_S13,output_2021_10_01_MZT_S13__MZT_3_6,5,2021MZT/output_2021_10_01_MZT_S13/MZT_3_6_chunk5.json,15.0,0.35,lsa,105.0,1.0,0.754300662010864,0.05028671080072426,0.754300662010864,0.05028671080072426,0.05028671080072426,1.0,0.08381118466787378,0.698481282706028,0.33868867284052373,0.3195469697497856,1.3567169252963374
2021MZT,output_2021_10_01_MZT_S13,output_2021_10_01_MZT_S13__MZT_3_6,6,2021MZT/output_2021_10_01_MZT_S13/MZT_3_6_chunk6.json,28.0,0.35,lsa,378.0,6.0,1.2650389435156484,0.045179962268416016,0.21083982391927472,0.045179962268416016,0.045179962268416016,0.6048061073229434,-0.06394169169497546,0.5132970980971879,0.9490662667671854,0.3471220098104354,1.8094853746748085
2021MZT,output_2021_10_01_MZT_S13,output_2021_10_01_MZT_S13__MZT_3_6,7,2021MZT/output_2021_10_01_MZT_S13/MZT_3_6_chunk7.json,25.0,0.35,lsa,300.0,2.0,0.40199876681797986,0.016079950672719195,0.20099938340898993,0.016079950672719195,0.016079950672719195,1.0,0.033499897234831655,0.2681220224281188,0.17554444248155765,0.16880035467809426,0.6124668195877707
2021MZT,output_2021_10_01_MZT_S2,output_2021_10_01_MZT_S2__B2_Zoom_Meeting_Room_2_2021_10_01_11_04_45,1,2021MZT/output_2021_10_01_MZT_S2/B2_Zoom_Meeting_Room_2_2021_10_01_11_04_45_chunk1.json,37.0,0.35,lsa,666.0,13.0,2.3871141994204352,0.06451659998433609,0.18362416918618732,0.06451659998433609,0.06451659998433609,0.3008015912312805,-0.002496515447249048,0.8891208355658553,1.2699349773149262,0.6037386144299001,2.762794427310682
2021MZT,output_2021_10_01_MZT_S2,output_2021_10_01_MZT_S2__B2_Zoom_Meeting_Room_2_2021_10_01_11_04_45,2,2021MZT/output_2021_10_01_MZT_S2/B2_Zoom_Meeting_Room_2_2021_10_01_11_04_45_chunk2.json,22.0,0.35,lsa,231.0,4.0,0.4919856566025943,0.022362984391027015,0.12299641415064858,0.022362984391027015,0.022362984391027015,0.7626988493331285,0.03784505050789187,0.4481104502867096,0.30031036459764293,0.18638607587929404,0.9348068907636465
2021MZT,output_2021_10_01_MZT_S2,output_2021_10_01_MZT_S2__B2_Zoom_Meeting_Room_2_2021_10_01_11_04_45,3,2021MZT/output_2021_10_01_MZT_S2/B2_Zoom_Meeting_Room_2_2021_10_01_11_04_45_chunk3.json,18.0,0.35,lsa,153.0,3.0,0.3505627240963531,0.01947570689424184,0.11685424136545103,0.01947570689424184,0.019475706894241843,0.32564242074086897,0.06963109982798615,0.21490933505969573,0.1938785988984419,0.3580210731656694,0.766809007123807
2021MZT,output_2021_10_01_MZT_S2,output_2021_10_01_MZT_S2__B2_Zoom_Meeting_Room_2_2021_10_01_11_04_45,4,2021MZT/output_2021_10_01_MZT_S2/B2_Zoom_Meeting_Room_2_2021_10_01_11_04_45_chunk4.json,12.0,0.35,lsa,66.0,2.0,1.1628360570903316,0.09690300475752762,0.5814180285451658,0.09690300475752762,0.09690300475752762,0.0,0.14773846898838744,0.5185830038063344,0.8284245366829435,0.9892752923501421,2.33628283283942
2021MZT,output_2021_10_01_MZT_S2,output_2021_10_01_MZT_S2__B2_Zoom_Meeting_Room_2_2021_10_01_11_04_45,5,2021MZT/output_2021_10_01_MZT_S2/B2_Zoom_Meeting_Room_2_2021_10_01_11_04_45_chunk5.json,14.0,0.35,lsa,91.0,1.0,0.9999999999999994,0.07142857142857138,0.9999999999999994,0.07142857142857138,0.07142857142857138,0.0,0.12499999999999993,0.5032583347756455,0.41381685030363347,0.6500224216483539,1.567097606727633
2021MZT,output_2021_10_01_MZT_S2,output_2021_10_01_MZT_S2__B2_Zoom_Meeting_Room_2_2021_10_01_11_04_45,6,2021MZT/output_2021_10_01_MZT_S2/B2_Zoom_Meeting_Room_2_2021_10_01_11_04_45_chunk6.json,24.0,0.35,lsa,276.0,3.0,1.1590074910845019,0.048291978795187575,0.3863358303615006,0.048291978795187575,0.048291978795187575,0.08023786209852585,0.11844568976041168,0.6885325822026844,0.40305409321440894,0.35774897816955287,1.4493356535866462
2021MZT,output_2021_10_01_MZT_S2,output_2021_10_01_MZT_S2__B2_Zoom_Meeting_Room_2_2021_10_01_11_04_45,7,2021MZT/output_2021_10_01_MZT_S2/B2_Zoom_Meeting_Room_2_2021_10_01_11_04_45_chunk7.json,42.0,0.35,lsa,861.0,27.0,5.468673572586667,0.13020651363301589,0.20254346565135803,0.13020651363301589,0.13020651363301589,0.8651559726214914,0.13031152238616603,2.5550464646458186,1.8437891405034221,1.9532513462029981,6.3520869513522396
2021MZT,output_2021_10_01_MZT_S2,output_2021_10_01_MZT_S2__B2_Zoom_Meeting_Room_2_2021_10_01_11_04_45,8,2021MZT/output_2021_10_01_MZT_S2/B2_Zoom_Meeting_Room_2_2021_10_01_11_04_45_chunk8.json,2.0,0.35,lsa,1.0,0.0,0.0,0.0,0.0,0.0,0.0,0.0,0.0,0.0,0.0,0.0,0.0
2021MZT,output_2021_10_01_MZT_S3,output_2021_10_01_MZT_S3__B3_2021_10_01_11_04_47,1,2021MZT/output_2021_10_01_MZT_S3/B3_2021_10_01_11_04_47_chunk1.json,26.0,0.35,lsa,325.0,11.0,2.809514031841788,0.10805823199391493,0.25541036653107163,0.10805823199391493,0.10805823199391493,0.31881910824035725,0.16206324313821202,1.279392986293504,1.1833438574420723,0.9298691297625127,3.392605973498089
2021MZT,output_2021_10_01_MZT_S3,output_2021_10_01_MZT_S3__B3_2021_10_01_11_04_47,2,2021MZT/output_2021_10_01_MZT_S3/B3_2021_10_01_11_04_47_chunk2.json,13.0,0.35,lsa,78.0,3.0,0.6226647603452616,0.04789728925732782,0.20755492011508722,0.04789728925732782,0.04789728925732782,1.0,-0.07904389843492775,0.357614909193127,1.4681582088117273,0.3882233221661223,2.2139964401709764
2021MZT,output_2021_10_01_MZT_S3,output_2021_10_01_MZT_S3__B3_2021_10_01_11_04_47,3,2021MZT/output_2021_10_01_MZT_S3/B3_2021_10_01_11_04_47_chunk3.json,17.0,0.35,lsa,136.0,3.0,0.5311939869429116,0.03124670511428892,0.17706466231430387,0.03124670511428892,0.031246705114288925,1.0000000000000002,0.020684788944299287,0.2797931905006264,0.47735468031151,0.38594119306045693,1.1430890638725932
2021MZT,output_2021_10_01_MZT_S3,output_2021_10_01_MZT_S3__B3_2021_10_01_11_04_47,4,2021MZT/output_2021_10_01_MZT_S3/B3_2021_10_01_11_04_47_chunk4.json,16.0,0.35,lsa,120.0,2.0,0.36814548771729466,0.023009092982330916,0.18407274385864733,0.023009092982330916,0.023009092982330916,1.0,0.04601818596466183,0.2973080714905898,0.23067112656529143,0.22050565747866405,0.7484848555345452
2021MZT,output_2021_10_01_MZT_S3,output_2021_10_01_MZT_S3__B3_2021_10_01_11_04_47,5,2021MZT/output_2021_10_01_MZT_S3/B3_2021_10_01_11_04_47_chunk5.json,9.0,0.35,lsa,36.0,2.0,0.9664847011314748,0.10738718901460831,0.4832423505657374,0.10738718901460831,0.10738718901460831,0.41107645566472145,0.0,0.8630255717727388,1.0165742336526156,0.737462069403942,2.617061874829296
2021MZT,output_2021_10_01_MZT_S3,output_2021_10_01_MZT_S3__B3_2021_10_01_11_04_47,6,2021MZT/output_2021_10_01_MZT_S3/B3_2021_10_01_11_04_47_chunk6.json,9.0,0.35,lsa,36.0,3.0,0.8446797631559906,0.09385330701733229,0.28155992105199684,0.09385330701733229,0.09385330701733229,1.0,0.0033135583661514194,0.5519098538741934,1.1189933112280372,0.5490720899877599,2.2199752550899907
2021MZT,output_2021_10_01_MZT_S3,output_2021_10_01_MZT_S3__B3_2021_10_01_11_04_47,7,2021MZT/output_2021_10_01_MZT_S3/B3_2021_10_01_11_04_47_chunk7.json,13.0,0.35,lsa,78.0,2.0,0.7854249357366867,0.0604173027489759,0.39271246786834335,0.0604173027489759,0.0604173027489759,1.0,0.23053766355834057,0.6272900857928736,0.41001485288488554,0.4904640489400719,1.527768987617831
2021MZT,output_2021_10_01_MZT_S3,output_2021_10_01_MZT_S3__B3_2021_10_01_11_04_47,8,2021MZT/output_2021_10_01_MZT_S3/B3_2021_10_01_11_04_47_chunk8.json,14.0,0.35,lsa,91.0,3.0,0.8434436597322499,0.06024597569516071,0.28114788657741663,0.06024597569516071,0.06024597569516071,1.0,0.3515418149304473,1.0327692486651197,0.4020755030255345,0.6033239747385548,2.038168726429209
2021MZT,output_2021_10_01_MZT_S3,output_2021_10_01_MZT_S3__B3_2021_10_01_11_04_47,9,2021MZT/output_2021_10_01_MZT_S3/B3_2021_10_01_11_04_47_chunk9.json,19.0,0.35,lsa,171.0,3.0,0.49996330985162263,0.026313858413243296,0.16665443661720755,0.026313858413243296,0.026313858413243296,0.5181713399995282,-0.03232337345709954,0.25842133338873574,0.5167144752806145,0.241783816118766,1.0169196247881163
2021MZT,output_2021_10_01_MZT_S3,output_2021_10_01_MZT_S3__B3_2021_10_01_11_04_47,10,2021MZT/output_2021_10_01_MZT_S3/B3_2021_10_01_11_04_47_chunk10.json,4.0,0.35,lsa,6.0,2.0,0.7910929405905778,0.19777323514764444,0.3955464702952889,0.19777323514764444,0.19777323514764444,1.0,-0.2636976468635259,0.8322750669912418,1.4303327952335652,1.1786621434445812,3.4412700056693883
2021MZT,output_2021_10_01_MZT_S4,output_2021_10_01_MZT_S4__B4_2021_10_01_11_04_24,1,2021MZT/output_2021_10_01_MZT_S4/B4_2021_10_01_11_04_24_chunk1.json,25.0,0.35,lsa,300.0,6.0,0.515410942604299,0.020616437704171958,0.08590182376738316,0.020616437704171958,0.020616437704171958,1.0,0.06144853228173651,0.282031838613468,0.2390447032966128,0.2951433258134593,0.8162198677235402
2021MZT,output_2021_10_01_MZT_S4,output_2021_10_01_MZT_S4__B4_2021_10_01_11_04_24,2,2021MZT/output_2021_10_01_MZT_S4/B4_2021_10_01_11_04_24_chunk2.json,10.0,0.35,lsa,45.0,1.0,0.84214809213963,0.084214809213963,0.84214809213963,0.084214809213963,0.084214809213963,1.0,0.0,0.5302423117114906,0.7425079865901802,0.48547728963760417,1.7582275879392748
2021MZT,output_2021_10_01_MZT_S4,output_2021_10_01_MZT_S4__B4_2021_10_01_11_04_24,3,2021MZT/output_2021_10_01_MZT_S4/B4_2021_10_01_11_04_24_chunk3.json,16.0,0.35,lsa,120.0,2.0,0.9845987003237318,0.061537418770233235,0.4922993501618659,0.061537418770233235,0.061537418770233235,0.8665656551160995,0.19691974006474636,1.2438235401371314,0.36714827474469974,0.39162115323192986,2.002592968113761
2021MZT,output_2021_10_01_MZT_S4,output_2021_10_01_MZT_S4__B4_2021_10_01_11_04_24,4,2021MZT/output_2021_10_01_MZT_S4/B4_2021_10_01_11_04_24_chunk4.json,17.0,0.35,lsa,136.0,2.0,0.2476775529885411,0.014569267822855359,0.12383877649427055,0.014569267822855359,0.014569267822855359,0.1562860326051644,0.0,0.13608487705803132,0.21455178011086995,0.16041374240967793,0.5110503995785791
2021MZT,output_2021_10_01_MZT_S4,output_2021_10_01_MZT_S4__B4_2021_10_01_11_04_24,5,2021MZT/output_2021_10_01_MZT_S4/B4_2021_10_01_11_04_24_chunk5.json,14.0,0.35,lsa,91.0,0.0,0.0,0.0,0.0,0.0,0.0,0.0,0.0,0.0,0.0,0.0,0.0
2021MZT,output_2021_10_01_MZT_S4,output_2021_10_01_MZT_S4__B4_2021_10_01_11_04_24,6,2021MZT/output_2021_10_01_MZT_S4/B4_2021_10_01_11_04_24_chunk6.json,20.0,0.35,lsa,190.0,1.0,0.9548939917489015,0.04774469958744508,0.9548939917489015,0.04774469958744508,0.04774469958744508,1.0,0.0,0.45453202788663,0.45453202788663,0.2874901260451834,1.1965541818184433
2021MZT,output_2021_10_01_MZT_S4,output_2021_10_01_MZT_S4__B4_2021_10_01_11_04_24,7,2021MZT/output_2021_10_01_MZT_S4/B4_2021_10_01_11_04_24_chunk7.json,25.0,0.35,lsa,300.0,6.0,1.2598417516186984,0.05039367006474794,0.20997362526978305,0.05039367006474794,0.050393670064747924,1.0,0.10435721508969661,1.0628962412481617,0.46428514244684604,0.4195643456683679,1.9467457293633759
2021MZT,output_2021_10_01_MZT_S4,output_2021_10_01_MZT_S4__B4_2021_10_01_11_04_24,8,2021MZT/output_2021_10_01_MZT_S4/B4_2021_10_01_11_04_24_chunk8.json,21.0,0.35,lsa,210.0,0.0,0.0,0.0,0.0,0.0,0.0,0.0,0.0,0.0,0.0,0.0,0.0
2021MZT,output_2021_10_01_MZT_S4,output_2021_10_01_MZT_S4__B4_2021_10_01_11_04_24,9,2021MZT/output_2021_10_01_MZT_S4/B4_2021_10_01_11_04_24_chunk9.json,16.0,0.35,lsa,120.0,1.0,0.1539226195903258,0.009620163724395362,0.1539226195903258,0.009620163724395362,0.009620163724395362,0.0,0.0,0.0927594868580249,0.1983110767242251,0.0927594868580249,0.38383005044027496
2021MZT,output_2021_10_01_MZT_S4,output_2021_10_01_MZT_S4__B4_2021_10_01_11_04_24,10,2021MZT/output_2021_10_01_MZT_S4/B4_2021_10_01_11_04_24_chunk10.json,5.0,0.35,lsa,10.0,2.0,0.9828542758700729,0.19657085517401457,0.49142713793503645,0.19657085517401457,0.19657085517401457,1.0,-0.32761809195669095,0.8044133337127317,1.640016468365313,1.0989545923528767,3.5433843944309213
2021MZT,output_2021_10_01_MZT_S5,output_2021_10_01_MZT_S5__B5_2021_10_01_11_04_33,1,2021MZT/output_2021_10_01_MZT_S5/B5_2021_10_01_11_04_33_chunk1.json,29.0,0.35,lsa,406.0,11.0,2.9299549738172965,0.10103293013163092,0.2663595430742997,0.1010329301316309,0.1010329301316309,0.5330423455834946,0.23973880127999295,1.1591999458210136,0.8514011629888885,1.247469180551783,3.258070289361685
2021MZT,output_2021_10_01_MZT_S5,output_2021_10_01_MZT_S5__B5_2021_10_01_11_04_33,2,2021MZT/output_2021_10_01_MZT_S5/B5_2021_10_01_11_04_33_chunk2.json,23.0,0.35,lsa,253.0,5.0,0.5325380307260551,0.02315382742287196,0.10650760614521101,0.023153827422871955,0.02315382742287196,0.9999999999999998,-0.031589566470055716,0.2412255567646956,0.35072284851269986,0.257630049680895,0.8495784549582904
2021MZT,output_2021_10_01_MZT_S5,output_2021_10_01_MZT_S5__B5_2021_10_01_11_04_33,3,2021MZT/output_2021_10_01_MZT_S5/B5_2021_10_01_11_04_33_chunk3.json,17.0,0.35,lsa,136.0,2.0,0.2219542976670555,0.013056135156885617,0.11097714883352774,0.013056135156885617,0.013056135156885617,1.0,-0.024661588629672833,0.10548804233450819,0.37058828524079523,0.14592728129238236,0.6220036088676858
2021MZT,output_2021_10_01_MZT_S5,output_2021_10_01_MZT_S5__B5_2021_10_01_11_04_33,4,2021MZT/output_2021_10_01_MZT_S5/B5_2021_10_01_11_04_33_chunk4.json,10.0,0.35,lsa,45.0,2.0,0.8734736541504204,0.08734736541504204,0.4367368270752102,0.08734736541504204,0.08734736541504204,0.3895047241435564,-0.09269498447133469,0.45958240279736823,1.150799411869361,0.7730672396231235,2.3834490542898528
2021MZT,output_2021_10_01_MZT_S5,output_2021_10_01_MZT_S5__B5_2021_10_01_11_04_33,5,2021MZT/output_2021_10_01_MZT_S5/B5_2021_10_01_11_04_33_chunk5.json,24.0,0.35,lsa,276.0,2.0,0.029823776982955855,0.0012426573742898273,0.014911888491477928,0.0012426573742898273,0.0012426573742898273,1.0,0.0,0.019444837254340715,0.03544330628854509,0.01679679037209798,0.07168493391498379
2021MZT,output_2021_10_01_MZT_S5,output_2021_10_01_MZT_S5__B5_2021_10_01_11_04_33,6,2021MZT/output_2021_10_01_MZT_S5/B5_2021_10_01_11_04_33_chunk6.json,21.0,0.35,lsa,210.0,2.0,0.25253609894982626,0.012025528521420298,0.12626804947491313,0.012025528521420298,0.012025528521420298,1.0,-0.024754449246392536,0.09774302011260795,0.4861885238192407,0.17616854107270827,0.760100085004557
2021MZT,output_2021_10_01_MZT_S5,output_2021_10_01_MZT_S5__B5_2021_10_01_11_04_33,7,2021MZT/output_2021_10_01_MZT_S5/B5_2021_10_01_11_04_33_chunk7.json,25.0,0.35,lsa,300.0,1.0,0.8904664619316016,0.035618658477264066,0.8904664619316016,0.035618658477264066,0.035618658477264066,1.0,0.07420553849430013,0.5038496408003282,0.29642385436553786,0.2288470269056874,1.0291205220715536
2021MZT,output_2021_10_01_MZT_S5,output_2021_10_01_MZT_S5__B5_2021_10_01_11_04_33,8,2021MZT/output_2021_10_01_MZT_S5/B5_2021_10_01_11_04_33_chunk8.json,18.0,0.35,lsa,153.0,9.0,0.9515069642549507,0.05286149801416393,0.10572299602832785,0.05286149801416393,0.05286149801416393,0.9999999999999999,-0.04153251362340952,0.5564476077103544,0.9197620392329628,0.7156404465157468,2.191850093459064
2021MZT,output_2021_10_01_MZT_S5,output_2021_10_01_MZT_S5__B5_2021_10_01_11_04_33,9,2021MZT/output_2021_10_01_MZT_S5/B5_2021_10_01_11_04_33_chunk9.json,19.0,0.35,lsa,171.0,1.0,0.7739670624273066,0.04073510854880561,0.7739670624273066,0.04073510854880561,0.04073510854880561,1.0,0.0,0.30842982632411586,0.6217069486829626,0.2558737249097212,1.1860104999167997
2021MZT,output_2021_10_01_MZT_S5,output_2021_10_01_MZT_S5__B5_2021_10_01_11_04_33,10,2021MZT/output_2021_10_01_MZT_S5/B5_2021_10_01_11_04_33_chunk10.json,4.0,0.35,lsa,6.0,1.0,0.9012335439307405,0.22530838598268513,0.9012335439307405,0.22530838598268513,0.22530838598268513,1.0,-0.30041118131024686,0.8817929435459184,0.9929519049332879,0.9929519049332879,2.867696753412494
2021MZT,output_2021_10_01_MZT_S6,output_2021_10_01_MZT_S6__MZT_2_5,1,2021MZT/output_2021_10_01_MZT_S6/MZT_2_5_chunk1.json,32.0,0.35,lsa,496.0,7.0,0.735912740247364,0.022997273132730124,0.10513039146390914,0.022997273132730124,0.022997273132730124,0.46022007831975853,0.0059869679305401885,0.35445599211776757,0.318996066191088,0.2776789150322887,0.9511309733411443
2021MZT,output_2021_10_01_MZT_S6,output_2021_10_01_MZT_S6__MZT_2_5,2,2021MZT/output_2021_10_01_MZT_S6/MZT_2_5_chunk2.json,21.0,0.35,lsa,210.0,3.0,0.39873844153993043,0.018987544835234783,0.13291281384664347,0.018987544835234783,0.018987544835234783,1.0,-0.02434160380150421,0.20479566486291967,0.38335965215577883,0.18862102233046002,0.7767763393491585
2021MZT,output_2021_10_01_MZT_S6,output_2021_10_01_MZT_S6__MZT_2_5,3,2021MZT/output_2021_10_01_MZT_S6/MZT_2_5_chunk3.json,19.0,0.35,lsa,171.0,3.0,0.32468095219536686,0.017088471168177202,0.10822698406512228,0.017088471168177202,0.017088471168177202,0.48507092112200495,0.02624888142536271,0.18566019516415241,0.20036600053845327,0.2318903728291718,0.6179165685317775
2021MZT,output_2021_10_01_MZT_S6,output_2021_10_01_MZT_S6__MZT_2_5,4,2021MZT/output_2021_10_01_MZT_S6/MZT_2_5_chunk4.json,9.0,0.35,lsa,36.0,3.0,0.3811141062291497,0.04234601180323885,0.12703803540971656,0.04234601180323885,0.04234601180323885,1.0,0.09527852655728743,0.9753640078087062,0.2762827917757441,0.49618140378487563,1.747828203369326
2021MZT,output_2021_10_01_MZT_S6,output_2021_10_01_MZT_S6__MZT_2_5,5,2021MZT/output_2021_10_01_MZT_S6/MZT_2_5_chunk5.json,25.0,0.35,lsa,300.0,0.0,0.0,0.0,0.0,0.0,0.0,0.0,0.0,0.0,0.0,0.0,0.0
2021MZT,output_2021_10_01_MZT_S6,output_2021_10_01_MZT_S6__MZT_2_5,6,2021MZT/output_2021_10_01_MZT_S6/MZT_2_5_chunk6.json,24.0,0.35,lsa,276.0,4.0,0.2703118032915464,0.011262991803814433,0.0675779508228866,0.011262991803814433,0.011262991803814433,0.24609687606193748,0.015017322405085912,0.16323528219277827,0.13097590705549855,0.18240610470552404,0.47661729395380087
2021MZT,output_2021_10_01_MZT_S6,output_2021_10_01_MZT_S6__MZT_2_5,7,2021MZT/output_2021_10_01_MZT_S6/MZT_2_5_chunk7.json,19.0,0.35,lsa,171.0,1.0,0.9197307288029699,0.048406880463314206,0.9197307288029699,0.048406880463314206,0.048406880463314206,1.0,0.10219230320032999,0.6886340663605498,0.3496490593434513,0.29103520758210755,1.3293183332861087
2021MZT,output_2021_10_01_MZT_S6,output_2021_10_01_MZT_S6__MZT_2_5,8,2021MZT/output_2021_10_01_MZT_S6/MZT_2_5_chunk8.json,4.0,0.35,lsa,6.0,2.0,0.8031041531702632,0.2007760382925658,0.4015520765851316,0.2007760382925658,0.2007760382925658,1.0,0.170339826482086,0.8381468956638927,1.5316970583915919,1.5447732847162303,3.914617238771715
2021MZT,output_2021_10_01_MZT_S6,output_2021_10_01_MZT_S6__MZT_2_6,1,2021MZT/output_2021_10_01_MZT_S6/MZT_2_6_chunk1.json,34.0,0.35,lsa,561.0,3.0,0.5191362637483949,0.015268713639658675,0.17304542124946498,0.015268713639658675,0.015268713639658675,0.9387419058010952,-0.0014455135521257588,0.31445108436964436,0.17683132101208268,0.14784984738522644,0.6391322527669535
2021MZT,output_2021_10_01_MZT_S6,output_2021_10_01_MZT_S6__MZT_2_6,2,2021MZT/output_2021_10_01_MZT_S6/MZT_2_6_chunk2.json,17.0,0.35,lsa,136.0,4.0,0.8506337681255667,0.05003728047797451,0.21265844203139167,0.05003728047797451,0.050037280477974504,0.9262022584523125,-0.0627222841260342,0.3829500911610613,0.7750641873551861,0.4547221381397584,1.6127364166560059
2021MZT,output_2021_10_01_MZT_S6,output_2021_10_01_MZT_S6__MZT_2_6,3,2021MZT/output_2021_10_01_MZT_S6/MZT_2_6_chunk3.json,16.0,0.35,lsa,120.0,3.0,0.3880859038674009,0.024255368991712555,0.1293619679558003,0.02425536899171256,0.024255368991712555,0.3482833920291223,0.0554408434096287,0.25926140389844626,0.23106257080263226,0.4315753242773188,0.9218992989783974
2021MZT,output_2021_10_01_MZT_S6,output_2021_10_01_MZT_S6__MZT_2_6,4,2021MZT/output_2021_10_01_MZT_S6/MZT_2_6_chunk4.json,17.0,0.35,lsa,136.0,2.0,0.29205596174141185,0.017179762455377168,0.14602798087070593,0.017179762455377168,0.017179762455377168,0.12061604347288535,0.04172228024877312,0.3326560146589203,0.1384565648429475,0.19486416674181103,0.6659767462436789
2021MZT,output_2021_10_01_MZT_S6,output_2021_10_01_MZT_S6__MZT_2_6,5,2021MZT/output_2021_10_01_MZT_S6/MZT_2_6_chunk5.json,12.0,0.35,lsa,66.0,1.0,0.014992861625001686,0.0012494051354168072,0.014992861625001686,0.0012494051354168072,0.0012494051354168072,0.0,0.0,0.029452092451921406,0.01777653313451138,0.01777653313451138,0.06500515872094417
2021MZT,output_2021_10_01_MZT_S6,output_2021_10_01_MZT_S6__MZT_2_6,6,2021MZT/output_2021_10_01_MZT_S6/MZT_2_6_chunk6.json,13.0,0.35,lsa,78.0,0.0,0.0,0.0,0.0,0.0,0.0,0.0,0.0,0.0,0.0,0.0,0.0
2021MZT,output_2021_10_01_MZT_S6,output_2021_10_01_MZT_S6__MZT_2_6,7,2021MZT/output_2021_10_01_MZT_S6/MZT_2_6_chunk7.json,62.0,0.35,lsa,1891.0,62.0,10.642185690591695,0.17164815629986604,0.17164815629986604,0.17164815629986604,0.17164815629986604,0.6217375924531277,0.02528347105223247,2.728965319410763,3.128992228252547,1.9475155864538325,7.8054731341171415
2021MZT,output_2021_10_01_MZT_S6,output_2021_10_01_MZT_S6__MZT_2_6,8,2021MZT/output_2021_10_01_MZT_S6/MZT_2_6_chunk8.json,11.0,0.35,lsa,55.0,2.0,0.8271039831895566,0.0751912711990506,0.4135519915947783,0.0751912711990506,0.0751912711990506,1.0,0.11815771188422237,0.9062128317236485,0.5119538288455845,0.5927507604698017,2.010917421039035
2021MZT,output_2021_10_01_MZT_S7,output_2021_10_01_MZT_S7__B1_Zoom_Meeting_Room_1_2021_10_01_13_12_04,1,2021MZT/output_2021_10_01_MZT_S7/B1_Zoom_Meeting_Room_1_2021_10_01_13_12_04_chunk1.json,40.0,0.35,lsa,780.0,25.0,8.16486390891498,0.20412159772287447,0.3265945563565992,0.20412159772287444,0.20412159772287444,0.148161244595272,0.30618924100022593,2.3356093068986143,2.1404859785295156,1.936313136764707,6.412408422192837
2021MZT,output_2021_10_01_MZT_S7,output_2021_10_01_MZT_S7__B1_Zoom_Meeting_Room_1_2021_10_01_13_12_04,2,2021MZT/output_2021_10_01_MZT_S7/B1_Zoom_Meeting_Room_1_2021_10_01_13_12_04_chunk2.json,21.0,0.35,lsa,210.0,6.0,0.6136329121263366,0.029220614863158887,0.1022721520210561,0.029220614863158887,0.029220614863158894,0.6441428643695771,0.00816109675129242,0.3571791395059634,0.4929356857811045,0.42998395830431996,1.280098783591388
2021MZT,output_2021_10_01_MZT_S7,output_2021_10_01_MZT_S7__B1_Zoom_Meeting_Room_1_2021_10_01_13_12_04,3,2021MZT/output_2021_10_01_MZT_S7/B1_Zoom_Meeting_Room_1_2021_10_01_13_12_04_chunk3.json,21.0,0.35,lsa,210.0,4.0,1.9123732337562342,0.09106539208363021,0.47809330843905856,0.09106539208363021,0.09106539208363021,0.9554195633323506,0.012012743213800872,0.68055340919145,1.3161957244786118,0.700919773882376,2.697668907552438
2021MZT,output_2021_10_01_MZT_S7,output_2021_10_01_MZT_S7__B1_Zoom_Meeting_Room_1_2021_10_01_13_12_04,4,2021MZT/output_2021_10_01_MZT_S7/B1_Zoom_Meeting_Room_1_2021_10_01_13_12_04_chunk4.json,10.0,0.35,lsa,45.0,1.0,0.13312808821219085,0.013312808821219085,0.13312808821219085,0.013312808821219085,0.013312808821219085,0.0,0.06656404410609543,0.21059297212421843,0.12214064511076993,0.1358925206765407,0.4686261379115291
2021MZT,output_2021_10_01_MZT_S7,output_2021_10_01_MZT_S7__B1_Zoom_Meeting_Room_1_2021_10_01_13_12_04,5,2021MZT/output_2021_10_01_MZT_S7/B1_Zoom_Meeting_Room_1_2021_10_01_13_12_04_chunk5.json,10.0,0.35,lsa,45.0,2.0,0.1709797098240683,0.01709797098240683,0.08548985491203415,0.01709797098240683,0.01709797098240683,0.06471156754287986,0.028496618304011383,0.3880437070301066,0.1357755843788691,0.17078763607776476,0.6946069274867404
2021MZT,output_2021_10_01_MZT_S7,output_2021_10_01_MZT_S7__B1_Zoom_Meeting_Room_1_2021_10_01_13_12_04,6,2021MZT/output_2021_10_01_MZT_S7/B1_Zoom_Meeting_Room_1_2021_10_01_13_12_04_chunk6.json,15.0,0.35,lsa,105.0,3.0,0.4077966439947646,0.02718644293298431,0.13593221466492153,0.027186442932984303,0.027186442932984303,0.7444527039098776,0.04296790219390484,0.25114083494361206,0.4307457231984461,0.3164666801199727,0.9983532382620308
2021MZT,output_2021_10_01_MZT_S7,output_2021_10_01_MZT_S7__B1_Zoom_Meeting_Room_1_2021_10_01_13_12_04,7,2021MZT/output_2021_10_01_MZT_S7/B1_Zoom_Meeting_Room_1_2021_10_01_13_12_04_chunk7.json,24.0,0.35,lsa,276.0,1.0,0.16531047469422652,0.006887936445592772,0.16531047469422652,0.006887936445592772,0.006887936445592772,1.0,0.0,0.07895880274172556,0.1321756161586512,0.0663294036422706,0.27746382254264734
2021MZT,output_2021_10_01_MZT_S8,output_2021_10_01_MZT_S8__B2_Zoom_Meeting_Room_2_2021_10_01_13_12_15,1,2021MZT/output_2021_10_01_MZT_S8/B2_Zoom_Meeting_Room_2_2021_10_01_13_12_15_chunk1.json,25.0,0.35,lsa,300.0,11.0,1.691449389402858,0.06765797557611432,0.15376812630935072,0.06765797557611432,0.06765797557611432,0.491503617321995,0.13272607586842772,0.8122896635186815,0.824139637398446,1.0054562260414446,2.641885526958572
2021MZT,output_2021_10_01_MZT_S8,output_2021_10_01_MZT_S8__B2_Zoom_Meeting_Room_2_2021_10_01_13_12_15,2,2021MZT/output_2021_10_01_MZT_S8/B2_Zoom_Meeting_Room_2_2021_10_01_13_12_15_chunk2.json,19.0,0.35,lsa,171.0,1.0,0.15591132033478539,0.008205858964988705,0.15591132033478539,0.008205858964988705,0.008205858964988705,0.0,0.022273045762112198,0.1738398509310981,0.08339451417699321,0.07909425490737024,0.3363286200154616
2021MZT,output_2021_10_01_MZT_S8,output_2021_10_01_MZT_S8__B2_Zoom_Meeting_Room_2_2021_10_01_13_12_15,3,2021MZT/output_2021_10_01_MZT_S8/B2_Zoom_Meeting_Room_2_2021_10_01_13_12_15_chunk3.json,20.0,0.35,lsa,190.0,2.0,0.8263540500432267,0.04131770250216134,0.41317702502161335,0.04131770250216134,0.04131770250216134,1.0,0.09181711667146963,0.582370199818125,0.3822135376985075,0.3171607275348059,1.2817444650514385
2021MZT,output_2021_10_01_MZT_S8,output_2021_10_01_MZT_S8__B2_Zoom_Meeting_Room_2_2021_10_01_13_12_15,4,2021MZT/output_2021_10_01_MZT_S8/B2_Zoom_Meeting_Room_2_2021_10_01_13_12_15_chunk4.json,11.0,0.35,lsa,55.0,3.0,0.9777577169823481,0.08888706518021347,0.32591923899411607,0.08888706518021347,0.08888706518021347,1.0,0.19555154339646963,1.2976937729762412,0.6163926079758799,0.7353661167152516,2.649452497667373
2021MZT,output_2021_10_01_MZT_S8,output_2021_10_01_MZT_S8__B2_Zoom_Meeting_Room_2_2021_10_01_13_12_15,5,2021MZT/output_2021_10_01_MZT_S8/B2_Zoom_Meeting_Room_2_2021_10_01_13_12_15_chunk5.json,14.0,0.35,lsa,91.0,4.0,0.8003163322098383,0.05716545230070274,0.20007908305245958,0.05716545230070274,0.05716545230070274,1.0,-0.08384270180561715,0.44489264080919905,1.0285285545744618,0.55982304856038,2.033244243944041
2021MZT,output_2021_10_01_MZT_S8,output_2021_10_01_MZT_S8__B2_Zoom_Meeting_Room_2_2021_10_01_13_12_15,6,2021MZT/output_2021_10_01_MZT_S8/B2_Zoom_Meeting_Room_2_2021_10_01_13_12_15_chunk6.json,30.0,0.35,lsa,435.0,7.0,0.6677755904193754,0.022259186347312512,0.09539651291705363,0.022259186347312505,0.02225918634731251,0.31722116232367853,0.004778500274301466,0.37601780766798,0.2792093420671986,0.2275001108562253,0.8827272605914038
2021MZT,output_2021_10_01_MZT_S8,output_2021_10_01_MZT_S8__B2_Zoom_Meeting_Room_2_2021_10_01_13_12_15,7,2021MZT/output_2021_10_01_MZT_S8/B2_Zoom_Meeting_Room_2_2021_10_01_13_12_15_chunk7.json,22.0,0.35,lsa,231.0,2.0,1.0432188514938738,0.047419038704266996,0.5216094257469369,0.047419038704266996,0.047419038704266996,0.8841548090916639,0.0838515422257628,0.576636001842994,0.42078175852608746,0.3411363892296475,1.338554149598729
2021MZT,output_2021_10_01_MZT_S9,output_2021_10_01_MZT_S9__B3_2021_10_01_13_12_21,1,2021MZT/output_2021_10_01_MZT_S9/B3_2021_10_01_13_12_21_chunk1.json,31.0,0.35,lsa,465.0,7.0,1.7575899033991793,0.05669644849674772,0.2510842719141685,0.05669644849674772,0.05669644849674773,0.07750380510973713,0.21167279829245328,0.8032753420543429,0.5014181192378211,0.5818789978172053,1.8865724591093693
2021MZT,output_2021_10_01_MZT_S9,output_2021_10_01_MZT_S9__B3_2021_10_01_13_12_21,2,2021MZT/output_2021_10_01_MZT_S9/B3_2021_10_01_13_12_21_chunk2.json,13.0,0.35,lsa,78.0,4.0,0.7671557275659309,0.05901197904353314,0.19178893189148272,0.05901197904353314,0.05901197904353314,1.0,0.06451685285885207,0.7767830804679844,0.5910737465822637,0.5401358229182597,1.9079926499685076
2021MZT,output_2021_10_01_MZT_S9,output_2021_10_01_MZT_S9__B3_2021_10_01_13_12_21,3,2021MZT/output_2021_10_01_MZT_S9/B3_2021_10_01_13_12_21_chunk3.json,15.0,0.35,lsa,105.0,3.0,0.8350174575925088,0.055667830506167255,0.27833915253083624,0.055667830506167255,0.055667830506167255,1.0,0.04040441590565604,0.47800717811119364,0.6532842901140838,0.8046033667892578,1.9358948350145353
2021MZT,output_2021_10_01_MZT_S9,output_2021_10_01_MZT_S9__B3_2021_10_01_13_12_21,4,2021MZT/output_2021_10_01_MZT_S9/B3_2021_10_01_13_12_21_chunk4.json,9.0,0.35,lsa,36.0,4.0,0.8721497980326214,0.09690553311473571,0.21803744950815535,0.0969055331147357,0.09690553311473571,1.0,-0.03769028077718116,0.8960596474698617,1.1523465256565526,0.8444991342280947,2.8929053073545092
2021MZT,output_2021_10_01_MZT_S9,output_2021_10_01_MZT_S9__B3_2021_10_01_13_12_21,5,2021MZT/output_2021_10_01_MZT_S9/B3_2021_10_01_13_12_21_chunk5.json,17.0,0.35,lsa,136.0,4.0,1.0647001005309802,0.06262941767829296,0.26617502513274505,0.06262941767829296,0.06262941767829294,0.9973834284349716,0.0,0.5537154535044859,0.8345155483780031,0.4930293822861339,1.8812603841686228
2021MZT,output_2021_10_01_MZT_S9,output_2021_10_01_MZT_S9__B3_2021_10_01_13_12_21,6,2021MZT/output_2021_10_01_MZT_S9/B3_2021_10_01_13_12_21_chunk6.json,16.0,0.35,lsa,120.0,1.0,0.8250517438412691,0.05156573399007932,0.8250517438412691,0.05156573399007932,0.05156573399007932,0.0,0.2750172479470897,0.9778077680166533,0.30728251270834933,0.32319175694987606,1.6082820376748788
2021MZT,output_2021_10_01_MZT_S9,output_2021_10_01_MZT_S9__B3_2021_10_01_13_12_21,7,2021MZT/output_2021_10_01_MZT_S9/B3_2021_10_01_13_12_21_chunk7.json,35.0,0.35,lsa,595.0,5.0,2.0126426235952044,0.05750407495986298,0.4025285247190409,0.05750407495986298,0.05750407495986298,0.7885710022263778,0.09206569501402989,0.6630316231086418,0.6708381019509948,0.49439016216383114,1.8282598872234679
2021NES,output_2021_11_04_NES_S1,output_2021_11_04_NES_S1__B1_trim_end_2021_11_04_12_51_35,1,2021NES/output_2021_11_04_NES_S1/B1_trim_end_2021_11_04_12_51_35_chunk1.json,18.0,0.35,lsa,153.0,0.0,0.0,0.0,0.0,0.0,0.0,0.0,0.0,0.0,0.0,0.0,0.0
2021NES,output_2021_11_04_NES_S1,output_2021_11_04_NES_S1__B1_trim_end_2021_11_04_12_51_35,2,2021NES/output_2021_11_04_NES_S1/B1_trim_end_2021_11_04_12_51_35_chunk2.json,18.0,0.35,lsa,153.0,6.0,1.352908681613966,0.07516159342299811,0.22548478026899432,0.07516159342299811,0.07516159342299811,0.5214007373912899,-0.004660273803709994,0.5685330814645281,1.0578439390130154,0.9925011974042046,2.618878217881748
2021NES,output_2021_11_04_NES_S1,output_2021_11_04_NES_S1__B1_trim_end_2021_11_04_12_51_35,3,2021NES/output_2021_11_04_NES_S1/B1_trim_end_2021_11_04_12_51_35_chunk3.json,28.0,0.35,lsa,378.0,1.0,0.1003689086932076,0.003584603881900271,0.1003689086932076,0.003584603881900271,0.003584603881900271,0.0,0.0,0.03773978150088106,0.06527196069086894,0.052206629624792604,0.1552183718165426
2021NES,output_2021_11_04_NES_S1,output_2021_11_04_NES_S1__B1_trim_end_2021_11_04_12_51_35,4,2021NES/output_2021_11_04_NES_S1/B1_trim_end_2021_11_04_12_51_35_chunk4.json,24.0,0.35,lsa,276.0,4.0,0.6843443774490485,0.02851434906037702,0.17108609436226213,0.02851434906037702,0.02851434906037702,1.0,-0.06996912444730569,0.24627117927721864,0.46535396475311125,0.3312737483336995,1.0428988923640294
2021NES,output_2021_11_04_NES_S1,output_2021_11_04_NES_S1__B1_trim_end_2021_11_04_12_51_35,5,2021NES/output_2021_11_04_NES_S1/B1_trim_end_2021_11_04_12_51_35_chunk5.json,31.0,0.35,lsa,465.0,3.0,0.3597443869482333,0.011604657643491396,0.1199147956494111,0.011604657643491396,0.011604657643491396,0.6573742026964496,-0.009481362107970414,0.15699135602961364,0.19678846934901623,0.12603308807274105,0.4798129134513709
2021NES,output_2021_11_04_NES_S1,output_2021_11_04_NES_S1__B1_trim_end_2021_11_04_12_51_35,6,2021NES/output_2021_11_04_NES_S1/B1_trim_end_2021_11_04_12_51_35_chunk6.json,22.0,0.35,lsa,231.0,4.0,1.325385787388653,0.060244808517666046,0.33134644684716325,0.060244808517666046,0.060244808517666046,0.6674286765549955,0.08041822563650994,0.6263165735850891,0.753565128272681,0.5137069919136038,1.893588693771374
2021NES,output_2021_11_04_NES_S1,output_2021_11_04_NES_S1__B1_trim_end_2021_11_04_12_51_35,7,2021NES/output_2021_11_04_NES_S1/B1_trim_end_2021_11_04_12_51_35_chunk7.json,0.0,0.35,lsa,0.0,0.0,0.0,0.0,0.0,0.0,0.0,0.0,0.0,0.0,0.0,0.0,0.0
2021NES,output_2021_11_04_NES_S1,output_2021_11_04_NES_S1__B1_trim_end_2021_11_04_12_51_35,8,2021NES/output_2021_11_04_NES_S1/B1_trim_end_2021_11_04_12_51_35_chunk8.json,30.0,0.35,lsa,435.0,2.0,0.7188695642475653,0.023962318808252177,0.35943478212378266,0.023962318808252177,0.023962318808252177,0.0,0.05151279218162032,0.3342334715816208,0.22903173268225818,0.27701815338769287,0.8402833576515719
2021NES,output_2021_11_04_NES_S1,output_2021_11_04_NES_S1__B1_trim_end_2021_11_04_12_51_35,9,2021NES/output_2021_11_04_NES_S1/B1_trim_end_2021_11_04_12_51_35_chunk9.json,0.0,0.35,lsa,0.0,0.0,0.0,0.0,0.0,0.0,0.0,0.0,0.0,0.0,0.0,0.0,0.0
2021NES,output_2021_11_04_NES_S1,output_2021_11_04_NES_S1__B1_trim_end_2021_11_04_12_51_35,10,2021NES/output_2021_11_04_NES_S1/B1_trim_end_2021_11_04_12_51_35_chunk10.json,0.0,0.35,lsa,0.0,0.0,0.0,0.0,0.0,0.0,0.0,0.0,0.0,0.0,0.0,0.0,0.0
2021NES,output_2021_11_04_NES_S2,output_2021_11_04_NES_S2__B2_Zoom_Meeting_Room_2_2021_11_04_12_53_10,1,2021NES/output_2021_11_04_NES_S2/B2_Zoom_Meeting_Room_2_2021_11_04_12_53_10_chunk1.json,19.0,0.35,lsa,171.0,2.0,0.1693596815687501,0.008913667450986847,0.08467984078437504,0.008913667450986847,0.008913667450986847,0.46169018020897823,0.013031950317268566,0.1508574750575325,0.11424154631793647,0.10485438712200296,0.36995340849747194
2021NES,output_2021_11_04_NES_S2,output_2021_11_04_NES_S2__B2_Zoom_Meeting_Room_2_2021_11_04_12_53_10,2,2021NES/output_2021_11_04_NES_S2/B2_Zoom_Meeting_Room_2_2021_11_04_12_53_10_chunk2.json,15.0,0.35,lsa,105.0,3.0,0.8346451989311887,0.055643013262079245,0.2782150663103962,0.055643013262079245,0.055643013262079245,1.0,0.04547831069423184,0.5471020022545953,0.5526446944179884,0.5053670921229043,1.605113788795488
2021NES,output_2021_11_04_NES_S2,output_2021_11_04_NES_S2__B2_Zoom_Meeting_Room_2_2021_11_04_12_53_10,3,2021NES/output_2021_11_04_NES_S2/B2_Zoom_Meeting_Room_2_2021_11_04_12_53_10_chunk3.json,18.0,0.35,lsa,153.0,4.0,0.9242362016694933,0.05134645564830518,0.23105905041737332,0.05134645564830518,0.05134645564830518,1.0,-0.01160591018555327,0.6126690810764948,0.4989101818175585,0.318465544315139,1.4300448072091922
2021NES,output_2021_11_04_NES_S2,output_2021_11_04_NES_S2__B2_Zoom_Meeting_Room_2_2021_11_04_12_53_10,4,2021NES/output_2021_11_04_NES_S2/B2_Zoom_Meeting_Room_2_2021_11_04_12_53_10_chunk4.json,21.0,0.35,lsa,210.0,3.0,0.8899505279845138,0.04237859657069113,0.29665017599483795,0.04237859657069113,0.04237859657069113,1.0,0.11124381599806422,0.887211109204397,0.3583483626721784,0.3531692298877869,1.5987287017643623
2021NES,output_2021_11_04_NES_S2,output_2021_11_04_NES_S2__B2_Zoom_Meeting_Room_2_2021_11_04_12_53_10,5,2021NES/output_2021_11_04_NES_S2/B2_Zoom_Meeting_Room_2_2021_11_04_12_53_10_chunk5.json,45.0,0.35,lsa,990.0,18.0,1.8841693299365387,0.04187042955414531,0.10467607388536326,0.04187042955414529,0.04187042955414529,0.6782674044525587,-0.015064023714989605,0.46848939011341695,0.9462072625428425,0.589184588312698,2.0038812409689575
2021NES,output_2021_11_04_NES_S2,output_2021_11_04_NES_S2__B2_Zoom_Meeting_Room_2_2021_11_04_12_53_10,6,2021NES/output_2021_11_04_NES_S2/B2_Zoom_Meeting_Room_2_2021_11_04_12_53_10_chunk6.json,24.0,0.35,lsa,276.0,12.0,1.8844913706601043,0.07852047377750435,0.1570409475550087,0.07852047377750433,0.07852047377750433,0.27781514873532315,0.05290319215371341,1.0837040612295903,1.2447428404024923,0.8850381253656043,3.2134850269976867
2021NES,output_2021_11_04_NES_S3,output_2021_11_04_NES_S3__B3_2021_11_04_12_32_36,1,2021NES/output_2021_11_04_NES_S3/B3_2021_11_04_12_32_36_chunk1.json,29.0,0.35,lsa,406.0,3.0,0.15939217788981713,0.005496281996200591,0.053130725963272375,0.005496281996200591,0.005496281996200591,0.0,0.0030176447344608696,0.06994640941936128,0.09059212011810255,0.08939499055415445,0.2499335200916183
2021NES,output_2021_11_04_NES_S3,output_2021_11_04_NES_S3__B3_2021_11_04_12_32_36,2,2021NES/output_2021_11_04_NES_S3/B3_2021_11_04_12_32_36_chunk2.json,18.0,0.35,lsa,153.0,0.0,0.0,0.0,0.0,0.0,0.0,0.0,0.0,0.0,0.0,0.0,0.0
2021NES,output_2021_11_04_NES_S3,output_2021_11_04_NES_S3__B3_2021_11_04_12_32_36,3,2021NES/output_2021_11_04_NES_S3/B3_2021_11_04_12_32_36_chunk3.json,12.0,0.35,lsa,66.0,2.0,0.5804413729068352,0.04837011440890293,0.2902206864534176,0.04837011440890293,0.04837011440890293,1.0,0.2902206864534176,0.8147577978202716,0.29803833559959536,0.6382477444055021,1.7510438778253692
2021NES,output_2021_11_04_NES_S3,output_2021_11_04_NES_S3__B3_2021_11_04_12_32_36,4,2021NES/output_2021_11_04_NES_S3/B3_2021_11_04_12_32_36_chunk4.json,17.0,0.35,lsa,136.0,4.0,3.338580766694128,0.196387103923184,0.834645191673532,0.196387103923184,0.196387103923184,1.0,-0.14873119629934758,1.245167413651906,2.142211500507047,1.2200108207942273,4.6073897349531805
2021NES,output_2021_11_04_NES_S3,output_2021_11_04_NES_S3__B3_2021_11_04_12_32_36,5,2021NES/output_2021_11_04_NES_S3/B3_2021_11_04_12_32_36_chunk5.json,18.0,0.35,lsa,153.0,2.0,0.3170862350445371,0.017615901946918727,0.15854311752226855,0.017615901946918727,0.017615901946918727,1.0,-0.05284770584075618,0.15962110360310375,0.3618870628648349,0.1435633596145461,0.6650715260824848
2021NES,output_2021_11_04_NES_S3,output_2021_11_04_NES_S3__B3_2021_11_04_12_32_36,6,2021NES/output_2021_11_04_NES_S3/B3_2021_11_04_12_32_36_chunk6.json,15.0,0.35,lsa,105.0,3.0,1.0982675815806577,0.07321783877204385,0.36608919386021926,0.07321783877204385,0.07321783877204385,0.25871905912080395,0.0,0.9088542210982221,0.4993931872408376,0.5040772445481813,1.912324652887241
2021NES,output_2021_11_04_NES_S3,output_2021_11_04_NES_S3__B3_2021_11_04_12_32_36,7,2021NES/output_2021_11_04_NES_S3/B3_2021_11_04_12_32_36_chunk7.json,28.0,0.35,lsa,378.0,7.0,1.9259763746144036,0.06878487052194299,0.27513948208777195,0.068784870521943,0.06878487052194299,0.24190922631034126,0.06409279672058607,0.7410303635480244,0.8954174823950694,0.6170750226066861,2.25352286854978
2021NES,output_2021_11_04_NES_S3,output_2021_11_04_NES_S3__B3_2021_11_04_12_32_36,8,2021NES/output_2021_11_04_NES_S3/B3_2021_11_04_12_32_36_chunk8.json,24.0,0.35,lsa,276.0,1.0,0.9220529542616649,0.038418873094236035,0.9220529542616649,0.038418873094236035,0.038418873094236035,1.0,0.06586092530440464,0.8900919233876363,0.25098872134217126,0.25098872134217126,1.392069366071979
2021NES,output_2021_11_04_NES_S4,output_2021_11_04_NES_S4__B4_maybe_wrong_time_2021_11_04_12_36_01,1,2021NES/output_2021_11_04_NES_S4/B4_maybe_wrong_time_2021_11_04_12_36_01_chunk1.json,18.0,0.35,lsa,153.0,2.0,0.7397550434202577,0.04109750241223654,0.36987752171012883,0.04109750241223654,0.04109750241223654,1.0,-0.0672504584927507,0.33073398121390174,0.6046888607579716,0.3357663617190755,1.2711892036909487
2021NES,output_2021_11_04_NES_S4,output_2021_11_04_NES_S4__B4_maybe_wrong_time_2021_11_04_12_36_01,2,2021NES/output_2021_11_04_NES_S4/B4_maybe_wrong_time_2021_11_04_12_36_01_chunk2.json,16.0,0.35,lsa,120.0,3.0,0.377866922894436,0.02361668268090225,0.12595564096481202,0.02361668268090225,0.02361668268090225,1.0,-0.03195858062954735,0.22442951060867386,0.5452765326670319,0.2226719831768709,0.9923780264525767
2021NES,output_2021_11_04_NES_S4,output_2021_11_04_NES_S4__B4_maybe_wrong_time_2021_11_04_12_36_01,3,2021NES/output_2021_11_04_NES_S4/B4_maybe_wrong_time_2021_11_04_12_36_01_chunk3.json,22.0,0.35,lsa,231.0,2.0,0.6372010043338031,0.028963682015172867,0.31860050216690156,0.028963682015172867,0.028963682015172867,0.0,0.0,0.3124613704809153,0.3999781912178306,0.25198652990167736,0.9644260916004234
2021NES,output_2021_11_04_NES_S4,output_2021_11_04_NES_S4__B4_maybe_wrong_time_2021_11_04_12_36_01,4,2021NES/output_2021_11_04_NES_S4/B4_maybe_wrong_time_2021_11_04_12_36_01_chunk4.json,20.0,0.35,lsa,190.0,2.0,0.1668733137704073,0.008343665688520364,0.08343665688520364,0.008343665688520364,0.008343665688520364,1.0,0.0,0.13570751602114742,0.09995292920667459,0.1068710244916479,0.3425314697194699
2021NES,output_2021_11_04_NES_S4,output_2021_11_04_NES_S4__B4_maybe_wrong_time_2021_11_04_12_36_01,5,2021NES/output_2021_11_04_NES_S4/B4_maybe_wrong_time_2021_11_04_12_36_01_chunk5.json,15.0,0.35,lsa,105.0,2.0,0.4161678971241513,0.02774452647494342,0.20808394856207565,0.02774452647494342,0.02774452647494342,1.0,-0.061914465313019945,0.21734745847868486,0.4315950277779038,0.24431377213077368,0.8932562583873623
2021NES,output_2021_11_04_NES_S4,output_2021_11_04_NES_S4__B4_maybe_wrong_time_2021_11_04_12_36_01,6,2021NES/output_2021_11_04_NES_S4/B4_maybe_wrong_time_2021_11_04_12_36_01_chunk6.json,35.0,0.35,lsa,595.0,5.0,2.021072813821105,0.05774493753774586,0.40421456276422096,0.05774493753774586,0.05774493753774586,0.5052132742761664,0.07605056492221705,0.5888630735757664,0.6343070852580484,0.6762856489559377,1.8994558077897523
2021NES,output_2021_11_04_NES_S4,output_2021_11_04_NES_S4__B4_maybe_wrong_time_2021_11_04_12_36_01,7,2021NES/output_2021_11_04_NES_S4/B4_maybe_wrong_time_2021_11_04_12_36_01_chunk7.json,41.0,0.35,lsa,820.0,8.0,1.3157300210542762,0.03209097612327503,0.16446625263178452,0.03209097612327503,0.032090976123275036,0.11039262282844531,0.025466453475205996,0.35789629409817936,0.4524565109525733,0.3970651643216203,1.207417969372373
2021NES,output_2021_11_04_NES_S5,output_2021_11_04_NES_S5__B5_2021_11_04_12_32_22,1,2021NES/output_2021_11_04_NES_S5/B5_2021_11_04_12_32_22_chunk1.json,31.0,0.35,lsa,465.0,3.0,0.37900523957219756,0.012225975470070889,0.1263350798573992,0.012225975470070889,0.012225975470070889,0.5226699685273243,-0.01187399048232252,0.1733093885519385,0.3197019028171203,0.11534032462798968,0.6083516159970485
2021NES,output_2021_11_04_NES_S5,output_2021_11_04_NES_S5__B5_2021_11_04_12_32_22,2,2021NES/output_2021_11_04_NES_S5/B5_2021_11_04_12_32_22_chunk2.json,13.0,0.35,lsa,78.0,1.0,0.7537999116288487,0.05798460858683452,0.7537999116288487,0.05798460858683452,0.05798460858683452,0.0,0.0,0.49289562675797594,0.49289562675797594,0.3604035007508024,1.3461947542667543
2021NES,output_2021_11_04_NES_S5,output_2021_11_04_NES_S5__B5_2021_11_04_12_32_22,3,2021NES/output_2021_11_04_NES_S5/B5_2021_11_04_12_32_22_chunk3.json,8.0,0.35,lsa,28.0,2.0,0.7369356617442484,0.09211695771803105,0.3684678308721242,0.09211695771803105,0.09211695771803105,1.0,0.15272511651370613,0.6032627910871008,0.7948660459870429,0.858097712496519,2.2562265495706626
2021NES,output_2021_11_04_NES_S5,output_2021_11_04_NES_S5__B5_2021_11_04_12_32_22,4,2021NES/output_2021_11_04_NES_S5/B5_2021_11_04_12_32_22_chunk4.json,13.0,0.35,lsa,78.0,2.0,0.13330636254246003,0.010254335580189233,0.06665318127123002,0.010254335580189233,0.010254335580189233,1.0,0.030332616401595413,0.21226257011000332,0.1108288561014199,0.10217790941023024,0.4252693356216535
2021NES,output_2021_11_04_NES_S5,output_2021_11_04_NES_S5__B5_2021_11_04_12_32_22,5,2021NES/output_2021_11_04_NES_S5/B5_2021_11_04_12_32_22_chunk5.json,16.0,0.35,lsa,120.0,3.0,0.2570685219260759,0.016066782620379742,0.08568950730869196,0.016066782620379742,0.016066782620379742,1.0,-0.02856316910289732,0.16962924748247,0.319126878053417,0.16151415068437824,0.6502702762202652
2021NES,output_2021_11_04_NES_S5,output_2021_11_04_NES_S5__B5_2021_11_04_12_32_22,6,2021NES/output_2021_11_04_NES_S5/B5_2021_11_04_12_32_22_chunk6.json,18.0,0.35,lsa,153.0,3.0,0.65207437714024,0.03622635428556889,0.2173581257134133,0.03622635428556889,0.03622635428556889,0.49010441025190926,-0.03790965597271062,0.26148989199734557,0.6332275457761295,0.3923290889677634,1.2870465267412383
2021NES,output_2021_11_04_NES_S5,output_2021_11_04_NES_S5__B5_2021_11_04_12_32_22,7,2021NES/output_2021_11_04_NES_S5/B5_2021_11_04_12_32_22_chunk7.json,25.0,0.35,lsa,300.0,2.0,0.39048373675712694,0.015619349470285078,0.19524186837856347,0.015619349470285078,0.015619349470285078,0.07224210676364526,0.035498521523375175,0.23947110305714456,0.17697694770911465,0.13781585444568709,0.5542639052119464
2021NES,output_2021_11_04_NES_S5,output_2021_11_04_NES_S5__B5_2021_11_04_12_32_22,8,2021NES/output_2021_11_04_NES_S5/B5_2021_11_04_12_32_22_chunk8.json,21.0,0.35,lsa,210.0,3.0,0.618499651512566,0.02945236435774124,0.20616655050418867,0.02945236435774124,0.02945236435774124,1.0,-0.015710555058816706,0.3456449893951952,0.6520291417817226,0.23434625032171327,1.232020381498631
2021NES,output_2021_11_04_NES_S6,output_2021_11_04_NES_S6__B6_2021_11_04_12_32_03,1,2021NES/output_2021_11_04_NES_S6/B6_2021_11_04_12_32_03_chunk1.json,31.0,0.35,lsa,465.0,9.0,0.9244537667098408,0.02982108924870454,0.10271708518998231,0.029821089248704545,0.029821089248704545,1.0000000000000002,0.06199790881094931,0.548502531467975,0.31669146549919514,0.39951307141729336,1.2647070683844635
2021NES,output_2021_11_04_NES_S6,output_2021_11_04_NES_S6__B6_2021_11_04_12_32_03,2,2021NES/output_2021_11_04_NES_S6/B6_2021_11_04_12_32_03_chunk2.json,13.0,0.35,lsa,78.0,2.0,0.8609860995439413,0.06622969996491856,0.43049304977197067,0.06622969996491856,0.06622969996491856,1.0,0.15222223671725305,0.39605910683869344,0.5593735099543446,0.7033558714920041,1.658788488285042
2021NES,output_2021_11_04_NES_S6,output_2021_11_04_NES_S6__B6_2021_11_04_12_32_03,3,2021NES/output_2021_11_04_NES_S6/B6_2021_11_04_12_32_03_chunk3.json,30.0,0.35,lsa,435.0,11.0,2.8300816022705257,0.09433605340901753,0.25728014566095686,0.09433605340901753,0.09433605340901753,0.5933716584934715,0.15258205496370633,1.566005975844863,1.0322609731849688,1.019025960641943,3.6172929096717747
2021NES,output_2021_11_04_NES_S6,output_2021_11_04_NES_S6__B6_2021_11_04_12_32_03,8,2021NES/output_2021_11_04_NES_S6/B6_2021_11_04_12_32_03_chunk8.json,20.0,0.35,lsa,190.0,5.0,1.2757425154621775,0.06378712577310888,0.25514850309243553,0.06378712577310888,0.06378712577310888,0.9999999999999998,0.0672260889189457,0.5627004448045168,0.7314742422973618,0.5985193757813052,1.8926940628831836
2021NES,output_2021_11_05_NES_S1,output_2021_11_05_NES_S1__B1_2021_11_05_11_01_24_trimend,1,2021NES/output_2021_11_05_NES_S1/B1_2021_11_05_11_01_24_trimend_chunk1.json,43.0,0.35,lsa,903.0,21.0,7.540043610165357,0.17534985139919435,0.3590496957221599,0.17534985139919435,0.17534985139919435,0.12162122348832487,0.22102604487075161,2.2648889628157756,2.0653934069326247,1.5419504210571011,5.872232790805501
2021NES,output_2021_11_05_NES_S1,output_2021_11_05_NES_S1__B1_2021_11_05_11_01_24_trimend,2,2021NES/output_2021_11_05_NES_S1/B1_2021_11_05_11_01_24_trimend_chunk2.json,31.0,0.35,lsa,465.0,3.0,0.6983572185935218,0.022527652212694253,0.23278573953117396,0.022527652212694253,0.022527652212694257,0.9775236348227563,0.001744059096585811,0.3429373171458811,0.30607488807568517,0.16422768145087105,0.8132398866724374
2021NES,output_2021_11_05_NES_S1,output_2021_11_05_NES_S1__B1_2021_11_05_11_01_24_trimend,3,2021NES/output_2021_11_05_NES_S1/B1_2021_11_05_11_01_24_trimend_chunk3.json,44.0,0.35,lsa,946.0,40.0,6.729850343936078,0.1529511441803654,0.16824625859840195,0.15295114418036543,0.1529511441803654,0.6623590431637041,0.2610232829696605,1.94334722314212,2.1592797261817602,2.289487239652555,6.392114188976436
2021NES,output_2021_11_05_NES_S1,output_2021_11_05_NES_S1__B1_2021_11_05_11_01_24_trimend,4,2021NES/output_2021_11_05_NES_S1/B1_2021_11_05_11_01_24_trimend_chunk4.json,21.0,0.35,lsa,210.0,3.0,0.9160465172184435,0.04362126272468779,0.3053488390728145,0.04362126272468779,0.04362126272468779,0.21871179224083126,0.022261130617424144,0.3899579407611985,0.6866166775465666,0.3599095023351175,1.4364841206428827
2021NES,output_2021_11_05_NES_S1,output_2021_11_05_NES_S1__B1_2021_11_05_11_01_24_trimend,5,2021NES/output_2021_11_05_NES_S1/B1_2021_11_05_11_01_24_trimend_chunk5.json,36.0,0.35,lsa,630.0,5.0,1.3231526358136279,0.03675423988371188,0.26463052716272556,0.03675423988371188,0.03675423988371188,0.3151682978744203,0.012472168361166734,0.7489325070191405,0.7103528026697854,0.3744385343230291,1.833723844011955
2021NES,output_2021_11_05_NES_S1,output_2021_11_05_NES_S1__B1_2021_11_05_11_01_24_trimend,6,2021NES/output_2021_11_05_NES_S1/B1_2021_11_05_11_01_24_trimend_chunk6.json,22.0,0.35,lsa,231.0,6.0,1.0930772936308724,0.04968533152867602,0.18217954893847874,0.049685331528676026,0.04968533152867602,0.8608813420595217,-0.030208700628100264,0.6868092371476853,0.8195835600077436,0.4859474826009364,1.9923402797563652
2021NES,output_2021_11_05_NES_S1,output_2021_11_05_NES_S1__B1_2021_11_05_11_01_24_trimend,7,2021NES/output_2021_11_05_NES_S1/B1_2021_11_05_11_01_24_trimend_chunk7.json,26.0,0.35,lsa,325.0,4.0,1.0320452215345284,0.03969404698209725,0.2580113053836321,0.03969404698209725,0.03969404698209725,0.9842723745968301,0.07371751582389488,0.752452697969531,0.2741525125571906,0.2839164666582856,1.3105216771850072
2021NES,output_2021_11_05_NES_S1,output_2021_11_05_NES_S1__B1_2021_11_05_11_01_24_trimend,8,2021NES/output_2021_11_05_NES_S1/B1_2021_11_05_11_01_24_trimend_chunk8.json,35.0,0.35,lsa,595.0,10.0,3.2172948799796,0.09192271085656001,0.32172948799796003,0.09192271085656001,0.09192271085656001,0.4082856958185769,0.0678737139756864,1.5769779085729598,1.0308332372849205,0.6682908606050326,3.2761020064629127
2021NES,output_2021_11_05_NES_S1,output_2021_11_05_NES_S1__B1_2021_11_05_11_01_24_trimend,9,2021NES/output_2021_11_05_NES_S1/B1_2021_11_05_11_01_24_trimend_chunk9.json,7.0,0.35,lsa,21.0,3.0,0.8200133284706916,0.1171447612100988,0.2733377761568972,0.1171447612100988,0.1171447612100988,1.0,-0.13512394357700205,0.7843882676165885,1.2721652009208526,0.7592386365714222,2.815792105108863
2021NES,output_2021_11_05_NES_S1,output_2021_11_05_NES_S1__B1_2021_11_05_11_01_24_trimend,10,2021NES/output_2021_11_05_NES_S1/B1_2021_11_05_11_01_24_trimend_chunk10.json,7.0,0.35,lsa,21.0,2.0,0.8510197768443584,0.12157425383490834,0.4255098884221792,0.12157425383490834,0.12157425383490834,0.16165511173257643,0.4255098884221792,0.9526158155019485,0.6581711296780776,0.9489717984706317,2.559758743650658
2021NES,output_2021_11_05_NES_S1,output_2021_11_05_NES_S1__B1_2021_11_05_11_01_24_trimend,11,2021NES/output_2021_11_05_NES_S1/B1_2021_11_05_11_01_24_trimend_chunk11.json,4.0,0.35,lsa,6.0,2.0,1.053197447914549,0.26329936197863724,0.5265987239572745,0.26329936197863724,0.26329936197863724,1.0,0.0,1.4685519189140157,0.9979576453282915,1.4687375215416574,3.9352470857839648
2021NES,output_2021_11_05_NES_S1,output_2021_11_05_NES_S1__B1_2021_11_05_11_01_24_trimend,12,2021NES/output_2021_11_05_NES_S1/B1_2021_11_05_11_01_24_trimend_chunk12.json,19.0,0.35,lsa,171.0,6.0,1.7402773899685526,0.09159354684045014,0.29004623166142546,0.09159354684045012,0.09159354684045014,0.9939434684351658,-0.1261835161213483,0.7885283510756784,1.6374583800212292,0.6473043839817358,3.0732911150786433
2021NES,output_2021_11_05_NES_S10,output_2021_11_05_NES_S10__B4_2021_11_05_13_06_36,1,2021NES/output_2021_11_05_NES_S10/B4_2021_11_05_13_06_36_chunk1.json,23.0,0.35,lsa,253.0,4.0,0.34522009316424496,0.01500956926801065,0.08630502329106124,0.01500956926801065,0.01500956926801065,1.0,0.016058019500228556,0.27442655650951436,0.258032368654119,0.1549915198691737,0.6874504450328071
2021NES,output_2021_11_05_NES_S10,output_2021_11_05_NES_S10__B4_2021_11_05_13_06_36,2,2021NES/output_2021_11_05_NES_S10/B4_2021_11_05_13_06_36_chunk2.json,33.0,0.35,lsa,528.0,5.0,0.3425045488851292,0.010378925723791795,0.06850090977702585,0.010378925723791793,0.010378925723791793,0.3450330504962227,0.003646524482379292,0.16034013108855186,0.15767437601187834,0.13254709280760477,0.450561599908035
2021NES,output_2021_11_05_NES_S10,output_2021_11_05_NES_S10__B4_2021_11_05_13_06_36,3,2021NES/output_2021_11_05_NES_S10/B4_2021_11_05_13_06_36_chunk3.json,18.0,0.35,lsa,153.0,3.0,0.5197027462067596,0.028872374789264424,0.17323424873558654,0.028872374789264424,0.028872374789264424,0.13431471821414262,0.06022867736237975,0.4088839101971768,0.31525573212593017,0.4900436026555639,1.214183244978671
2021NES,output_2021_11_05_NES_S10,output_2021_11_05_NES_S10__B4_2021_11_05_13_06_36,6,2021NES/output_2021_11_05_NES_S10/B4_2021_11_05_13_06_36_chunk6.json,21.0,0.35,lsa,210.0,4.0,1.2208603799756939,0.05813620857027114,0.30521509499392346,0.05813620857027114,0.058136208570271124,0.8160735948103814,0.08302599325402772,0.6344525723674586,0.7196055878836347,0.4376715332645693,1.7917296935156626
2021NES,output_2021_11_05_NES_S10,output_2021_11_05_NES_S10__B4_2021_11_05_13_06_36,7,2021NES/output_2021_11_05_NES_S10/B4_2021_11_05_13_06_36_chunk7.json,49.0,0.35,lsa,1176.0,30.0,6.744227242153154,0.13763729065618682,0.22480757473843846,0.1376372906561868,0.13763729065618682,0.8100659037579854,0.13984300717631376,2.069022165557326,1.8532537703044463,1.3136131637593143,5.235889099621087
2021NES,output_2021_11_05_NES_S10,output_2021_11_05_NES_S10__B4_2021_11_05_13_06_36,8,2021NES/output_2021_11_05_NES_S10/B4_2021_11_05_13_06_36_chunk8.json,23.0,0.35,lsa,253.0,9.0,1.2370381000685557,0.05378426522037199,0.13744867778539507,0.05378426522037199,0.05378426522037199,0.2533391998078525,0.09492704285787236,1.2410551968440595,0.6472170550860998,0.5783714278798437,2.4666436798100033
2021NES,output_2021_11_05_NES_S11,output_2021_11_05_NES_S11__B5_2021_11_05_13_06_53,1,2021NES/output_2021_11_05_NES_S11/B5_2021_11_05_13_06_53_chunk1.json,27.0,0.35,lsa,351.0,6.0,1.3493928440626188,0.049977512743059956,0.2248988073437698,0.049977512743059956,0.049977512743059956,0.6302023732704939,0.06756377570173278,0.7541450369607623,0.7428385744446746,0.41134404945546793,1.9083276608609048
2021NES,output_2021_11_05_NES_S11,output_2021_11_05_NES_S11__B5_2021_11_05_13_06_53,2,2021NES/output_2021_11_05_NES_S11/B5_2021_11_05_13_06_53_chunk2.json,11.0,0.35,lsa,55.0,0.0,0.0,0.0,0.0,0.0,0.0,0.0,0.0,0.0,0.0,0.0,0.0
2021NES,output_2021_11_05_NES_S11,output_2021_11_05_NES_S11__B5_2021_11_05_13_06_53,3,2021NES/output_2021_11_05_NES_S11/B5_2021_11_05_13_06_53_chunk3.json,8.0,0.35,lsa,28.0,4.0,0.6100592312548309,0.07625740390685386,0.15251480781370771,0.07625740390685387,0.07625740390685386,1.0,0.12194204213201425,0.873387939289585,0.7289033789545316,0.5504556018876419,2.1527469201317584
2021NES,output_2021_11_05_NES_S11,output_2021_11_05_NES_S11__B5_2021_11_05_13_06_53,4,2021NES/output_2021_11_05_NES_S11/B5_2021_11_05_13_06_53_chunk4.json,25.0,0.35,lsa,300.0,1.0,1.0,0.04,1.0,0.04,0.04,0.0,0.1,0.8112781244591328,0.26676498780302604,0.2580186686648155,1.3360617809269741
2021NES,output_2021_11_05_NES_S11,output_2021_11_05_NES_S11__B5_2021_11_05_13_06_53,5,2021NES/output_2021_11_05_NES_S11/B5_2021_11_05_13_06_53_chunk5.json,20.0,0.35,lsa,190.0,4.0,0.7741332946517041,0.0387066647325852,0.19353332366292603,0.0387066647325852,0.0387066647325852,0.2364944513367348,0.08985179442130117,0.32608493390189097,0.38850024234531394,0.9286536393240231,1.643238815571228
2021NES,output_2021_11_05_NES_S11,output_2021_11_05_NES_S11__B5_2021_11_05_13_06_53,6,2021NES/output_2021_11_05_NES_S11/B5_2021_11_05_13_06_53_chunk6.json,17.0,0.35,lsa,136.0,3.0,0.7636954448217173,0.04492326146010101,0.25456514827390575,0.04492326146010101,0.04492326146010101,0.17481240465911543,0.08485504942463525,0.5091999851150556,0.4346006612050577,0.4458282594518007,1.389628905771914
2021NES,output_2021_11_05_NES_S11,output_2021_11_05_NES_S11__B5_2021_11_05_13_06_53,7,2021NES/output_2021_11_05_NES_S11/B5_2021_11_05_13_06_53_chunk7.json,40.0,0.35,lsa,780.0,15.0,2.96069462680203,0.07401736567005075,0.197379641786802,0.07401736567005075,0.07401736567005075,0.3924340773335023,-0.035584436665379235,0.7364702028357358,1.8863857413568963,0.8193595196811234,3.4422154638737554
2021NES,output_2021_11_05_NES_S11,output_2021_11_05_NES_S11__B5_2021_11_05_13_06_53,8,2021NES/output_2021_11_05_NES_S11/B5_2021_11_05_13_06_53_chunk8.json,10.0,0.35,lsa,45.0,3.0,0.5701951071842488,0.057019510718424884,0.19006503572808295,0.057019510718424884,0.057019510718424884,1.0,0.022638345738488164,0.8115535152549795,0.7293064454663669,0.3702685100214858,1.9111284707428322
2021NES,output_2021_11_05_NES_S12,output_2021_11_05_NES_S12__B6_2021_11_05_13_06_36,1,2021NES/output_2021_11_05_NES_S12/B6_2021_11_05_13_06_36_chunk1.json,36.0,0.35,lsa,630.0,10.0,1.8005111222866628,0.05001419784129619,0.18005111222866627,0.05001419784129619,0.05001419784129619,0.3060007692039212,0.05146098992191492,0.9434758504280465,0.8326386465491785,0.45295797072774563,2.2290724677049707
2021NES,output_2021_11_05_NES_S12,output_2021_11_05_NES_S12__B6_2021_11_05_13_06_36,2,2021NES/output_2021_11_05_NES_S12/B6_2021_11_05_13_06_36_chunk2.json,16.0,0.35,lsa,120.0,4.0,0.2812136584470292,0.017575853652939327,0.0703034146117573,0.017575853652939323,0.017575853652939323,0.9999999999999998,0.0906179850444357,0.8264070239403789,0.1650103670874313,0.16433928086181523,1.1557566718896255
2021NES,output_2021_11_05_NES_S12,output_2021_11_05_NES_S12__B6_2021_11_05_13_06_36,3,2021NES/output_2021_11_05_NES_S12/B6_2021_11_05_13_06_36_chunk3.json,13.0,0.35,lsa,78.0,2.0,0.6191518594506414,0.047627066111587804,0.3095759297253207,0.047627066111587804,0.047627066111587804,1.0,0.11780577703063881,0.6216936075093559,0.383642843464435,0.39224650494864755,1.3975829559224384
2021NES,output_2021_11_05_NES_S12,output_2021_11_05_NES_S12__B6_2021_11_05_13_06_36,4,2021NES/output_2021_11_05_NES_S12/B6_2021_11_05_13_06_36_chunk4.json,16.0,0.35,lsa,120.0,1.0,0.7558745448686488,0.04724215905429055,0.7558745448686488,0.04724215905429055,0.04724215905429055,1.0,0.07558745448686488,0.4160709016988414,0.3611131448873197,0.3611131448873197,1.1382971914734807
2021NES,output_2021_11_05_NES_S12,output_2021_11_05_NES_S12__B6_2021_11_05_13_06_36,6,2021NES/output_2021_11_05_NES_S12/B6_2021_11_05_13_06_36_chunk6.json,26.0,0.35,lsa,325.0,2.0,0.8939673810947422,0.034383360811336236,0.4469836905473711,0.034383360811336236,0.034383360811336236,0.9226054268384325,0.07497992338314093,0.35785851162385257,0.3234144358521658,0.289623759336355,0.9708967068123734
2021NES,output_2021_11_05_NES_S12,output_2021_11_05_NES_S12__B6_2021_11_05_13_06_36,7,2021NES/output_2021_11_05_NES_S12/B6_2021_11_05_13_06_36_chunk7.json,25.0,0.35,lsa,300.0,2.0,1.0446004505815232,0.04178401802326093,0.5223002252907616,0.04178401802326093,0.04178401802326093,0.0,0.05403511355406323,0.6109010748290886,0.46039381216147945,0.294789871418628,1.3660847584091962
2021NES,output_2021_11_05_NES_S12,output_2021_11_05_NES_S12__B6_2021_11_05_13_06_36,8,2021NES/output_2021_11_05_NES_S12/B6_2021_11_05_13_06_36_chunk8.json,16.0,0.35,lsa,120.0,4.0,0.976311614167054,0.06101947588544088,0.2440779035417635,0.06101947588544088,0.06101947588544088,0.9999999999999999,-0.12255408029176253,0.502798410057187,1.6884169286743045,0.45996395598879797,2.6511792947202895
2021NES,output_2021_11_05_NES_S2,output_2021_11_05_NES_S2__B2_Zoom_Meeting_Room_2.2_2021_11_05_11_02_10,1,2021NES/output_2021_11_05_NES_S2/B2_Zoom_Meeting_Room_2.2_2021_11_05_11_02_10_chunk1.json,21.0,0.35,lsa,210.0,2.0,0.45274994291630266,0.021559521091252507,0.22637497145815133,0.021559521091252507,0.021559521091252507,1.0,-0.04179223925280595,0.22956712870185444,0.5795405676085793,0.15600365473814382,0.9651113510485776
2021NES,output_2021_11_05_NES_S2,output_2021_11_05_NES_S2__B2_Zoom_Meeting_Room_2.2_2021_11_05_11_02_10,2,2021NES/output_2021_11_05_NES_S2/B2_Zoom_Meeting_Room_2.2_2021_11_05_11_02_10_chunk2.json,15.0,0.35,lsa,105.0,2.0,0.7119922927827159,0.04746615285218106,0.35599614639135796,0.04746615285218106,0.04746615285218106,0.815363552590715,0.0,0.2900246161353919,0.5333426365506455,0.5099638786599432,1.3333311313459806
2021NES,output_2021_11_05_NES_S2,output_2021_11_05_NES_S2__B2_Zoom_Meeting_Room_2.2_2021_11_05_11_02_10,3,2021NES/output_2021_11_05_NES_S2/B2_Zoom_Meeting_Room_2.2_2021_11_05_11_02_10_chunk3.json,21.0,0.35,lsa,210.0,4.0,0.8808904678080128,0.041947165133714895,0.2202226169520032,0.041947165133714895,0.041947165133714895,0.7558433789567486,0.04515081503329805,0.4092981412502874,0.5214288288535756,0.43748433025210365,1.3682113003559666
2021NES,output_2021_11_05_NES_S2,output_2021_11_05_NES_S2__B2_Zoom_Meeting_Room_2.2_2021_11_05_11_02_10,4,2021NES/output_2021_11_05_NES_S2/B2_Zoom_Meeting_Room_2.2_2021_11_05_11_02_10_chunk4.json,10.0,0.35,lsa,45.0,1.0,0.4783483439208956,0.04783483439208956,0.4783483439208956,0.04783483439208956,0.04783483439208956,1.0,0.0,0.3266248162203857,0.5281727908715064,0.3596810520521377,1.2144786591440297
2021NES,output_2021_11_05_NES_S2,output_2021_11_05_NES_S2__B2_Zoom_Meeting_Room_2.2_2021_11_05_11_02_10,5,2021NES/output_2021_11_05_NES_S2/B2_Zoom_Meeting_Room_2.2_2021_11_05_11_02_10_chunk5.json,15.0,0.35,lsa,105.0,2.0,0.34681423806555034,0.023120949204370023,0.17340711903277517,0.023120949204370023,0.023120949204370023,1.0,0.0,0.40569545083450204,0.23942488566056114,0.22325734260711871,0.8683776791021819
2021NES,output_2021_11_05_NES_S2,output_2021_11_05_NES_S2__B2_Zoom_Meeting_Room_2.2_2021_11_05_11_02_10,6,2021NES/output_2021_11_05_NES_S2/B2_Zoom_Meeting_Room_2.2_2021_11_05_11_02_10_chunk6.json,9.0,0.35,lsa,36.0,2.0,0.8027914862632062,0.08919905402924513,0.4013957431316031,0.08919905402924513,0.08919905402924513,0.4939967651626719,0.4013957431316031,1.0380687780251956,0.5138860953941414,0.8566535883333346,2.4086084617526717
2021NES,output_2021_11_05_NES_S2,output_2021_11_05_NES_S2__B2_Zoom_Meeting_Room_2.2_2021_11_05_11_02_10,7,2021NES/output_2021_11_05_NES_S2/B2_Zoom_Meeting_Room_2.2_2021_11_05_11_02_10_chunk7.json,19.0,0.35,lsa,171.0,4.0,0.5045075993750398,0.026553031546054724,0.12612689984375994,0.02655303154605473,0.02655303154605473,0.7654715710677412,0.05605639993055998,0.3798732391682,0.31360666251281616,0.2763803551458637,0.9698602568268798
2021NES,output_2021_11_05_NES_S2,output_2021_11_05_NES_S2__B2_Zoom_Meeting_Room_2.2_2021_11_05_11_02_10,8,2021NES/output_2021_11_05_NES_S2/B2_Zoom_Meeting_Room_2.2_2021_11_05_11_02_10_chunk8.json,23.0,0.35,lsa,253.0,3.0,1.1746700785522715,0.05107261211096832,0.39155669285075717,0.05107261211096832,0.051072612110968314,0.0,0.025578006761098494,0.4875997095569806,0.5173760146842258,0.4949451008680448,1.4999208251092513
2021NES,output_2021_11_05_NES_S3,output_2021_11_05_NES_S3__B3_2021_11_05_11_01_14_trimend,1,2021NES/output_2021_11_05_NES_S3/B3_2021_11_05_11_01_14_trimend_chunk1.json,37.0,0.35,lsa,666.0,8.0,0.820324616209625,0.02217093557323311,0.10254057702620313,0.022170935573233113,0.022170935573233106,0.8230179160530212,-0.031373271785647444,0.2630164270062439,0.48913376535407743,0.2690203683606106,1.021170560720932
2021NES,output_2021_11_05_NES_S3,output_2021_11_05_NES_S3__B3_2021_11_05_11_01_14_trimend,2,2021NES/output_2021_11_05_NES_S3/B3_2021_11_05_11_01_14_trimend_chunk2.json,13.0,0.35,lsa,78.0,0.0,0.0,0.0,0.0,0.0,0.0,0.0,0.0,0.0,0.0,0.0,0.0
2021NES,output_2021_11_05_NES_S3,output_2021_11_05_NES_S3__B3_2021_11_05_11_01_14_trimend,3,2021NES/output_2021_11_05_NES_S3/B3_2021_11_05_11_01_14_trimend_chunk3.json,13.0,0.35,lsa,78.0,4.0,0.9010026359673068,0.06930789507440821,0.2252506589918267,0.06930789507440821,0.06930789507440821,0.9926690615273234,0.1788794882158622,0.6849116988865039,0.5231726556255047,0.5307190700071799,1.7388034245191886
2021NES,output_2021_11_05_NES_S3,output_2021_11_05_NES_S3__B3_2021_11_05_11_01_14_trimend,4,2021NES/output_2021_11_05_NES_S3/B3_2021_11_05_11_01_14_trimend_chunk4.json,14.0,0.35,lsa,91.0,3.0,0.8560549410767683,0.06114678150548345,0.2853516470255894,0.06114678150548345,0.06114678150548345,0.6466407940671576,-0.11425850827460639,0.3502436880726444,1.51672997015039,0.4720888889967517,2.339062547219786
2021NES,output_2021_11_05_NES_S3,output_2021_11_05_NES_S3__B3_2021_11_05_11_01_14_trimend,5,2021NES/output_2021_11_05_NES_S3/B3_2021_11_05_11_01_14_trimend_chunk5.json,11.0,0.35,lsa,55.0,4.0,0.9017394074497396,0.08197630976815815,0.2254348518624349,0.08197630976815815,0.08197630976815813,0.9999999999999999,0.1297863220814439,0.9224343362627552,0.7509332345740621,0.5975496233415096,2.2709171941783266
2021NES,output_2021_11_05_NES_S3,output_2021_11_05_NES_S3__B3_2021_11_05_11_01_14_trimend,7,2021NES/output_2021_11_05_NES_S3/B3_2021_11_05_11_01_14_trimend_chunk7.json,33.0,0.35,lsa,528.0,8.0,1.5665096052571006,0.047469988038093956,0.19581370065713757,0.04746998803809396,0.04746998803809396,0.3144712750693018,0.06501333159821673,1.1393413231922267,0.6298516881438163,0.4249048571574787,2.1940978684935217
2021NES,output_2021_11_05_NES_S3,output_2021_11_05_NES_S3__B3_2021_11_05_11_01_14_trimend,8,2021NES/output_2021_11_05_NES_S3/B3_2021_11_05_11_01_14_trimend_chunk8.json,22.0,0.35,lsa,231.0,2.0,0.1414248653713409,0.006428402971424587,0.07071243268567046,0.006428402971424587,0.006428402971424587,0.855982572928341,-0.0022630716927484733,0.06834342562059025,0.13265666241666543,0.083274139553767,0.28427422759102267
2021NES,output_2021_11_05_NES_S3,output_2021_11_05_NES_S3__B3_2021_11_05_11_01_14_trimend,9,2021NES/output_2021_11_05_NES_S3/B3_2021_11_05_11_01_14_trimend_chunk9.json,7.0,0.35,lsa,21.0,2.0,0.8654323728890949,0.12363319612701355,0.43271618644454746,0.12363319612701355,0.12363319612701355,1.0,-0.122944399728773,0.8286633360620698,1.3214007992179408,0.7935193485542142,2.943583483834225
2021NES,output_2021_11_05_NES_S3,output_2021_11_05_NES_S3__B3_2021_11_05_11_01_14_trimend,10,2021NES/output_2021_11_05_NES_S3/B3_2021_11_05_11_01_14_trimend_chunk10.json,6.0,0.35,lsa,15.0,2.0,0.6816640094161117,0.11361066823601862,0.34083200470805586,0.11361066823601862,0.11361066823601862,0.05080993659510531,-0.011545101699199303,0.6586555318371909,0.8782961702030354,0.6981472530579298,2.235098955098156
2021NES,output_2021_11_05_NES_S3,output_2021_11_05_NES_S3__B3_2021_11_05_11_01_14_trimend,11,2021NES/output_2021_11_05_NES_S3/B3_2021_11_05_11_01_14_trimend_chunk11.json,4.0,0.35,lsa,6.0,2.0,1.2436019881985398,0.31090049704963496,0.6218009940992699,0.31090049704963496,0.31090049704963496,1.0,0.0,1.6297732698357668,0.9567600991692923,1.621096472943162,4.207629841948221
2021NES,output_2021_11_05_NES_S3,output_2021_11_05_NES_S3__B3_2021_11_05_11_01_14_trimend,12,2021NES/output_2021_11_05_NES_S3/B3_2021_11_05_11_01_14_trimend_chunk12.json,11.0,0.35,lsa,55.0,1.0,0.1754119151351813,0.015946537739561936,0.1754119151351813,0.015946537739561936,0.015946537739561936,1.0,0.04385297878379533,0.2596872687391047,0.1689718486952243,0.12740301668397205,0.5560621341183011
2021NES,output_2021_11_05_NES_S4,output_2021_11_05_NES_S4__B4_2021_11_05_11_00_54_trimend,1,2021NES/output_2021_11_05_NES_S4/B4_2021_11_05_11_00_54_trimend_chunk1.json,30.0,0.35,lsa,435.0,8.0,2.358421401578376,0.07861404671927921,0.294802675197297,0.07861404671927921,0.07861404671927921,0.6770758529588539,-0.1081981402665242,0.6816805520736516,0.668466619555774,0.7295217258398915,2.079668897469317
2021NES,output_2021_11_05_NES_S4,output_2021_11_05_NES_S4__B4_2021_11_05_11_00_54_trimend,2,2021NES/output_2021_11_05_NES_S4/B4_2021_11_05_11_00_54_trimend_chunk2.json,18.0,0.35,lsa,153.0,2.0,0.8450388966901697,0.046946605371676095,0.42251944834508487,0.046946605371676095,0.046946605371676095,0.9643379206294465,0.2816796322300566,0.8893875800991289,0.31272483054352507,0.2997346568094923,1.5018470674521462
2021NES,output_2021_11_05_NES_S4,output_2021_11_05_NES_S4__B4_2021_11_05_11_00_54_trimend,3,2021NES/output_2021_11_05_NES_S4/B4_2021_11_05_11_00_54_trimend_chunk3.json,22.0,0.35,lsa,231.0,4.0,1.0765918086807658,0.04893599130367117,0.26914795217019144,0.04893599130367117,0.04893599130367117,0.7670090266802174,0.08394382925037136,0.45395613511713434,0.4769095776797967,0.647760598970134,1.5786263117670651
2021NES,output_2021_11_05_NES_S4,output_2021_11_05_NES_S4__B4_2021_11_05_11_00_54_trimend,4,2021NES/output_2021_11_05_NES_S4/B4_2021_11_05_11_00_54_trimend_chunk4.json,15.0,0.35,lsa,105.0,3.0,0.8117370741798297,0.05411580494532198,0.2705790247266099,0.05411580494532198,0.05411580494532198,1.0,0.07915647111678902,0.5004777778441024,0.7218684334767493,0.4903515540319446,1.7126977653527964
2021NES,output_2021_11_05_NES_S4,output_2021_11_05_NES_S4__B4_2021_11_05_11_00_54_trimend,5,2021NES/output_2021_11_05_NES_S4/B4_2021_11_05_11_00_54_trimend_chunk5.json,12.0,0.35,lsa,66.0,4.0,1.0732210887798672,0.0894350907316556,0.2683052721949668,0.0894350907316556,0.0894350907316556,0.8705169332841306,0.0904202974071357,0.6957242414751058,1.0269724440442305,0.8090361900834049,2.5317328756027413
2021NES,output_2021_11_05_NES_S4,output_2021_11_05_NES_S4__B4_2021_11_05_11_00_54_trimend,6,2021NES/output_2021_11_05_NES_S4/B4_2021_11_05_11_00_54_trimend_chunk6.json,13.0,0.35,lsa,78.0,3.0,0.3579482748216757,0.027534482678590436,0.11931609160722523,0.027534482678590436,0.027534482678590436,0.07610154276873086,0.059658045803612614,0.33000813339563806,0.29120090153761724,0.26443556380887795,0.8856445987421333
2021NES,output_2021_11_05_NES_S4,output_2021_11_05_NES_S4__B4_2021_11_05_11_00_54_trimend,7,2021NES/output_2021_11_05_NES_S4/B4_2021_11_05_11_00_54_trimend_chunk7.json,41.0,0.35,lsa,820.0,30.0,4.681821182190028,0.11419076054122018,0.15606070607300093,0.11419076054122018,0.11419076054122021,0.5123869874669292,0.1375349831593968,2.34859778012677,1.6540777041602648,1.5607736069546676,5.5634490912417025
2021NES,output_2021_11_05_NES_S4,output_2021_11_05_NES_S4__B4_2021_11_05_11_00_54_trimend,8,2021NES/output_2021_11_05_NES_S4/B4_2021_11_05_11_00_54_trimend_chunk8.json,12.0,0.35,lsa,66.0,3.0,0.709944891440411,0.059162074286700915,0.23664829714680366,0.059162074286700915,0.059162074286700915,1.0,0.11832414857340183,0.8448073660043129,0.46866854509511136,0.42767286765716434,1.7411487787565887
2021NES,output_2021_11_05_NES_S4,output_2021_11_05_NES_S4__B4_2021_11_05_11_00_54_trimend,9,2021NES/output_2021_11_05_NES_S4/B4_2021_11_05_11_00_54_trimend_chunk9.json,7.0,0.35,lsa,21.0,2.0,0.9188129293288332,0.13125898990411902,0.4594064646644166,0.13125898990411902,0.13125898990411902,1.0,0.018482899373611573,0.7192010551939312,1.0783930426857105,0.8221323914709089,2.6197264893505503
2021NES,output_2021_11_05_NES_S4,output_2021_11_05_NES_S4__B4_2021_11_05_11_00_54_trimend,10,2021NES/output_2021_11_05_NES_S4/B4_2021_11_05_11_00_54_trimend_chunk10.json,6.0,0.35,lsa,15.0,2.0,0.8665667553949103,0.1444277925658184,0.4332833776974552,0.1444277925658184,0.1444277925658184,1.0,0.173050646152846,1.4446848499798763,0.8823853924565103,0.8823853924565103,3.2094556348928966
2021NES,output_2021_11_05_NES_S4,output_2021_11_05_NES_S4__B4_2021_11_05_11_00_54_trimend,11,2021NES/output_2021_11_05_NES_S4/B4_2021_11_05_11_00_54_trimend_chunk11.json,4.0,0.35,lsa,6.0,2.0,1.0344539856063677,0.2586134964015919,0.5172269928031838,0.2586134964015919,0.2586134964015919,0.31524447284369633,0.5172269928031838,1.6994197078989433,1.4337289279443444,1.4337289279443444,4.5668775637876315
2021NES,output_2021_11_05_NES_S4,output_2021_11_05_NES_S4__B4_2021_11_05_11_00_54_trimend,12,2021NES/output_2021_11_05_NES_S4/B4_2021_11_05_11_00_54_trimend_chunk12.json,18.0,0.35,lsa,153.0,4.0,1.7756482981902855,0.09864712767723809,0.44391207454757137,0.09864712767723809,0.09864712767723809,0.6423912662834138,-0.09328780572200998,0.7150755532167852,1.2776344415473164,0.7261406639759159,2.7188506587400174
2021NES,output_2021_11_05_NES_S5,output_2021_11_05_NES_S5__B5_2021_11_05_11_01_07_trimend,1,2021NES/output_2021_11_05_NES_S5/B5_2021_11_05_11_01_07_trimend_chunk1.json,40.0,0.35,lsa,780.0,10.0,1.747109678828842,0.04367774197072105,0.1747109678828842,0.04367774197072105,0.04367774197072106,1.0,-0.0324883513726566,0.46523902425765495,0.6714589147762479,0.5965573659740767,1.7332553050079795
2021NES,output_2021_11_05_NES_S5,output_2021_11_05_NES_S5__B5_2021_11_05_11_01_07_trimend,2,2021NES/output_2021_11_05_NES_S5/B5_2021_11_05_11_01_07_trimend_chunk2.json,17.0,0.35,lsa,136.0,2.0,0.10777321343573931,0.006339600790337607,0.053886606717869656,0.006339600790337607,0.006339600790337607,0.0,-0.0025005841809063326,0.06923241354768163,0.09931193635656693,0.09470934135126853,0.26325369125551706
2021NES,output_2021_11_05_NES_S5,output_2021_11_05_NES_S5__B5_2021_11_05_11_01_07_trimend,3,2021NES/output_2021_11_05_NES_S5/B5_2021_11_05_11_01_07_trimend_chunk3.json,24.0,0.35,lsa,276.0,3.0,1.6555501768799967,0.06898125736999987,0.551850058959999,0.06898125736999987,0.06898125736999987,0.802014404022647,0.16555501768799968,0.9211602648496101,0.5096468513506431,0.5102240586429574,1.9410311748432105
2021NES,output_2021_11_05_NES_S5,output_2021_11_05_NES_S5__B5_2021_11_05_11_01_07_trimend,4,2021NES/output_2021_11_05_NES_S5/B5_2021_11_05_11_01_07_trimend_chunk4.json,20.0,0.35,lsa,190.0,2.0,0.5838995383253388,0.029194976916266942,0.2919497691626694,0.029194976916266942,0.029194976916266942,0.07357424661312519,-0.07250375153726088,0.23152168648616628,0.712755688544282,0.22297386472194258,1.1672512397523909
2021NES,output_2021_11_05_NES_S5,output_2021_11_05_NES_S5__B5_2021_11_05_11_01_07_trimend,5,2021NES/output_2021_11_05_NES_S5/B5_2021_11_05_11_01_07_trimend_chunk5.json,24.0,0.35,lsa,276.0,0.0,0.0,0.0,0.0,0.0,0.0,0.0,0.0,0.0,0.0,0.0,0.0
2021NES,output_2021_11_05_NES_S5,output_2021_11_05_NES_S5__B5_2021_11_05_11_01_07_trimend,6,2021NES/output_2021_11_05_NES_S5/B5_2021_11_05_11_01_07_trimend_chunk6.json,21.0,0.35,lsa,210.0,1.0,0.07521231455502883,0.003581538788334706,0.07521231455502883,0.003581538788334706,0.003581538788334706,1.0,0.0,0.0513285895747311,0.05900796137066033,0.04096792225996203,0.15130447320535345
2021NES,output_2021_11_05_NES_S5,output_2021_11_05_NES_S5__B5_2021_11_05_11_01_07_trimend,7,2021NES/output_2021_11_05_NES_S5/B5_2021_11_05_11_01_07_trimend_chunk7.json,21.0,0.35,lsa,210.0,2.0,0.972663503597817,0.04631730969513414,0.4863317517989085,0.04631730969513414,0.04631730969513414,0.23669093021425336,0.0,0.33057877615845593,0.5689932162848632,0.3853706475946239,1.2849426400379431
2021NES,output_2021_11_05_NES_S5,output_2021_11_05_NES_S5__B5_2021_11_05_11_01_07_trimend,8,2021NES/output_2021_11_05_NES_S5/B5_2021_11_05_11_01_07_trimend_chunk8.json,35.0,0.35,lsa,595.0,7.0,3.15344756408258,0.09009850183093086,0.4504925091546543,0.09009850183093086,0.09009850183093088,0.7060606150712969,0.058345337748106976,1.1116936363085699,1.274972158810239,0.7556650945435442,3.142330889662353
2021NES,output_2021_11_05_NES_S5,output_2021_11_05_NES_S5__B5_2021_11_05_11_01_07_trimend,9,2021NES/output_2021_11_05_NES_S5/B5_2021_11_05_11_01_07_trimend_chunk9.json,7.0,0.35,lsa,21.0,2.0,0.6675141073675672,0.09535915819536675,0.3337570536837836,0.09535915819536675,0.09535915819536675,1.0,0.1668785268418918,0.7848406933822801,0.8174388315308145,0.6081593927562816,2.210438917669376
2021NES,output_2021_11_05_NES_S5,output_2021_11_05_NES_S5__B5_2021_11_05_11_01_07_trimend,10,2021NES/output_2021_11_05_NES_S5/B5_2021_11_05_11_01_07_trimend_chunk10.json,6.0,0.35,lsa,15.0,2.0,0.991993234135351,0.16533220568922516,0.4959966170676755,0.16533220568922516,0.16533220568922516,0.0,0.13905735044813028,0.8080900762036625,1.0445546941364872,1.1117813445545988,2.9644261148947484
2021NES,output_2021_11_05_NES_S5,output_2021_11_05_NES_S5__B5_2021_11_05_11_01_07_trimend,11,2021NES/output_2021_11_05_NES_S5/B5_2021_11_05_11_01_07_trimend_chunk11.json,5.0,0.35,lsa,10.0,3.0,0.7005598505008958,0.14011197010017915,0.23351995016696525,0.14011197010017915,0.14011197010017915,0.9963272867477491,0.0,1.1913110107067788,0.7968315156701263,0.9501621997515018,2.9383047261284068
2021NES,output_2021_11_05_NES_S5,output_2021_11_05_NES_S5__B5_2021_11_05_11_01_07_trimend,12,2021NES/output_2021_11_05_NES_S5/B5_2021_11_05_11_01_07_trimend_chunk12.json,15.0,0.35,lsa,105.0,3.0,0.3370403666660065,0.02246935777773377,0.11234678888866884,0.02246935777773377,0.02246935777773377,0.8942931644493809,0.004881751392516691,0.26463584479984603,0.32819478323854884,0.18405005394718807,0.7768806819855829
2021NES,output_2021_11_05_NES_S6,output_2021_11_05_NES_S6__B6_2021_11_05_11_01_03_trimend,1,2021NES/output_2021_11_05_NES_S6/B6_2021_11_05_11_01_03_trimend_chunk1.json,39.0,0.35,lsa,741.0,22.0,4.30310496647794,0.11033602478148563,0.19559568029445182,0.11033602478148563,0.11033602478148559,0.44174368755816673,0.17564769813584438,1.3923809823634272,1.2434809463072167,1.229754292197516,3.8656162208681595
2021NES,output_2021_11_05_NES_S6,output_2021_11_05_NES_S6__B6_2021_11_05_11_01_03_trimend,2,2021NES/output_2021_11_05_NES_S6/B6_2021_11_05_11_01_03_trimend_chunk2.json,27.0,0.35,lsa,351.0,5.0,1.3998234547003836,0.05184531313705124,0.2799646909400767,0.05184531313705124,0.05184531313705124,0.8638690741509574,-0.09632173242185815,0.47621486331682844,1.0700224694681837,0.4642535061564437,2.0104908389414557
2021NES,output_2021_11_05_NES_S6,output_2021_11_05_NES_S6__B6_2021_11_05_11_01_03_trimend,3,2021NES/output_2021_11_05_NES_S6/B6_2021_11_05_11_01_03_trimend_chunk3.json,34.0,0.35,lsa,561.0,4.0,1.024719960107672,0.030138822356108,0.256179990026918,0.030138822356108,0.030138822356107993,0.9580023428584518,0.07242202586285314,1.0482258759461074,0.22120789356463688,0.21497303840635662,1.484406807917101
2021NES,output_2021_11_05_NES_S6,output_2021_11_05_NES_S6__B6_2021_11_05_11_01_03_trimend,4,2021NES/output_2021_11_05_NES_S6/B6_2021_11_05_11_01_03_trimend_chunk4.json,23.0,0.35,lsa,253.0,3.0,0.8606392986423708,0.037419099940972644,0.2868797662141236,0.037419099940972644,0.037419099940972644,0.0,0.09677099153036757,0.5577676960439563,0.324806575294016,0.27796602827946637,1.1605402996174385
2021NES,output_2021_11_05_NES_S6,output_2021_11_05_NES_S6__B6_2021_11_05_11_01_03_trimend,5,2021NES/output_2021_11_05_NES_S6/B6_2021_11_05_11_01_03_trimend_chunk5.json,13.0,0.35,lsa,78.0,2.0,0.46512166255737175,0.03577858942749013,0.23256083127868588,0.03577858942749013,0.03577858942749013,1.0,0.07752027709289529,0.3145775451905607,0.27139193338611733,0.47309426728444604,1.059063745861124
2021NES,output_2021_11_05_NES_S6,output_2021_11_05_NES_S6__B6_2021_11_05_11_01_03_trimend,6,2021NES/output_2021_11_05_NES_S6/B6_2021_11_05_11_01_03_trimend_chunk6.json,23.0,0.35,lsa,253.0,1.0,0.019894140254441268,0.000864962619758316,0.019894140254441268,0.000864962619758316,0.000864962619758316,1.0,0.0024867675318051585,0.028134607392494054,0.010880997247884546,0.01308428949098885,0.05209989413136745
2021NES,output_2021_11_05_NES_S6,output_2021_11_05_NES_S6__B6_2021_11_05_11_01_03_trimend,7,2021NES/output_2021_11_05_NES_S6/B6_2021_11_05_11_01_03_trimend_chunk7.json,12.0,0.35,lsa,66.0,2.0,0.20050042003146495,0.016708368335955414,0.10025021001573248,0.016708368335955414,0.016708368335955414,1.0,0.03341673667191083,0.28715198714271434,0.15404563432510585,0.17933199594691207,0.6205296174147322
2021NES,output_2021_11_05_NES_S6,output_2021_11_05_NES_S6__B6_2021_11_05_11_01_03_trimend,8,2021NES/output_2021_11_05_NES_S6/B6_2021_11_05_11_01_03_trimend_chunk8.json,19.0,0.35,lsa,171.0,2.0,0.5928146444037543,0.03120077075809233,0.29640732220187715,0.03120077075809233,0.03120077075809233,1.0,0.08468780634339347,0.4705396141059647,0.3086511385437008,0.27341233855432234,1.0526030912039879
2021NES,output_2021_11_05_NES_S6,output_2021_11_05_NES_S6__B6_2021_11_05_11_01_03_trimend,9,2021NES/output_2021_11_05_NES_S6/B6_2021_11_05_11_01_03_trimend_chunk9.json,7.0,0.35,lsa,21.0,1.0,0.8871154655146218,0.12673078078780312,0.8871154655146218,0.12673078078780312,0.12673078078780312,1.0,0.22177886637865546,0.7634023843887664,0.6044401863804802,0.8759773783025393,2.243819949071786
2021NES,output_2021_11_05_NES_S6,output_2021_11_05_NES_S6__B6_2021_11_05_11_01_03_trimend,10,2021NES/output_2021_11_05_NES_S6/B6_2021_11_05_11_01_03_trimend_chunk10.json,6.0,0.35,lsa,15.0,1.0,0.929654188627633,0.15494236477127218,0.929654188627633,0.15494236477127218,0.15494236477127218,0.0,0.0,0.7821949894357061,0.8930403536318403,0.7821949894357061,2.4574303325032525
2021NES,output_2021_11_05_NES_S6,output_2021_11_05_NES_S6__B6_2021_11_05_11_01_03_trimend,11,2021NES/output_2021_11_05_NES_S6/B6_2021_11_05_11_01_03_trimend_chunk11.json,4.0,0.35,lsa,6.0,2.0,1.024758003239072,0.256189500809768,0.512379001619536,0.256189500809768,0.256189500809768,1.0,0.512379001619536,0.9882728721307233,0.9263283191820023,1.2729509920010091,3.187552183313735
2021NES,output_2021_11_05_NES_S6,output_2021_11_05_NES_S6__B6_2021_11_05_11_01_03_trimend,12,2021NES/output_2021_11_05_NES_S6/B6_2021_11_05_11_01_03_trimend_chunk12.json,17.0,0.35,lsa,136.0,4.0,0.85846205911734,0.05049776818337294,0.214615514779335,0.05049776818337294,0.05049776818337294,1.0,0.0,0.6428907848169365,0.5471928009637244,0.3968421183944316,1.5869257041750924
2021NES,output_2021_11_05_NES_S7,output_2021_11_05_NES_S7__B1_2021_11_05_13_06_40,1,2021NES/output_2021_11_05_NES_S7/B1_2021_11_05_13_06_40_chunk1.json,66.0,0.35,lsa,2145.0,92.0,27.647951093908514,0.41890834990770476,0.30052120754248385,0.4189083499077047,0.4189083499077048,0.49851020743923713,0.8574380180201633,6.3031204629832285,4.451024251871832,4.692452541424824,15.446597256279885
2021NES,output_2021_11_05_NES_S7,output_2021_11_05_NES_S7__B1_2021_11_05_13_06_40,2,2021NES/output_2021_11_05_NES_S7/B1_2021_11_05_13_06_40_chunk2.json,22.0,0.35,lsa,231.0,2.0,0.8398271940076035,0.03817396336398198,0.41991359700380176,0.03817396336398198,0.03817396336398198,0.8537030172884332,-0.062110530259274294,0.32704960717291937,0.7347420512803522,0.30035472330161117,1.362146381754883
2021NES,output_2021_11_05_NES_S7,output_2021_11_05_NES_S7__B1_2021_11_05_13_06_40,4,2021NES/output_2021_11_05_NES_S7/B1_2021_11_05_13_06_40_chunk4.json,19.0,0.35,lsa,171.0,1.0,0.3010788929303629,0.01584625752265068,0.3010788929303629,0.01584625752265068,0.01584625752265068,1.0,0.050179815488393814,0.2114243391332194,0.14981279324695293,0.14981279324695293,0.5110499256271253
2021NES,output_2021_11_05_NES_S7,output_2021_11_05_NES_S7__B1_2021_11_05_13_06_40,5,2021NES/output_2021_11_05_NES_S7/B1_2021_11_05_13_06_40_chunk5.json,21.0,0.35,lsa,210.0,1.0,0.07436752452974081,0.0035413106918924194,0.07436752452974081,0.0035413106918924194,0.0035413106918924194,1.0,0.008263058281082312,0.047783231814670445,0.042707970100334926,0.05845572910878745,0.1489469310237928
2021NES,output_2021_11_05_NES_S7,output_2021_11_05_NES_S7__B1_2021_11_05_13_06_40,6,2021NES/output_2021_11_05_NES_S7/B1_2021_11_05_13_06_40_chunk6.json,39.0,0.35,lsa,741.0,10.0,4.600660581273534,0.1179656559300906,0.46006605812735335,0.1179656559300906,0.1179656559300906,0.4320660250242663,0.21012607903933528,2.0664819057154116,1.1818735479597453,1.1645018813821313,4.412857335057288
2021NES,output_2021_11_05_NES_S7,output_2021_11_05_NES_S7__B1_2021_11_05_13_06_40,7,2021NES/output_2021_11_05_NES_S7/B1_2021_11_05_13_06_40_chunk7.json,45.0,0.35,lsa,990.0,18.0,4.812485573565335,0.10694412385700745,0.2673603096425186,0.10694412385700744,0.10694412385700744,0.8848176558902111,0.018453941290016214,1.0662774329393767,1.468531097932392,0.9705574352555072,3.505365966127276
2021NES,output_2021_11_05_NES_S7,output_2021_11_05_NES_S7__B1_2021_11_05_13_06_40,8,2021NES/output_2021_11_05_NES_S7/B1_2021_11_05_13_06_40_chunk8.json,40.0,0.35,lsa,780.0,15.0,4.014395562048484,0.1003598890512121,0.26762637080323226,0.10035988905121211,0.1003598890512121,0.7417137099701094,0.22066371630792692,1.8229500283612614,1.0141214149191071,1.4311167899131956,4.268188233193564
2021NES,output_2021_11_05_NES_S8,output_2021_11_05_NES_S8__B2_Zoom_Meeting_Room_2_2021_11_05_13_07_15,1,2021NES/output_2021_11_05_NES_S8/B2_Zoom_Meeting_Room_2_2021_11_05_13_07_15_chunk1.json,50.0,0.35,lsa,1225.0,38.0,10.129075491060243,0.20258150982120487,0.2665546181857959,0.20258150982120487,0.20258150982120487,0.3683033517358728,0.13105687246917674,2.636512516292645,2.926987740328063,2.239882881240014,7.803383137860722
2021NES,output_2021_11_05_NES_S8,output_2021_11_05_NES_S8__B2_Zoom_Meeting_Room_2_2021_11_05_13_07_15,2,2021NES/output_2021_11_05_NES_S8/B2_Zoom_Meeting_Room_2_2021_11_05_13_07_15_chunk2.json,23.0,0.35,lsa,253.0,11.0,1.1928778784584804,0.05186425558515132,0.10844344349622549,0.05186425558515132,0.05186425558515132,0.8742479540732373,-0.03824972349466475,0.49927129229798245,0.9719019165420679,0.6607164793447688,2.1318896881848195
2021NES,output_2021_11_05_NES_S8,output_2021_11_05_NES_S8__B2_Zoom_Meeting_Room_2_2021_11_05_13_07_15,3,2021NES/output_2021_11_05_NES_S8/B2_Zoom_Meeting_Room_2_2021_11_05_13_07_15_chunk3.json,13.0,0.35,lsa,78.0,1.0,0.5968928708776122,0.04591483622135479,0.5968928708776122,0.04591483622135479,0.04591483622135479,1.0,0.14922321771940306,0.32621026822564825,0.32621026822564825,0.5275719540974042,1.1799924905487007
2021NES,output_2021_11_05_NES_S8,output_2021_11_05_NES_S8__B2_Zoom_Meeting_Room_2_2021_11_05_13_07_15,4,2021NES/output_2021_11_05_NES_S8/B2_Zoom_Meeting_Room_2_2021_11_05_13_07_15_chunk4.json,16.0,0.35,lsa,120.0,0.0,0.0,0.0,0.0,0.0,0.0,0.0,0.0,0.0,0.0,0.0,0.0
2021NES,output_2021_11_05_NES_S8,output_2021_11_05_NES_S8__B2_Zoom_Meeting_Room_2_2021_11_05_13_07_15,5,2021NES/output_2021_11_05_NES_S8/B2_Zoom_Meeting_Room_2_2021_11_05_13_07_15_chunk5.json,11.0,0.35,lsa,55.0,3.0,0.5155744325188534,0.0468704029562594,0.17185814417295112,0.0468704029562594,0.0468704029562594,0.04267616036545713,0.08548031678858962,0.5721195330867066,0.43790273935444973,0.4346219811138462,1.4446442535550026
2021NES,output_2021_11_05_NES_S8,output_2021_11_05_NES_S8__B2_Zoom_Meeting_Room_2_2021_11_05_13_07_15,6,2021NES/output_2021_11_05_NES_S8/B2_Zoom_Meeting_Room_2_2021_11_05_13_07_15_chunk6.json,35.0,0.35,lsa,595.0,9.0,0.7970880885342095,0.0227739453866917,0.08856534317046773,0.0227739453866917,0.0227739453866917,0.2688254176389192,0.041735375532837654,0.3335995012039891,0.32279679309008247,0.33545086974677396,0.9918471640408455
2021NES,output_2021_11_05_NES_S8,output_2021_11_05_NES_S8__B2_Zoom_Meeting_Room_2_2021_11_05_13_07_15,7,2021NES/output_2021_11_05_NES_S8/B2_Zoom_Meeting_Room_2_2021_11_05_13_07_15_chunk7.json,21.0,0.35,lsa,210.0,1.0,0.8960980022205984,0.042671333439076115,0.8960980022205984,0.042671333439076115,0.042671333439076115,1.0,-0.08146345474732714,0.29780603478114887,0.767448332757144,0.2639044906322816,1.3291588581705744
2021NES,output_2021_11_05_NES_S8,output_2021_11_05_NES_S8__B2_Zoom_Meeting_Room_2_2021_11_05_13_07_15,8,2021NES/output_2021_11_05_NES_S8/B2_Zoom_Meeting_Room_2_2021_11_05_13_07_15_chunk8.json,0.0,0.35,lsa,0.0,0.0,0.0,0.0,0.0,0.0,0.0,0.0,0.0,0.0,0.0,0.0,0.0
2021NES,output_2021_11_05_NES_S9,output_2021_11_05_NES_S9__B3_2021_11_05_13_06_59,1,2021NES/output_2021_11_05_NES_S9/B3_2021_11_05_13_06_59_chunk1.json,41.0,0.35,lsa,820.0,16.0,3.9844226957538122,0.09718104135984908,0.24902641848461327,0.09718104135984906,0.09718104135984906,0.5482718520725972,0.13689332515535538,1.8289506801516273,1.1754764149848385,0.8818081653126811,3.886235260449147
2021NES,output_2021_11_05_NES_S9,output_2021_11_05_NES_S9__B3_2021_11_05_13_06_59,2,2021NES/output_2021_11_05_NES_S9/B3_2021_11_05_13_06_59_chunk2.json,21.0,0.35,lsa,210.0,2.0,0.046595033077567655,0.002218811098931793,0.023297516538783827,0.002218811098931793,0.002218811098931793,1.0,0.004704838274598551,0.03884450253046345,0.03665112628063388,0.03352157938351251,0.10901720819460985
2021NES,output_2021_11_05_NES_S9,output_2021_11_05_NES_S9__B3_2021_11_05_13_06_59,4,2021NES/output_2021_11_05_NES_S9/B3_2021_11_05_13_06_59_chunk4.json,16.0,0.35,lsa,120.0,2.0,0.652121492725781,0.040757593295361313,0.3260607463628905,0.040757593295361313,0.040757593295361313,1.0,0.0,0.36971398993151383,0.5906142872472419,0.2580030841314969,1.2183313613102527
2021NES,output_2021_11_05_NES_S9,output_2021_11_05_NES_S9__B3_2021_11_05_13_06_59,5,2021NES/output_2021_11_05_NES_S9/B3_2021_11_05_13_06_59_chunk5.json,18.0,0.35,lsa,153.0,1.0,0.9511207257853065,0.052840040321405914,0.9511207257853065,0.052840040321405914,0.052840040321405914,1.0,0.1902241451570613,0.9011337429922421,0.3408276068106453,0.31114655181114803,1.5531079016140354
2021NES,output_2021_11_05_NES_S9,output_2021_11_05_NES_S9__B3_2021_11_05_13_06_59,6,2021NES/output_2021_11_05_NES_S9/B3_2021_11_05_13_06_59_chunk6.json,28.0,0.35,lsa,378.0,0.0,0.0,0.0,0.0,0.0,0.0,0.0,0.0,0.0,0.0,0.0,0.0
2021NES,output_2021_11_05_NES_S9,output_2021_11_05_NES_S9__B3_2021_11_05_13_06_59,7,2021NES/output_2021_11_05_NES_S9/B3_2021_11_05_13_06_59_chunk7.json,48.0,0.35,lsa,1128.0,24.0,4.5946650143205705,0.09572218779834522,0.19144437559669045,0.09572218779834522,0.09572218779834522,0.4182987244867256,-0.02535785795346473,1.227287729848764,1.6314135209632876,0.9642705894880375,3.8229718403000894
2021NES,output_2021_11_05_NES_S9,output_2021_11_05_NES_S9__B3_2021_11_05_13_06_59,8,2021NES/output_2021_11_05_NES_S9/B3_2021_11_05_13_06_59_chunk8.json,13.0,0.35,lsa,78.0,3.0,0.7473909091928832,0.057491608399452554,0.2491303030642944,0.057491608399452554,0.057491608399452554,0.5815148265458975,0.14947818183857664,0.9889928482930215,0.47817898918309293,0.506591219643451,1.9737630571195655
2021SLU,output_2021_06_10_SLU_S1,output_2021_06_10_SLU_S1__bot1_2021_06_10_12_34_46,1,2021SLU/output_2021_06_10_SLU_S1/bot1_2021_06_10_12_34_46_chunk1.json,32.0,0.35,lsa,496.0,2.0,0.3046070558991224,0.009518970496847575,0.1523035279495612,0.009518970496847575,0.009518970496847575,1.0,0.01160000369602059,0.0796376357305169,0.4291510411466867,0.23638868171331542,0.7451773585905189
2021SLU,output_2021_06_10_SLU_S1,output_2021_06_10_SLU_S1__bot1_2021_06_10_12_34_46,2,2021SLU/output_2021_06_10_SLU_S1/bot1_2021_06_10_12_34_46_chunk2.json,20.0,0.35,lsa,190.0,0.0,0.0,0.0,0.0,0.0,0.0,0.0,0.0,0.0,0.0,0.0,0.0
2021SLU,output_2021_06_10_SLU_S1,output_2021_06_10_SLU_S1__bot1_2021_06_10_12_34_46,3,2021SLU/output_2021_06_10_SLU_S1/bot1_2021_06_10_12_34_46_chunk3.json,18.0,0.35,lsa,153.0,4.0,0.25992453654753855,0.014440252030418809,0.06498113413688464,0.014440252030418809,0.014440252030418809,0.6818483574951715,0.03574844132575626,0.26270645305547546,0.19013967863400427,0.18514600792955505,0.6379921396190348
2021SLU,output_2021_06_10_SLU_S1,output_2021_06_10_SLU_S1__bot1_2021_06_10_12_34_46,4,2021SLU/output_2021_06_10_SLU_S1/bot1_2021_06_10_12_34_46_chunk4.json,24.0,0.35,lsa,276.0,2.0,0.8987725091489638,0.03744885454787349,0.4493862545744819,0.03744885454787349,0.03744885454787349,0.09591636762033874,0.08987725091489637,0.579472931971035,0.2644944621497378,0.29620849678974226,1.140175890910515
2021SLU,output_2021_06_10_SLU_S1,output_2021_06_10_SLU_S1__bot1_2021_06_10_12_34_46,5,2021SLU/output_2021_06_10_SLU_S1/bot1_2021_06_10_12_34_46_chunk5.json,20.0,0.35,lsa,190.0,2.0,0.7681450432043574,0.03840725216021787,0.3840725216021787,0.03840725216021787,0.03840725216021787,0.0,0.03958257662671498,0.36509811485361654,0.44082926548233997,0.4082269439706915,1.214154324306648
2021SLU,output_2021_06_10_SLU_S1,output_2021_06_10_SLU_S1__bot1_2021_06_10_12_34_46,6,2021SLU/output_2021_06_10_SLU_S1/bot1_2021_06_10_12_34_46_chunk6.json,18.0,0.35,lsa,153.0,4.0,1.2546753553428585,0.06970418640793657,0.3136688388357146,0.06970418640793657,0.06970418640793657,0.5664031602108589,0.10455627961190488,0.8745369233474123,0.5501897510034284,0.4872190838765744,1.911945758227415
2021SLU,output_2021_06_10_SLU_S1,output_2021_06_10_SLU_S1__bot1_2021_06_10_12_34_46,7,2021SLU/output_2021_06_10_SLU_S1/bot1_2021_06_10_12_34_46_chunk7.json,20.0,0.35,lsa,190.0,1.0,0.012276641756390375,0.0006138320878195187,0.012276641756390375,0.0006138320878195187,0.0006138320878195187,1.0,0.002046106959398396,0.03835485530749207,0.008577456376757997,0.007778284167743136,0.0547105958519932
2021SLU,output_2021_06_10_SLU_S1,output_2021_06_10_SLU_S1__bot1_2021_06_10_12_34_46,8,2021SLU/output_2021_06_10_SLU_S1/bot1_2021_06_10_12_34_46_chunk8.json,28.0,0.35,lsa,378.0,5.0,1.0229202669416582,0.036532866676487794,0.20458405338833163,0.036532866676487794,0.036532866676487794,0.8751829076749302,0.07316534115125004,0.6578426972398768,0.426503570249084,0.35184910059250085,1.4361953680814616
2021SLU,output_2021_06_10_SLU_S2,output_2021_06_10_SLU_S2__bot2p2_Zoom_Meeting_Room_2_2021_06_10_12_37_25,1,2021SLU/output_2021_06_10_SLU_S2/bot2p2_Zoom_Meeting_Room_2_2021_06_10_12_37_25_chunk1.json,27.0,0.35,lsa,351.0,7.0,0.3871247520912496,0.014337953781157391,0.055303536013035656,0.014337953781157391,0.01433795378115739,0.1876868522879372,0.015421225644187783,0.20842809553923647,0.27729558355287687,0.31367481645378,0.7993984955458933
2021SLU,output_2021_06_10_SLU_S2,output_2021_06_10_SLU_S2__bot2p2_Zoom_Meeting_Room_2_2021_06_10_12_37_25,2,2021SLU/output_2021_06_10_SLU_S2/bot2p2_Zoom_Meeting_Room_2_2021_06_10_12_37_25_chunk2.json,12.0,0.35,lsa,66.0,2.0,0.7319772155070905,0.060998101292257544,0.36598860775354525,0.060998101292257544,0.060998101292257544,1.0,-0.18299430387677262,0.4283922533803014,1.5277616204429094,0.35288977491208645,2.309043648735297
2021SLU,output_2021_06_10_SLU_S2,output_2021_06_10_SLU_S2__bot2p2_Zoom_Meeting_Room_2_2021_06_10_12_37_25,3,2021SLU/output_2021_06_10_SLU_S2/bot2p2_Zoom_Meeting_Room_2_2021_06_10_12_37_25_chunk3.json,17.0,0.35,lsa,136.0,3.0,0.17361233993136826,0.010212490584198134,0.057870779977122755,0.010212490584198134,0.010212490584198134,1.0,0.043403084982842066,0.4220907542941995,0.0884435273660749,0.10131818090492319,0.6118524625651975
2021SLU,output_2021_06_10_SLU_S2,output_2021_06_10_SLU_S2__bot2p2_Zoom_Meeting_Room_2_2021_06_10_12_37_25,4,2021SLU/output_2021_06_10_SLU_S2/bot2p2_Zoom_Meeting_Room_2_2021_06_10_12_37_25_chunk4.json,18.0,0.35,lsa,153.0,2.0,0.25039104122085304,0.013910613401158503,0.12519552061042652,0.013910613401158503,0.013910613401158503,1.0,0.000548218913046552,0.18510643203780178,0.1697924776913945,0.1217603235907932,0.47665923331998944
2021SLU,output_2021_06_10_SLU_S2,output_2021_06_10_SLU_S2__bot2p2_Zoom_Meeting_Room_2_2021_06_10_12_37_25,5,2021SLU/output_2021_06_10_SLU_S2/bot2p2_Zoom_Meeting_Room_2_2021_06_10_12_37_25_chunk5.json,13.0,0.35,lsa,78.0,3.0,0.16909897930387627,0.013007613792605868,0.05636632643462542,0.013007613792605868,0.013007613792605868,1.0,0.0025508770696297655,0.1531550488019812,0.2275651536118364,0.16715886158899795,0.5478790640028155
2021SLU,output_2021_06_10_SLU_S2,output_2021_06_10_SLU_S2__bot2p2_Zoom_Meeting_Room_2_2021_06_10_12_37_25,6,2021SLU/output_2021_06_10_SLU_S2/bot2p2_Zoom_Meeting_Room_2_2021_06_10_12_37_25_chunk6.json,17.0,0.35,lsa,136.0,4.0,0.6170291178605167,0.036295830462383334,0.15425727946512918,0.036295830462383334,0.036295830462383334,1.0,0.04337065778754918,0.8963056859567065,0.5237362727477154,0.2812091489974571,1.701251107701879
2021SLU,output_2021_06_10_SLU_S2,output_2021_06_10_SLU_S2__bot2p2_Zoom_Meeting_Room_2_2021_06_10_12_37_25,7,2021SLU/output_2021_06_10_SLU_S2/bot2p2_Zoom_Meeting_Room_2_2021_06_10_12_37_25_chunk7.json,28.0,0.35,lsa,378.0,2.0,0.49781189920583346,0.017778996400208337,0.24890594960291673,0.017778996400208337,0.017778996400208337,1.0,0.03111324370036459,0.37007455753086316,0.16238176311431943,0.16628988205746836,0.698746202702651
2021SLU,output_2021_06_10_SLU_S2,output_2021_06_10_SLU_S2__bot2p2_Zoom_Meeting_Room_2_2021_06_10_12_37_25,8,2021SLU/output_2021_06_10_SLU_S2/bot2p2_Zoom_Meeting_Room_2_2021_06_10_12_37_25_chunk8.json,12.0,0.35,lsa,66.0,2.0,0.5287656036748178,0.04406380030623482,0.2643828018374089,0.04406380030623482,0.04406380030623482,1.0,0.13219140091870446,0.5490458951976148,0.35118167458581895,0.4393535385577608,1.3395811083411946
2021SLU,output_2021_06_10_SLU_S3,output_2021_06_10_SLU_S3__bot3p2_Room_3_Zoom_Meeting_2021_06_10_12_36_45,1,2021SLU/output_2021_06_10_SLU_S3/bot3p2_Room_3_Zoom_Meeting_2021_06_10_12_36_45_chunk1.json,18.0,0.35,lsa,153.0,1.0,0.7338116544397685,0.040767314135542694,0.7338116544397685,0.040767314135542694,0.040767314135542694,1.0,-0.06671015040361532,0.28179468621705334,0.8026129174548639,0.2566217470584526,1.3410293507303699
2021SLU,output_2021_06_10_SLU_S3,output_2021_06_10_SLU_S3__bot3p2_Room_3_Zoom_Meeting_2021_06_10_12_36_45,2,2021SLU/output_2021_06_10_SLU_S3/bot3p2_Room_3_Zoom_Meeting_2021_06_10_12_36_45_chunk2.json,15.0,0.35,lsa,105.0,5.0,0.6775771316899947,0.04517180877933298,0.13551542633799893,0.04517180877933298,0.04517180877933298,1.0000000000000002,0.08329863133137312,0.6105880605704013,0.44159828080381536,0.41848225667660977,1.4706685980508265
2021SLU,output_2021_06_10_SLU_S3,output_2021_06_10_SLU_S3__bot3p2_Room_3_Zoom_Meeting_2021_06_10_12_36_45,3,2021SLU/output_2021_06_10_SLU_S3/bot3p2_Room_3_Zoom_Meeting_2021_06_10_12_36_45_chunk3.json,11.0,0.35,lsa,55.0,3.0,0.8384361519349323,0.07622146835772112,0.2794787173116441,0.0762214683577211,0.0762214683577211,0.9999999999999999,-0.11828336873924003,0.5590033238971834,1.0938289527739642,0.6476258339149407,2.300458110586088
2021SLU,output_2021_06_10_SLU_S3,output_2021_06_10_SLU_S3__bot3p2_Room_3_Zoom_Meeting_2021_06_10_12_36_45,4,2021SLU/output_2021_06_10_SLU_S3/bot3p2_Room_3_Zoom_Meeting_2021_06_10_12_36_45_chunk4.json,19.0,0.35,lsa,171.0,3.0,0.18321107319368365,0.009642688062825455,0.06107035773122788,0.009642688062825455,0.009642688062825455,0.22499470878237554,0.02175225410718489,0.17645876684516293,0.11919760388586137,0.1397895210521914,0.4354458917832157
2021SLU,output_2021_06_10_SLU_S3,output_2021_06_10_SLU_S3__bot3p2_Room_3_Zoom_Meeting_2021_06_10_12_36_45,5,2021SLU/output_2021_06_10_SLU_S3/bot3p2_Room_3_Zoom_Meeting_2021_06_10_12_36_45_chunk5.json,20.0,0.35,lsa,190.0,4.0,0.5313956013461802,0.026569780067309014,0.13284890033654506,0.026569780067309017,0.026569780067309014,1.0,0.05313956013461803,0.5668211765457407,0.20886824141470495,0.28617775991070904,1.0618671778711546
2021SLU,output_2021_06_10_SLU_S3,output_2021_06_10_SLU_S3__bot3p2_Room_3_Zoom_Meeting_2021_06_10_12_36_45,6,2021SLU/output_2021_06_10_SLU_S3/bot3p2_Room_3_Zoom_Meeting_2021_06_10_12_36_45_chunk6.json,18.0,0.35,lsa,153.0,1.0,0.5405647761826101,0.03003137645458945,0.5405647761826101,0.03003137645458945,0.03003137645458945,1.0,0.05405647761826101,0.20332975366696862,0.24949874220297658,0.49419769124326063,0.9470261871132059
2021SLU,output_2021_06_10_SLU_S3,output_2021_06_10_SLU_S3__bot3p2_Room_3_Zoom_Meeting_2021_06_10_12_36_45,7,2021SLU/output_2021_06_10_SLU_S3/bot3p2_Room_3_Zoom_Meeting_2021_06_10_12_36_45_chunk7.json,24.0,0.35,lsa,276.0,2.0,0.16150049499961844,0.006729187291650768,0.08075024749980922,0.006729187291650768,0.006729187291650768,1.0,-0.015523826377932771,0.08051644708813947,0.15613782632941386,0.07586763151520426,0.3125219049327576
2021SLU,output_2021_06_10_SLU_S3,output_2021_06_10_SLU_S3__bot3p2_Room_3_Zoom_Meeting_2021_06_10_12_36_45,8,2021SLU/output_2021_06_10_SLU_S3/bot3p2_Room_3_Zoom_Meeting_2021_06_10_12_36_45_chunk8.json,5.0,0.35,lsa,10.0,2.0,0.8035080449112206,0.16070160898224412,0.4017540224556103,0.16070160898224412,0.16070160898224412,0.3708648531999846,0.14899644656050323,1.154745895303407,1.2824908013464251,1.0367637510033567,3.4740004476531894
2021SLU,output_2021_06_10_SLU_S4,output_2021_06_10_SLU_S4__bot4_2021_06_10_12_35_05,1,2021SLU/output_2021_06_10_SLU_S4/bot4_2021_06_10_12_35_05_chunk1.json,49.0,0.35,lsa,1176.0,28.0,6.79202771405309,0.13861281049087937,0.24257241835903892,0.13861281049087937,0.13861281049087937,0.6204758637508109,0.13774361489751746,2.0611529510569464,1.814689935553539,1.4031651008442667,5.279007987454753
2021SLU,output_2021_06_10_SLU_S4,output_2021_06_10_SLU_S4__bot4_2021_06_10_12_35_05,2,2021SLU/output_2021_06_10_SLU_S4/bot4_2021_06_10_12_35_05_chunk2.json,19.0,0.35,lsa,171.0,2.0,0.09044517821714944,0.0047602725377447076,0.04522258910857472,0.0047602725377447076,0.0047602725377447076,1.0,-0.010049464246349938,0.05266537265734392,0.1338957346112049,0.05811417720184959,0.2446752844703984
2021SLU,output_2021_06_10_SLU_S4,output_2021_06_10_SLU_S4__bot4_2021_06_10_12_35_05,4,2021SLU/output_2021_06_10_SLU_S4/bot4_2021_06_10_12_35_05_chunk4.json,28.0,0.35,lsa,378.0,1.0,0.015156609654854223,0.0005413074876733651,0.015156609654854223,0.0005413074876733651,0.0005413074876733651,0.0,0.0015156609654854224,0.01986507986570861,0.007914182315444353,0.007623213236322375,0.035402475417475335
2021SLU,output_2021_06_10_SLU_S4,output_2021_06_10_SLU_S4__bot4_2021_06_10_12_35_05,5,2021SLU/output_2021_06_10_SLU_S4/bot4_2021_06_10_12_35_05_chunk5.json,33.0,0.35,lsa,528.0,4.0,0.5357466931258876,0.01623474827654205,0.1339366732814719,0.01623474827654205,0.01623474827654205,1.0,-0.032223749990693364,0.17326703664050735,0.5658183814062993,0.1354353188944547,0.8745207369412613
2021SLU,output_2021_06_10_SLU_S4,output_2021_06_10_SLU_S4__bot4_2021_06_10_12_35_05,6,2021SLU/output_2021_06_10_SLU_S4/bot4_2021_06_10_12_35_05_chunk6.json,26.0,0.35,lsa,325.0,2.0,0.6934125599513825,0.026669713844283943,0.34670627997569126,0.026669713844283943,0.026669713844283943,1.0,0.053339427688567885,0.4838366115020336,0.2093162022677854,0.22485597440111438,0.9180087881709335
2021SLU,output_2021_06_10_SLU_S4,output_2021_06_10_SLU_S4__bot4_2021_06_10_12_35_05,7,2021SLU/output_2021_06_10_SLU_S4/bot4_2021_06_10_12_35_05_chunk7.json,26.0,0.35,lsa,325.0,1.0,0.2657305924620151,0.010220407402385195,0.2657305924620151,0.010220407402385195,0.010220407402385195,1.0,0.01898075660442965,0.16418581508210753,0.09791298798711984,0.10618664849995109,0.36828545156917847
2021SLU,output_2021_06_10_SLU_S4,output_2021_06_10_SLU_S4__bot4_2021_06_10_12_35_05,8,2021SLU/output_2021_06_10_SLU_S4/bot4_2021_06_10_12_35_05_chunk8.json,23.0,0.35,lsa,253.0,3.0,0.2040820787506453,0.008873133858723709,0.06802735958354843,0.008873133858723709,0.008873133858723707,0.9999999999999999,0.0,0.1189191751680439,0.18470565920911566,0.10274458858528254,0.40636942296244216
2021SLU,output_2021_06_10_SLU_S5,output_2021_06_10_SLU_S5__botB2_2021_06_10_12_35_06,1,2021SLU/output_2021_06_10_SLU_S5/botB2_2021_06_10_12_35_06_chunk1.json,36.0,0.35,lsa,630.0,15.0,1.3769175847136907,0.03824771068649141,0.09179450564757938,0.0382477106864914,0.03824771068649141,0.8084814118831035,0.037173615080792755,0.5241040488466042,0.5425108807373819,0.6377555323646686,1.7043704619486548
2021SLU,output_2021_06_10_SLU_S5,output_2021_06_10_SLU_S5__botB2_2021_06_10_12_35_06,2,2021SLU/output_2021_06_10_SLU_S5/botB2_2021_06_10_12_35_06_chunk2.json,12.0,0.35,lsa,66.0,3.0,0.6085269625075507,0.050710580208962554,0.20284232083585021,0.050710580208962554,0.05071058020896257,1.0000000000000002,0.05288102635386433,0.6221953945452323,0.5650417764938167,0.37429797834737805,1.5615351493864271
2021SLU,output_2021_06_10_SLU_S5,output_2021_06_10_SLU_S5__botB2_2021_06_10_12_35_06,3,2021SLU/output_2021_06_10_SLU_S5/botB2_2021_06_10_12_35_06_chunk3.json,22.0,0.35,lsa,231.0,1.0,0.3362676806464276,0.015284894574837617,0.3362676806464276,0.015284894574837617,0.015284894574837617,0.0,0.05604461344107126,0.19724132318272786,0.12315373822786274,0.18437473385079212,0.5047697952613828
2021SLU,output_2021_06_10_SLU_S5,output_2021_06_10_SLU_S5__botB2_2021_06_10_12_35_06,4,2021SLU/output_2021_06_10_SLU_S5/botB2_2021_06_10_12_35_06_chunk4.json,15.0,0.35,lsa,105.0,3.0,0.13775779450302728,0.009183852966868486,0.04591926483434242,0.009183852966868486,0.009183852966868486,1.0,0.005927489806050679,0.15683777499496274,0.14794095310466743,0.09060786018149784,0.395386588281128
2021SLU,output_2021_06_10_SLU_S5,output_2021_06_10_SLU_S5__botB2_2021_06_10_12_35_06,5,2021SLU/output_2021_06_10_SLU_S5/botB2_2021_06_10_12_35_06_chunk5.json,17.0,0.35,lsa,136.0,2.0,0.7382757574910792,0.043427985734769366,0.3691378787455396,0.043427985734769366,0.043427985734769366,1.0,-0.09810802393858543,0.283067384481975,0.8244786620036848,0.3895994802865022,1.497145526772162
2021SLU,output_2021_06_10_SLU_S5,output_2021_06_10_SLU_S5__botB2_2021_06_10_12_35_06,6,2021SLU/output_2021_06_10_SLU_S5/botB2_2021_06_10_12_35_06_chunk6.json,13.0,0.35,lsa,78.0,1.0,0.21330987795231834,0.016408452150178335,0.21330987795231834,0.016408452150178335,0.016408452150178335,0.0,0.0,0.16174491544948458,0.25436687314841183,0.1380119649875419,0.5541237535854383
2021SLU,output_2021_06_10_SLU_S5,output_2021_06_10_SLU_S5__botB2_2021_06_10_12_35_06,8,2021SLU/output_2021_06_10_SLU_S5/botB2_2021_06_10_12_35_06_chunk8.json,19.0,0.35,lsa,171.0,2.0,0.08210705315237375,0.0043214238501249344,0.041053526576186876,0.0043214238501249344,0.0043214238501249344,1.0,0.011729579021767678,0.12027488121074845,0.051916061855311224,0.04503627004111677,0.21722721310717644
2021SLU,output_2021_06_10_SLU_S6,output_2021_06_10_SLU_S6__Zoom_Meeting_Room_6_2021_06_10_12_35_01,1,2021SLU/output_2021_06_10_SLU_S6/Zoom_Meeting_Room_6_2021_06_10_12_35_01_chunk1.json,35.0,0.35,lsa,595.0,9.0,1.971007528752042,0.05631450082148692,0.21900083652800467,0.056314500821486924,0.05631450082148692,0.5385780880574494,0.033689043236765095,0.6982930663711935,1.1711131691497785,0.6956554216240938,2.5650616571450655
2021SLU,output_2021_06_10_SLU_S6,output_2021_06_10_SLU_S6__Zoom_Meeting_Room_6_2021_06_10_12_35_01,2,2021SLU/output_2021_06_10_SLU_S6/Zoom_Meeting_Room_6_2021_06_10_12_35_01_chunk2.json,12.0,0.35,lsa,66.0,2.0,0.29234162868791885,0.024361802390659906,0.14617081434395943,0.024361802390659906,0.024361802390659906,1.0,0.0,0.2534451963125593,0.3231358403382775,0.17692133858398162,0.7535023752348184
2021SLU,output_2021_06_10_SLU_S6,output_2021_06_10_SLU_S6__Zoom_Meeting_Room_6_2021_06_10_12_35_01,3,2021SLU/output_2021_06_10_SLU_S6/Zoom_Meeting_Room_6_2021_06_10_12_35_01_chunk3.json,18.0,0.35,lsa,153.0,2.0,0.8208888261831067,0.04560493478795037,0.41044441309155333,0.04560493478795037,0.04560493478795037,0.0,0.08208888261831067,0.33883423603915186,0.29191717205771556,0.9660245952497771,1.5967760033466445
2021SLU,output_2021_06_10_SLU_S6,output_2021_06_10_SLU_S6__Zoom_Meeting_Room_6_2021_06_10_12_35_01,4,2021SLU/output_2021_06_10_SLU_S6/Zoom_Meeting_Room_6_2021_06_10_12_35_01_chunk4.json,20.0,0.35,lsa,190.0,2.0,0.17240137257724664,0.008620068628862332,0.08620068628862332,0.008620068628862332,0.008620068628862332,1.0,-0.01948254691959619,0.09662714492702179,0.23580006686801244,0.08808976464613927,0.4205169764411735
2021SLU,output_2021_06_10_SLU_S6,output_2021_06_10_SLU_S6__Zoom_Meeting_Room_6_2021_06_10_12_35_01,5,2021SLU/output_2021_06_10_SLU_S6/Zoom_Meeting_Room_6_2021_06_10_12_35_01_chunk5.json,17.0,0.35,lsa,136.0,4.0,0.5562220184130315,0.03271894225959009,0.13905550460325788,0.03271894225959009,0.03271894225959009,0.5084173784275428,0.11124440368260631,0.5909982293276541,0.24105353930286916,0.37726667413060144,1.2093184427611248
2021SLU,output_2021_06_10_SLU_S6,output_2021_06_10_SLU_S6__Zoom_Meeting_Room_6_2021_06_10_12_35_01,6,2021SLU/output_2021_06_10_SLU_S6/Zoom_Meeting_Room_6_2021_06_10_12_35_01_chunk6.json,30.0,0.35,lsa,435.0,2.0,0.5245667560193731,0.017485558533979102,0.26228337800968654,0.017485558533979102,0.017485558533979102,0.9272116053403938,0.04053203199641047,0.18153817660897792,0.19266235084090666,0.20386603584952265,0.5780665632994072
2021SLU,output_2021_06_10_SLU_S6,output_2021_06_10_SLU_S6__Zoom_Meeting_Room_6_2021_06_10_12_35_01,7,2021SLU/output_2021_06_10_SLU_S6/Zoom_Meeting_Room_6_2021_06_10_12_35_01_chunk7.json,25.0,0.35,lsa,300.0,3.0,0.7438584852883074,0.0297543394115323,0.2479528284294358,0.029754339411532292,0.0297543394115323,0.7451335106094601,0.03362379435391216,0.31051329806290795,0.43494513532931156,0.3687033607135318,1.1141617941057513
2021SLU,output_2021_06_10_SLU_S6,output_2021_06_10_SLU_S6__Zoom_Meeting_Room_6_2021_06_10_12_35_01,8,2021SLU/output_2021_06_10_SLU_S6/Zoom_Meeting_Room_6_2021_06_10_12_35_01_chunk8.json,33.0,0.35,lsa,528.0,4.0,1.2806204669657086,0.03880668081714268,0.32015511674142716,0.03880668081714268,0.03880668081714268,0.9684101146040311,0.08537469779771392,0.3816216168061599,0.4131106503047641,0.354870733320961,1.1496030004318851
2021SLU,output_2021_06_10_SLU_S7,output_2021_06_10_SLU_S7__Zoom_Meeting_6_10_2021_12_35_12_PM,1,2021SLU/output_2021_06_10_SLU_S7/Zoom_Meeting_6_10_2021_12_35_12_PM_chunk1.json,36.0,0.35,lsa,630.0,17.0,4.01775101143209,0.11160419476200249,0.23633829479012292,0.11160419476200249,0.11160419476200249,0.7544163479752053,-0.06871095317495175,1.8460695847012878,2.0544863120357033,0.826381826365807,4.7269377231027985
2021SLU,output_2021_06_10_SLU_S7,output_2021_06_10_SLU_S7__Zoom_Meeting_6_10_2021_12_35_12_PM,2,2021SLU/output_2021_06_10_SLU_S7/Zoom_Meeting_6_10_2021_12_35_12_PM_chunk2.json,9.0,0.35,lsa,36.0,2.0,0.6166700743955166,0.06851889715505739,0.3083350371977583,0.06851889715505739,0.06851889715505739,1.0,0.15416751859887914,0.8760150019808864,0.5502113154436981,0.5321932354336925,1.958419552858277
2021SLU,output_2021_06_10_SLU_S7,output_2021_06_10_SLU_S7__Zoom_Meeting_6_10_2021_12_35_12_PM,3,2021SLU/output_2021_06_10_SLU_S7/Zoom_Meeting_6_10_2021_12_35_12_PM_chunk3.json,13.0,0.35,lsa,78.0,4.0,1.213570864809269,0.09335160498532838,0.3033927162023172,0.09335160498532838,0.09335160498532838,0.5713524715299766,0.17339805060790733,1.112519676307208,0.9978330204168755,0.5967288932238858,2.707081589947969
2021SLU,output_2021_06_10_SLU_S7,output_2021_06_10_SLU_S7__Zoom_Meeting_6_10_2021_12_35_12_PM,4,2021SLU/output_2021_06_10_SLU_S7/Zoom_Meeting_6_10_2021_12_35_12_PM_chunk4.json,16.0,0.35,lsa,120.0,3.0,0.4811727334659967,0.030073295841624794,0.16039091115533224,0.030073295841624794,0.030073295841624798,0.3829058327216223,0.052950221400882305,0.4323334429294176,0.39568981728732455,0.269660665185379,1.0976839254021211
2021SLU,output_2021_06_10_SLU_S7,output_2021_06_10_SLU_S7__Zoom_Meeting_6_10_2021_12_35_12_PM,5,2021SLU/output_2021_06_10_SLU_S7/Zoom_Meeting_6_10_2021_12_35_12_PM_chunk5.json,15.0,0.35,lsa,105.0,2.0,0.2075664091855677,0.01383776061237118,0.10378320459278385,0.01383776061237118,0.01383776061237118,0.058001995719507336,0.002407853195418961,0.18656921862988848,0.1791080840824093,0.11815175888907165,0.48382906160136946
2021SLU,output_2021_06_10_SLU_S7,output_2021_06_10_SLU_S7__Zoom_Meeting_6_10_2021_12_35_12_PM,6,2021SLU/output_2021_06_10_SLU_S7/Zoom_Meeting_6_10_2021_12_35_12_PM_chunk6.json,12.0,0.35,lsa,66.0,5.0,0.9019061570924151,0.07515884642436792,0.180381231418483,0.07515884642436792,0.07515884642436792,0.3767194447880601,0.013462292606433515,0.7616194493630142,1.1844286848414285,0.606578411983973,2.5526265461884154
2021SLU,output_2021_06_10_SLU_S7,output_2021_06_10_SLU_S7__Zoom_Meeting_6_10_2021_12_35_12_PM,7,2021SLU/output_2021_06_10_SLU_S7/Zoom_Meeting_6_10_2021_12_35_12_PM_chunk7.json,16.0,0.35,lsa,120.0,2.0,0.5994572268910834,0.03746607668069271,0.2997286134455417,0.03746607668069271,0.03746607668069271,0.41714094820303593,0.0,0.3531296784149959,0.4017453101324808,0.3270669185509403,1.0819419070984169
2021SLU,output_2021_06_10_SLU_S7,output_2021_06_10_SLU_S7__Zoom_Meeting_6_10_2021_12_35_12_PM,8,2021SLU/output_2021_06_10_SLU_S7/Zoom_Meeting_6_10_2021_12_35_12_PM_chunk8.json,25.0,0.35,lsa,300.0,4.0,0.24091083375807307,0.009636433350322923,0.06022770843951827,0.009636433350322923,0.009636433350322923,0.8538949512312078,-0.0073226125091014945,0.1088454549640667,0.19357130285953209,0.15457952028602212,0.4569962781096209
2021SLU,output_2021_06_11_SLU_S1,output_2021_06_11_SLU_S1__bot1_2021_06_11_10_57_56,1,2021SLU/output_2021_06_11_SLU_S1/bot1_2021_06_11_10_57_56_chunk1.json,33.0,0.35,lsa,528.0,2.0,0.7324068447199813,0.0221941468096964,0.36620342235999065,0.0221941468096964,0.0221941468096964,0.5757955124446152,0.05633898805538318,0.8226662847305084,0.19459965217974007,0.18668283152042814,1.2039487684306767
2021SLU,output_2021_06_11_SLU_S1,output_2021_06_11_SLU_S1__bot1_2021_06_11_10_57_56,2,2021SLU/output_2021_06_11_SLU_S1/bot1_2021_06_11_10_57_56_chunk2.json,14.0,0.35,lsa,91.0,5.0,0.6909854838824425,0.04935610599160304,0.1381970967764885,0.04935610599160304,0.049356105991603026,0.8530600657316657,0.06970268010261771,0.6261396395446669,0.5460972936477082,0.4721710207182541,1.6444079539106293
2021SLU,output_2021_06_11_SLU_S1,output_2021_06_11_SLU_S1__bot1_2021_06_11_10_57_56,3,2021SLU/output_2021_06_11_SLU_S1/bot1_2021_06_11_10_57_56_chunk3.json,21.0,0.35,lsa,210.0,6.0,0.9947650942456031,0.04736976639264777,0.16579418237426718,0.04736976639264776,0.04736976639264777,0.4913802175206571,0.06103677410469975,0.7657937921844613,0.6442517324610534,0.4462904388834861,1.8563359635290009
2021SLU,output_2021_06_11_SLU_S1,output_2021_06_11_SLU_S1__bot1_2021_06_11_10_57_56,4,2021SLU/output_2021_06_11_SLU_S1/bot1_2021_06_11_10_57_56_chunk4.json,21.0,0.35,lsa,210.0,4.0,0.5012823699432442,0.023870589044916388,0.12532059248581104,0.023870589044916388,0.023870589044916384,0.060232042856764964,2.3314443222557588e-05,0.17599714288129237,0.40880868631258105,0.2917549492341573,0.8765607784280307
2021SLU,output_2021_06_11_SLU_S1,output_2021_06_11_SLU_S1__bot1_2021_06_11_10_57_56,5,2021SLU/output_2021_06_11_SLU_S1/bot1_2021_06_11_10_57_56_chunk5.json,21.0,0.35,lsa,210.0,3.0,0.6363137085350481,0.030300652787383243,0.2121045695116827,0.030300652787383243,0.030300652787383243,0.8114642728620081,0.07953921356688101,0.3961610551369351,0.2939266932104527,0.4036972204104566,1.0937849687578445
2021SLU,output_2021_06_11_SLU_S1,output_2021_06_11_SLU_S1__bot1_2021_06_11_10_57_56,6,2021SLU/output_2021_06_11_SLU_S1/bot1_2021_06_11_10_57_56_chunk6.json,21.0,0.35,lsa,210.0,3.0,0.6087885738304338,0.028989932087163515,0.2029295246101446,0.028989932087163515,0.028989932087163515,1.0,-0.037184912482359195,0.29798469626075813,0.40446401350590644,0.2822694685119565,0.984718178278621
2021SLU,output_2021_06_11_SLU_S1,output_2021_06_11_SLU_S1__bot1_2021_06_11_10_57_56,7,2021SLU/output_2021_06_11_SLU_S1/bot1_2021_06_11_10_57_56_chunk7.json,30.0,0.35,lsa,435.0,3.0,0.3047363102842132,0.010157877009473773,0.10157877009473774,0.010157877009473773,0.010157877009473773,0.0,0.011120581595269168,0.16272318788244808,0.13335749426703353,0.13328767071542794,0.4293683528649095
2021SLU,output_2021_06_11_SLU_S1,output_2021_06_11_SLU_S1__bot1_2021_06_11_10_57_56,8,2021SLU/output_2021_06_11_SLU_S1/bot1_2021_06_11_10_57_56_chunk8.json,47.0,0.35,lsa,1081.0,33.0,7.0062344838917525,0.1490688188062075,0.21231013587550765,0.1490688188062075,0.1490688188062075,0.670627312047443,0.15067052260214647,1.9963972712012328,2.1927693339097805,1.60178785479976,5.790954459910773
2021SLU,output_2021_06_11_SLU_S10,output_2021_06_11_SLU_S10__bot3p2_Room_3_Zoom_Meeting_2021_06_11_13_03_36,1,2021SLU/output_2021_06_11_SLU_S10/bot3p2_Room_3_Zoom_Meeting_2021_06_11_13_03_36_chunk1.json,21.0,0.35,lsa,210.0,3.0,0.6648492913332374,0.0316594900634875,0.22161643044441248,0.03165949006348749,0.0316594900634875,0.9999999999999998,-0.01766228616896626,0.371027573612185,0.4296036058146344,0.2811194679296744,1.081750647356494
2021SLU,output_2021_06_11_SLU_S10,output_2021_06_11_SLU_S10__bot3p2_Room_3_Zoom_Meeting_2021_06_11_13_03_36,2,2021SLU/output_2021_06_11_SLU_S10/bot3p2_Room_3_Zoom_Meeting_2021_06_11_13_03_36_chunk2.json,25.0,0.35,lsa,300.0,1.0,1.0,0.04,1.0,0.04,0.04,1.0,0.0625,0.41381685030363374,0.39124356362925566,0.24988229283318544,1.0549427067660748
2021SLU,output_2021_06_11_SLU_S10,output_2021_06_11_SLU_S10__bot3p2_Room_3_Zoom_Meeting_2021_06_11_13_03_36,3,2021SLU/output_2021_06_11_SLU_S10/bot3p2_Room_3_Zoom_Meeting_2021_06_11_13_03_36_chunk3.json,30.0,0.35,lsa,435.0,3.0,0.6042570188989074,0.02014190062996358,0.2014190062996358,0.02014190062996358,0.02014190062996358,0.9014273171968682,-0.0641515862851909,0.16011157013725355,0.5972363703161447,0.21485938410683741,0.9722073245602356
2021SLU,output_2021_06_11_SLU_S10,output_2021_06_11_SLU_S10__bot3p2_Room_3_Zoom_Meeting_2021_06_11_13_03_36,4,2021SLU/output_2021_06_11_SLU_S10/bot3p2_Room_3_Zoom_Meeting_2021_06_11_13_03_36_chunk4.json,18.0,0.35,lsa,153.0,3.0,0.45547440286778856,0.02530413349265492,0.1518248009559295,0.02530413349265492,0.02530413349265492,0.9311374016311122,0.09109488057355772,0.417072485428443,0.226799984407358,0.24143938516339725,0.8853118549991982
2021SLU,output_2021_06_11_SLU_S10,output_2021_06_11_SLU_S10__bot3p2_Room_3_Zoom_Meeting_2021_06_11_13_03_36,5,2021SLU/output_2021_06_11_SLU_S10/bot3p2_Room_3_Zoom_Meeting_2021_06_11_13_03_36_chunk5.json,20.0,0.35,lsa,190.0,1.0,0.10860407132244343,0.0054302035661221715,0.10860407132244343,0.0054302035661221715,0.0054302035661221715,1.0,0.0,0.06967320063577584,0.11545621135009662,0.05081150857057916,0.2359409205564516
2021SLU,output_2021_06_11_SLU_S10,output_2021_06_11_SLU_S10__bot3p2_Room_3_Zoom_Meeting_2021_06_11_13_03_36,6,2021SLU/output_2021_06_11_SLU_S10/bot3p2_Room_3_Zoom_Meeting_2021_06_11_13_03_36_chunk6.json,36.0,0.35,lsa,630.0,3.0,0.7342268036451821,0.020395188990143948,0.24474226788172737,0.02039518899014395,0.02039518899014395,0.2905435868598055,0.043189811979128356,0.23867654430348095,0.2447515030015728,0.23200715805926853,0.7154352053643223
2021SLU,output_2021_06_11_SLU_S10,output_2021_06_11_SLU_S10__bot3p2_Room_3_Zoom_Meeting_2021_06_11_13_03_36,7,2021SLU/output_2021_06_11_SLU_S10/bot3p2_Room_3_Zoom_Meeting_2021_06_11_13_03_36_chunk7.json,39.0,0.35,lsa,741.0,12.0,1.5509354286269188,0.03976757509299792,0.12924461905224324,0.03976757509299792,0.03976757509299792,0.9932009019128816,0.09636447899348578,0.9225726723913455,0.43475567255623115,0.4174094397080236,1.7747377846556
2021SLU,output_2021_06_11_SLU_S10,output_2021_06_11_SLU_S10__bot3p2_Room_3_Zoom_Meeting_2021_06_11_13_03_36,8,2021SLU/output_2021_06_11_SLU_S10/bot3p2_Room_3_Zoom_Meeting_2021_06_11_13_03_36_chunk8.json,16.0,0.35,lsa,120.0,3.0,0.6695763120890199,0.041848519505563744,0.2231921040296733,0.04184851950556374,0.041848519505563744,0.43735515883785575,0.09565375886985998,0.62047758294136,0.3664059529793038,0.4712471935609365,1.4581307294816002
2021SLU,output_2021_06_11_SLU_S11,output_2021_06_11_SLU_S11__bot4_2021_06_11_13_02_17,1,2021SLU/output_2021_06_11_SLU_S11/bot4_2021_06_11_13_02_17_chunk1.json,39.0,0.35,lsa,741.0,23.0,5.168871604285322,0.1325351693406493,0.22473354801240533,0.1325351693406493,0.1325351693406493,0.05710615808545868,0.2812300679313305,1.910471062908054,1.429101657788435,1.28365192551931,4.623224646215799
2021SLU,output_2021_06_11_SLU_S11,output_2021_06_11_SLU_S11__bot4_2021_06_11_13_02_17,2,2021SLU/output_2021_06_11_SLU_S11/bot4_2021_06_11_13_02_17_chunk2.json,21.0,0.35,lsa,210.0,3.0,1.0540957197552294,0.050195034274058546,0.3513652399184098,0.050195034274058546,0.050195034274058546,0.1379812787560093,0.11358128055152085,0.3731541292118491,0.49440477996310617,0.48558244329567823,1.3531413524706335
2021SLU,output_2021_06_11_SLU_S11,output_2021_06_11_SLU_S11__bot4_2021_06_11_13_02_17,3,2021SLU/output_2021_06_11_SLU_S11/bot4_2021_06_11_13_02_17_chunk3.json,20.0,0.35,lsa,190.0,5.0,0.7501427038567299,0.037507135192836494,0.15002854077134598,0.0375071351928365,0.0375071351928365,0.6301699756019197,0.05202268010635451,0.39209375945762914,0.4151362967937236,0.5066906156995977,1.3139206719509504
2021SLU,output_2021_06_11_SLU_S11,output_2021_06_11_SLU_S11__bot4_2021_06_11_13_02_17,4,2021SLU/output_2021_06_11_SLU_S11/bot4_2021_06_11_13_02_17_chunk4.json,18.0,0.35,lsa,153.0,2.0,0.13218418075973595,0.007343565597763109,0.06609209037986798,0.007343565597763109,0.007343565597763109,0.2036447833291975,0.0,0.08190491445800806,0.15404285593784678,0.07822799647126578,0.3141757668671206
2021SLU,output_2021_06_11_SLU_S11,output_2021_06_11_SLU_S11__bot4_2021_06_11_13_02_17,5,2021SLU/output_2021_06_11_SLU_S11/bot4_2021_06_11_13_02_17_chunk5.json,23.0,0.35,lsa,253.0,3.0,0.39841776593987166,0.017322511562603116,0.13280592197995722,0.017322511562603116,0.017322511562603116,1.0,0.028458411852847976,0.2444491478211224,0.2316391891575442,0.17336335299433753,0.6494516899730041
2021SLU,output_2021_06_11_SLU_S11,output_2021_06_11_SLU_S11__bot4_2021_06_11_13_02_17,6,2021SLU/output_2021_06_11_SLU_S11/bot4_2021_06_11_13_02_17_chunk6.json,16.0,0.35,lsa,120.0,2.0,0.5966511453907511,0.03729069658692195,0.2983255726953756,0.03729069658692195,0.03729069658692195,1.0,0.07978920959793648,0.43033625590130276,0.31514773440033134,0.3076540915810566,1.0531380818826908
2021SLU,output_2021_06_11_SLU_S11,output_2021_06_11_SLU_S11__bot4_2021_06_11_13_02_17,7,2021SLU/output_2021_06_11_SLU_S11/bot4_2021_06_11_13_02_17_chunk7.json,33.0,0.35,lsa,528.0,8.0,1.4146161777185993,0.04286715690056361,0.1768270222148249,0.04286715690056361,0.04286715690056362,0.9705498567176124,0.0596749957442101,0.6229779470258361,0.5067007288521104,0.4233115557240509,1.5529902316019975
2021SLU,output_2021_06_11_SLU_S11,output_2021_06_11_SLU_S11__bot4_2021_06_11_13_02_17,8,2021SLU/output_2021_06_11_SLU_S11/bot4_2021_06_11_13_02_17_chunk8.json,22.0,0.35,lsa,231.0,3.0,0.9245603939219332,0.04202547245099696,0.30818679797397774,0.04202547245099696,0.04202547245099696,1.0,0.06604002813728095,0.5631152762779272,0.36067780866672106,0.3450202653190585,1.2688133502637067
2021SLU,output_2021_06_11_SLU_S12,output_2021_06_11_SLU_S12__botB2_2021_06_11_13_01_54,1,2021SLU/output_2021_06_11_SLU_S12/botB2_2021_06_11_13_01_54_chunk1.json,23.0,0.35,lsa,253.0,6.0,1.220124693976042,0.05304889973808878,0.20335411566267367,0.05304889973808878,0.05304889973808878,0.8932209739211218,0.15214817821200846,0.9113969710082974,0.4338331721357599,1.0399517364347415,2.385181879578799
2021SLU,output_2021_06_11_SLU_S12,output_2021_06_11_SLU_S12__botB2_2021_06_11_13_01_54,2,2021SLU/output_2021_06_11_SLU_S12/botB2_2021_06_11_13_01_54_chunk2.json,33.0,0.35,lsa,528.0,6.0,1.5858318044830435,0.04805550922675889,0.2643053007471739,0.04805550922675889,0.04805550922675889,0.9502480877759242,0.026011635975810986,1.2459327337637238,0.6641100750755891,0.33163347788554576,2.2416762867248585
2021SLU,output_2021_06_11_SLU_S12,output_2021_06_11_SLU_S12__botB2_2021_06_11_13_01_54,3,2021SLU/output_2021_06_11_SLU_S12/botB2_2021_06_11_13_01_54_chunk3.json,15.0,0.35,lsa,105.0,2.0,0.10601684271543782,0.007067789514362521,0.05300842135771891,0.007067789514362521,0.007067789514362521,1.0,0.026504210678859455,0.07720045813344498,0.07596362688867082,0.2113241727711629,0.3644882577932787
2021SLU,output_2021_06_11_SLU_S12,output_2021_06_11_SLU_S12__botB2_2021_06_11_13_01_54,4,2021SLU/output_2021_06_11_SLU_S12/botB2_2021_06_11_13_01_54_chunk4.json,29.0,0.35,lsa,406.0,2.0,0.18871408483258445,0.006507382235606361,0.09435704241629222,0.006507382235606361,0.006507382235606361,1.0,0.052584041547839945,0.08300349968920762,0.07095263797078508,0.18789520678584198,0.34185134444583465
2021SLU,output_2021_06_11_SLU_S12,output_2021_06_11_SLU_S12__botB2_2021_06_11_13_01_54,5,2021SLU/output_2021_06_11_SLU_S12/botB2_2021_06_11_13_01_54_chunk5.json,25.0,0.35,lsa,300.0,8.0,1.1157631980433418,0.04463052792173367,0.13947039975541772,0.044630527921733665,0.04463052792173367,0.602713525030995,-0.037876213913743594,0.48422831854095244,1.2097604143258278,0.4215677749655975,2.1155565078323777
2021SLU,output_2021_06_11_SLU_S12,output_2021_06_11_SLU_S12__botB2_2021_06_11_13_01_54,6,2021SLU/output_2021_06_11_SLU_S12/botB2_2021_06_11_13_01_54_chunk6.json,22.0,0.35,lsa,231.0,5.0,1.2904145445125015,0.05865520656875007,0.2580829089025003,0.05865520656875007,0.05865520656875007,0.7945329807000872,0.15898177984496514,1.0466932019849209,0.4619577977672743,0.3957679781699947,1.9044189779221898
2021SLU,output_2021_06_11_SLU_S12,output_2021_06_11_SLU_S12__botB2_2021_06_11_13_01_54,7,2021SLU/output_2021_06_11_SLU_S12/botB2_2021_06_11_13_01_54_chunk7.json,22.0,0.35,lsa,231.0,3.0,0.7085578291943397,0.03220717405428817,0.2361859430647799,0.03220717405428817,0.03220717405428817,0.591928281630149,0.07872864768825998,1.0685925679929744,0.2543758889219026,0.33987657460141574,1.6628450315162926
2021SLU,output_2021_06_11_SLU_S12,output_2021_06_11_SLU_S12__botB2_2021_06_11_13_01_54,8,2021SLU/output_2021_06_11_SLU_S12/botB2_2021_06_11_13_01_54_chunk8.json,22.0,0.35,lsa,231.0,2.0,0.4471448672543825,0.020324766693381024,0.22357243362719126,0.020324766693381024,0.020324766693381024,0.6896527451291731,0.028034062288400417,0.3074519291506322,0.26755502512605933,0.17564443602243676,0.7506513902991283
2021SLU,output_2021_06_11_SLU_S13,output_2021_06_11_SLU_S13__Zoom_Meeting_6_11_2021_1_02_20_PM,1,2021SLU/output_2021_06_11_SLU_S13/Zoom_Meeting_6_11_2021_1_02_20_PM_chunk1.json,43.0,0.35,lsa,903.0,17.0,1.6688668677716452,0.03881085739003826,0.098168639280685,0.03881085739003826,0.03881085739003826,0.4694890642641426,0.016125508790911236,0.5298001111638106,0.6507126401113701,0.4839062475923612,1.664418998867542
2021SLU,output_2021_06_11_SLU_S13,output_2021_06_11_SLU_S13__Zoom_Meeting_6_11_2021_1_02_20_PM,2,2021SLU/output_2021_06_11_SLU_S13/Zoom_Meeting_6_11_2021_1_02_20_PM_chunk2.json,21.0,0.35,lsa,210.0,3.0,0.24315966772983028,0.011579031796658585,0.08105322257661009,0.011579031796658585,0.011579031796658585,0.7797274318289323,0.0,0.14143384679665028,0.21269230139780823,0.14894193622457136,0.5030680844190298
2021SLU,output_2021_06_11_SLU_S13,output_2021_06_11_SLU_S13__Zoom_Meeting_6_11_2021_1_02_20_PM,3,2021SLU/output_2021_06_11_SLU_S13/Zoom_Meeting_6_11_2021_1_02_20_PM_chunk3.json,27.0,0.35,lsa,351.0,3.0,0.49608538225372917,0.018373532676064043,0.16536179408457638,0.01837353267606404,0.01837353267606404,0.9999999999999999,0.0,0.23145472975981612,0.26604581955751955,0.1598093748459494,0.657309924163285
2021SLU,output_2021_06_11_SLU_S13,output_2021_06_11_SLU_S13__Zoom_Meeting_6_11_2021_1_02_20_PM,4,2021SLU/output_2021_06_11_SLU_S13/Zoom_Meeting_6_11_2021_1_02_20_PM_chunk4.json,19.0,0.35,lsa,171.0,3.0,0.2090659844501314,0.011003472865796388,0.06968866148337713,0.011003472865796388,0.011003472865796388,0.7310206324731886,-0.002163420590663087,0.1309454001259182,0.24178243849788572,0.12599261730164257,0.4987204559254465
2021SLU,output_2021_06_11_SLU_S13,output_2021_06_11_SLU_S13__Zoom_Meeting_6_11_2021_1_02_20_PM,5,2021SLU/output_2021_06_11_SLU_S13/Zoom_Meeting_6_11_2021_1_02_20_PM_chunk5.json,14.0,0.35,lsa,91.0,3.0,0.2966428878732741,0.021188777705233863,0.0988809626244247,0.021188777705233863,0.021188777705233863,0.575207496380783,-0.018001667860074684,0.32769506318001473,0.30918054201226497,0.18496125881985823,0.821836864012138
2021SLU,output_2021_06_11_SLU_S13,output_2021_06_11_SLU_S13__Zoom_Meeting_6_11_2021_1_02_20_PM,6,2021SLU/output_2021_06_11_SLU_S13/Zoom_Meeting_6_11_2021_1_02_20_PM_chunk6.json,17.0,0.35,lsa,136.0,2.0,0.7523867773271921,0.044258045725128946,0.37619338866359603,0.044258045725128946,0.044258045725128946,0.287461574052158,0.15047735546543842,0.3848984825072982,0.31895470544078663,0.5847864756755207,1.2886396636236055
2021SLU,output_2021_06_11_SLU_S13,output_2021_06_11_SLU_S13__Zoom_Meeting_6_11_2021_1_02_20_PM,7,2021SLU/output_2021_06_11_SLU_S13/Zoom_Meeting_6_11_2021_1_02_20_PM_chunk7.json,32.0,0.35,lsa,496.0,3.0,1.390319322659948,0.043447478833123374,0.46343977421998267,0.043447478833123374,0.043447478833123374,0.0,-0.09261715663656615,0.3520851076073857,1.1120442190154092,0.33287248780145545,1.7970018144242503
2021SLU,output_2021_06_11_SLU_S13,output_2021_06_11_SLU_S13__Zoom_Meeting_6_11_2021_1_02_20_PM,8,2021SLU/output_2021_06_11_SLU_S13/Zoom_Meeting_6_11_2021_1_02_20_PM_chunk8.json,22.0,0.35,lsa,231.0,2.0,0.4444876365752687,0.02020398348069403,0.22224381828763434,0.02020398348069403,0.02020398348069403,0.8678888133090499,0.027554703388418155,0.3426932518099565,0.24235128033346132,0.16111464750204077,0.7461591796454586
2021SLU,output_2021_06_11_SLU_S2,output_2021_06_11_SLU_S2__bot2p2_Zoom_Meeting_Room_2_2021_06_11_10_59_37,1,2021SLU/output_2021_06_11_SLU_S2/bot2p2_Zoom_Meeting_Room_2_2021_06_11_10_59_37_chunk1.json,26.0,0.35,lsa,325.0,7.0,1.652752913754679,0.06356741975979535,0.23610755910781128,0.06356741975979535,0.06356741975979535,0.1186444882365028,-0.07991134264791434,0.5646951772601226,1.2924467297101168,0.5651507468662883,2.4222926538365277
2021SLU,output_2021_06_11_SLU_S2,output_2021_06_11_SLU_S2__bot2p2_Zoom_Meeting_Room_2_2021_06_11_10_59_37,2,2021SLU/output_2021_06_11_SLU_S2/bot2p2_Zoom_Meeting_Room_2_2021_06_11_10_59_37_chunk2.json,13.0,0.35,lsa,78.0,0.0,0.0,0.0,0.0,0.0,0.0,0.0,0.0,0.0,0.0,0.0,0.0
2021SLU,output_2021_06_11_SLU_S2,output_2021_06_11_SLU_S2__bot2p2_Zoom_Meeting_Room_2_2021_06_11_10_59_37,3,2021SLU/output_2021_06_11_SLU_S2/bot2p2_Zoom_Meeting_Room_2_2021_06_11_10_59_37_chunk3.json,8.0,0.35,lsa,28.0,2.0,0.3587155646434442,0.04483944558043052,0.1793577823217221,0.04483944558043052,0.04483944558043052,1.0,-0.11854915832299877,0.29372571785434537,0.9430190405586667,0.2983564859113296,1.5351012443243417
2021SLU,output_2021_06_11_SLU_S2,output_2021_06_11_SLU_S2__bot2p2_Zoom_Meeting_Room_2_2021_06_11_10_59_37,4,2021SLU/output_2021_06_11_SLU_S2/bot2p2_Zoom_Meeting_Room_2_2021_06_11_10_59_37_chunk4.json,17.0,0.35,lsa,136.0,3.0,0.31136457186884525,0.018315563051108544,0.10378819062294842,0.01831556305110854,0.018315563051108544,1.0,0.0,0.20478221117325812,0.1858234000076187,0.2780477669698112,0.668653378150688
2021SLU,output_2021_06_11_SLU_S2,output_2021_06_11_SLU_S2__bot2p2_Zoom_Meeting_Room_2_2021_06_11_10_59_37,5,2021SLU/output_2021_06_11_SLU_S2/bot2p2_Zoom_Meeting_Room_2_2021_06_11_10_59_37_chunk5.json,11.0,0.35,lsa,55.0,2.0,0.6927345882471636,0.06297587165883306,0.3463672941235818,0.06297587165883306,0.06297587165883306,0.32034372971034414,0.07397106056615198,0.5830979019021332,0.5503393257461165,0.6530751826898317,1.7865124103380814
2021SLU,output_2021_06_11_SLU_S2,output_2021_06_11_SLU_S2__bot2p2_Zoom_Meeting_Room_2_2021_06_11_10_59_37,6,2021SLU/output_2021_06_11_SLU_S2/bot2p2_Zoom_Meeting_Room_2_2021_06_11_10_59_37_chunk6.json,24.0,0.35,lsa,276.0,5.0,0.9956905837309464,0.0414871076554561,0.19913811674618928,0.0414871076554561,0.0414871076554561,0.6972837258174001,0.04572348796990005,0.766362471775948,0.5462273553075403,0.35170815322238647,1.6642979803058748
2021SLU,output_2021_06_11_SLU_S2,output_2021_06_11_SLU_S2__bot2p2_Zoom_Meeting_Room_2_2021_06_11_10_59_37,7,2021SLU/output_2021_06_11_SLU_S2/bot2p2_Zoom_Meeting_Room_2_2021_06_11_10_59_37_chunk7.json,17.0,0.35,lsa,136.0,7.0,1.1801973219356758,0.06942337187856917,0.16859961741938226,0.06942337187856917,0.06942337187856917,1.0,0.07969519316199955,0.8633975315373689,0.8332325984000262,0.6493324917814727,2.3459626217188676
2021SLU,output_2021_06_11_SLU_S2,output_2021_06_11_SLU_S2__bot2p2_Zoom_Meeting_Room_2_2021_06_11_10_59_37,8,2021SLU/output_2021_06_11_SLU_S2/bot2p2_Zoom_Meeting_Room_2_2021_06_11_10_59_37_chunk8.json,36.0,0.35,lsa,630.0,13.0,3.867830440009028,0.10743973444469522,0.2975254184622329,0.10743973444469522,0.10743973444469522,0.649845574522692,0.26062678116664423,1.7633749346046388,1.0298522711090001,1.4722312049657993,4.265458410679438
2021SLU,output_2021_06_11_SLU_S3,output_2021_06_11_SLU_S3__bot3p2_Room_3_Zoom_Meeting_2021_06_11_10_59_57,1,2021SLU/output_2021_06_11_SLU_S3/bot3p2_Room_3_Zoom_Meeting_2021_06_11_10_59_57_chunk1.json,11.0,0.35,lsa,55.0,3.0,0.07287084823515946,0.006624622566832678,0.024290282745053154,0.006624622566832678,0.006624622566832678,1.0,0.018217712058789866,0.12922041315117433,0.07670842935987755,0.09383348787232425,0.29976233038337613
2021SLU,output_2021_06_11_SLU_S3,output_2021_06_11_SLU_S3__bot3p2_Room_3_Zoom_Meeting_2021_06_11_10_59_57,2,2021SLU/output_2021_06_11_SLU_S3/bot3p2_Room_3_Zoom_Meeting_2021_06_11_10_59_57_chunk2.json,14.0,0.35,lsa,91.0,2.0,0.4318549198249234,0.03084677998749453,0.2159274599124617,0.03084677998749453,0.03084677998749453,1.0,-0.047983879980547046,0.2869012852858889,0.6809332119822833,0.21028954087529125,1.1781240381434634
2021SLU,output_2021_06_11_SLU_S3,output_2021_06_11_SLU_S3__bot3p2_Room_3_Zoom_Meeting_2021_06_11_10_59_57,3,2021SLU/output_2021_06_11_SLU_S3/bot3p2_Room_3_Zoom_Meeting_2021_06_11_10_59_57_chunk3.json,9.0,0.35,lsa,36.0,3.0,0.5597305367327885,0.06219228185919872,0.18657684557759616,0.06219228185919871,0.06219228185919872,0.09065399203780115,0.011706594074657888,0.5170900740146626,0.6206732685045896,0.43312068302578743,1.5708840255450396
2021SLU,output_2021_06_11_SLU_S3,output_2021_06_11_SLU_S3__bot3p2_Room_3_Zoom_Meeting_2021_06_11_10_59_57,4,2021SLU/output_2021_06_11_SLU_S3/bot3p2_Room_3_Zoom_Meeting_2021_06_11_10_59_57_chunk4.json,16.0,0.35,lsa,120.0,3.0,0.040431497520728124,0.0025269685950455078,0.013477165840242708,0.0025269685950455078,0.0025269685950455078,1.0,-0.001344429457009103,0.04034802819925404,0.06481866690317226,0.03485034687583208,0.14001704197825837
2021SLU,output_2021_06_11_SLU_S3,output_2021_06_11_SLU_S3__bot3p2_Room_3_Zoom_Meeting_2021_06_11_10_59_57,5,2021SLU/output_2021_06_11_SLU_S3/bot3p2_Room_3_Zoom_Meeting_2021_06_11_10_59_57_chunk5.json,11.0,0.35,lsa,55.0,2.0,0.18214264929036061,0.016558422662760055,0.09107132464518031,0.016558422662760055,0.016558422662760055,1.0,0.0,0.16954585198840944,0.1740236302518772,0.26491865743847837,0.6084881396787649
2021SLU,output_2021_06_11_SLU_S3,output_2021_06_11_SLU_S3__bot3p2_Room_3_Zoom_Meeting_2021_06_11_10_59_57,6,2021SLU/output_2021_06_11_SLU_S3/bot3p2_Room_3_Zoom_Meeting_2021_06_11_10_59_57_chunk6.json,21.0,0.35,lsa,210.0,0.0,0.0,0.0,0.0,0.0,0.0,0.0,0.0,0.0,0.0,0.0,0.0
2021SLU,output_2021_06_11_SLU_S3,output_2021_06_11_SLU_S3__bot3p2_Room_3_Zoom_Meeting_2021_06_11_10_59_57,7,2021SLU/output_2021_06_11_SLU_S3/bot3p2_Room_3_Zoom_Meeting_2021_06_11_10_59_57_chunk7.json,9.0,0.35,lsa,36.0,3.0,0.828482140305471,0.09205357114505233,0.27616071343515697,0.09205357114505233,0.09205357114505235,1.0000000000000002,0.276160713435157,1.634583267552316,0.6076071132408978,0.5279040958530489,2.7700944766462627
2021SLU,output_2021_06_11_SLU_S3,output_2021_06_11_SLU_S3__bot3p2_Room_3_Zoom_Meeting_2021_06_11_10_59_57,8,2021SLU/output_2021_06_11_SLU_S3/bot3p2_Room_3_Zoom_Meeting_2021_06_11_10_59_57_chunk8.json,16.0,0.35,lsa,120.0,3.0,0.8515183150805494,0.05321989469253434,0.28383943836018316,0.05321989469253434,0.05321989469253434,1.0,0.07741075591641358,0.6168831314246789,0.44431285076707544,0.4241584769756084,1.4853544591673626
2021SLU,output_2021_06_11_SLU_S4,output_2021_06_11_SLU_S4__bot4_2021_06_11_10_58_21,1,2021SLU/output_2021_06_11_SLU_S4/bot4_2021_06_11_10_58_21_chunk1.json,30.0,0.35,lsa,435.0,4.0,0.19136497736750327,0.006378832578916776,0.04784124434187582,0.006378832578916776,0.006378832578916777,1.0,-0.011099851809806981,0.09813305239898655,0.2612143568335058,0.0684642285645453,0.4278116377970377
2021SLU,output_2021_06_11_SLU_S4,output_2021_06_11_SLU_S4__bot4_2021_06_11_10_58_21,2,2021SLU/output_2021_06_11_SLU_S4/bot4_2021_06_11_10_58_21_chunk2.json,20.0,0.35,lsa,190.0,4.0,0.36949650381613464,0.018474825190806732,0.09237412595403366,0.018474825190806732,0.018474825190806732,0.2758404954976465,0.0,0.2748998548231805,0.2668084769870688,0.21839726205297916,0.7601055938632285
2021SLU,output_2021_06_11_SLU_S4,output_2021_06_11_SLU_S4__bot4_2021_06_11_10_58_21,3,2021SLU/output_2021_06_11_SLU_S4/bot4_2021_06_11_10_58_21_chunk3.json,17.0,0.35,lsa,136.0,2.0,0.9307863966474831,0.05475214097926371,0.46539319832374154,0.05475214097926371,0.05475214097926371,0.5005129572634934,0.13296948523535473,1.1413452674568627,0.3526663015846191,0.38929810290302735,1.8833096719445093
2021SLU,output_2021_06_11_SLU_S4,output_2021_06_11_SLU_S4__bot4_2021_06_11_10_58_21,4,2021SLU/output_2021_06_11_SLU_S4/bot4_2021_06_11_10_58_21_chunk4.json,20.0,0.35,lsa,190.0,5.0,0.7316110595776465,0.036580552978882325,0.1463222119155293,0.036580552978882325,0.036580552978882325,1.0,-0.03731534129480473,0.4128254255868444,0.5141661235480154,0.38266761161033047,1.3096591607451902
2021SLU,output_2021_06_11_SLU_S4,output_2021_06_11_SLU_S4__bot4_2021_06_11_10_58_21,5,2021SLU/output_2021_06_11_SLU_S4/bot4_2021_06_11_10_58_21_chunk5.json,13.0,0.35,lsa,78.0,2.0,0.5508707583720985,0.04237467372093066,0.27543537918604927,0.04237467372093066,0.04237467372093066,1.0,0.0786958226245855,0.39966853228687804,0.3616505808074245,0.37831991876134413,1.1396390318556466
2021SLU,output_2021_06_11_SLU_S4,output_2021_06_11_SLU_S4__bot4_2021_06_11_10_58_21,6,2021SLU/output_2021_06_11_SLU_S4/bot4_2021_06_11_10_58_21_chunk6.json,16.0,0.35,lsa,120.0,1.0,0.6827153536399362,0.04266970960249601,0.6827153536399362,0.04266970960249601,0.04266970960249601,1.0,0.1137858922733227,0.4611190728686597,0.2670276392471125,0.38741106594197583,1.115557778057748
2021SLU,output_2021_06_11_SLU_S4,output_2021_06_11_SLU_S4__bot4_2021_06_11_10_58_21,7,2021SLU/output_2021_06_11_SLU_S4/bot4_2021_06_11_10_58_21_chunk7.json,19.0,0.35,lsa,171.0,2.0,0.7486223457949703,0.03940117609447212,0.37431117289748517,0.03940117609447212,0.03940117609447212,0.0,0.06843880022699639,0.40816208590804115,0.3349421739415976,0.3514000628624486,1.0945043227120874
2021SLU,output_2021_06_11_SLU_S4,output_2021_06_11_SLU_S4__bot4_2021_06_11_10_58_21,8,2021SLU/output_2021_06_11_SLU_S4/bot4_2021_06_11_10_58_21_chunk8.json,39.0,0.35,lsa,741.0,14.0,1.9982178938130826,0.0512363562516175,0.14272984955807733,0.0512363562516175,0.051236356251617494,0.4198267970463455,0.1541877122168329,0.958697614050672,0.5421220933331833,0.965362928689754,2.4661826360736097
2021SLU,output_2021_06_11_SLU_S5,output_2021_06_11_SLU_S5__botB2_2021_06_11_10_58_55,1,2021SLU/output_2021_06_11_SLU_S5/botB2_2021_06_11_10_58_55_chunk1.json,31.0,0.35,lsa,465.0,11.0,1.4495166455572253,0.046758601469587914,0.13177424050520228,0.04675860146958792,0.046758601469587914,0.11339662551834771,-0.016948609021497342,0.6480812354337905,0.8185988137796585,0.5034299894130311,1.9701100386264803
2021SLU,output_2021_06_11_SLU_S5,output_2021_06_11_SLU_S5__botB2_2021_06_11_10_58_55,2,2021SLU/output_2021_06_11_SLU_S5/botB2_2021_06_11_10_58_55_chunk2.json,13.0,0.35,lsa,78.0,2.0,0.16505509860068113,0.01269654604620624,0.08252754930034056,0.01269654604620624,0.01269654604620624,1.0,0.04126377465017028,0.1343758857791105,0.12134242234021775,0.1821812754167162,0.43789958353604447
2021SLU,output_2021_06_11_SLU_S5,output_2021_06_11_SLU_S5__botB2_2021_06_11_10_58_55,3,2021SLU/output_2021_06_11_SLU_S5/botB2_2021_06_11_10_58_55_chunk3.json,9.0,0.35,lsa,36.0,2.0,0.6305460977945346,0.07006067753272607,0.3152730488972673,0.07006067753272607,0.07006067753272607,1.0,0.21018203259817822,1.0641913564462508,0.485280936309022,0.48986602875466767,2.0393383215099403
2021SLU,output_2021_06_11_SLU_S5,output_2021_06_11_SLU_S5__botB2_2021_06_11_10_58_55,4,2021SLU/output_2021_06_11_SLU_S5/botB2_2021_06_11_10_58_55_chunk4.json,25.0,0.35,lsa,300.0,1.0,0.014382320646863383,0.0005752928258745354,0.014382320646863383,0.0005752928258745354,0.0005752928258745354,0.0,0.0015980356274292648,0.00785877110301156,0.00854573329763517,0.021302531536265427,0.03770703593691216
2021SLU,output_2021_06_11_SLU_S5,output_2021_06_11_SLU_S5__botB2_2021_06_11_10_58_55,5,2021SLU/output_2021_06_11_SLU_S5/botB2_2021_06_11_10_58_55_chunk5.json,12.0,0.35,lsa,66.0,2.0,0.20148634956028794,0.016790529130023994,0.10074317478014397,0.016790529130023994,0.016790529130023994,1.0,0.0,0.15464290190839763,0.2798198232078555,0.18107564480377664,0.6155383699200297
2021SLU,output_2021_06_11_SLU_S5,output_2021_06_11_SLU_S5__botB2_2021_06_11_10_58_55,6,2021SLU/output_2021_06_11_SLU_S5/botB2_2021_06_11_10_58_55_chunk6.json,21.0,0.35,lsa,210.0,4.0,0.722469505477684,0.034403309784651614,0.180617376369421,0.034403309784651614,0.034403309784651614,1.0,0.04816463369851227,0.31568095839041993,0.5759836408227773,0.3692290077545789,1.2608936069677763
2021SLU,output_2021_06_11_SLU_S5,output_2021_06_11_SLU_S5__botB2_2021_06_11_10_58_55,7,2021SLU/output_2021_06_11_SLU_S5/botB2_2021_06_11_10_58_55_chunk7.json,17.0,0.35,lsa,136.0,4.0,0.645175752577919,0.03795151485752465,0.16129393814447976,0.03795151485752465,0.03795151485752465,0.4507383169476172,0.09216796465398844,0.4003394732553938,0.3819064494665957,0.46627398019665534,1.248519902918645
2021SLU,output_2021_06_11_SLU_S5,output_2021_06_11_SLU_S5__botB2_2021_06_11_10_58_55,8,2021SLU/output_2021_06_11_SLU_S5/botB2_2021_06_11_10_58_55_chunk8.json,33.0,0.35,lsa,528.0,18.0,1.9003246263355182,0.057585594737439946,0.10557359035197324,0.05758559473743995,0.05758559473743995,0.8659229216496952,0.03214917850392372,0.7732819906867474,1.0966491370665843,0.7269842316440034,2.596915359397335
2021SLU,output_2021_06_11_SLU_S6,output_2021_06_11_SLU_S6__Zoom_Meeting_Room_6_2021_06_11_10_58_05,1,2021SLU/output_2021_06_11_SLU_S6/Zoom_Meeting_Room_6_2021_06_11_10_58_05_chunk1.json,42.0,0.35,lsa,861.0,27.0,4.7132294806218935,0.1122197495386165,0.1745640548378479,0.1122197495386165,0.1122197495386165,0.926959371803914,-0.07709987353169216,1.4219034885022293,2.1743087454163357,1.1636992116528384,4.7599114455714036
2021SLU,output_2021_06_11_SLU_S6,output_2021_06_11_SLU_S6__Zoom_Meeting_Room_6_2021_06_11_10_58_05,2,2021SLU/output_2021_06_11_SLU_S6/Zoom_Meeting_Room_6_2021_06_11_10_58_05_chunk2.json,16.0,0.35,lsa,120.0,2.0,0.0911071652372889,0.005694197827330556,0.04555358261864445,0.005694197827330556,0.005694197827330556,1.0,0.011693281898246975,0.08986287316706376,0.07184314668712588,0.07077435259385544,0.2324803724480451
2021SLU,output_2021_06_11_SLU_S6,output_2021_06_11_SLU_S6__Zoom_Meeting_Room_6_2021_06_11_10_58_05,3,2021SLU/output_2021_06_11_SLU_S6/Zoom_Meeting_Room_6_2021_06_11_10_58_05_chunk3.json,14.0,0.35,lsa,91.0,4.0,0.7802846639750531,0.05573461885536094,0.19507116599376328,0.05573461885536095,0.05573461885536095,1.0000000000000002,0.06905846343609132,0.3637328218965447,0.7036959144288639,0.7450912195256623,1.812519955851071
2021SLU,output_2021_06_11_SLU_S6,output_2021_06_11_SLU_S6__Zoom_Meeting_Room_6_2021_06_11_10_58_05,4,2021SLU/output_2021_06_11_SLU_S6/Zoom_Meeting_Room_6_2021_06_11_10_58_05_chunk4.json,25.0,0.35,lsa,300.0,2.0,0.9811048432100443,0.03924419372840177,0.49055242160502216,0.03924419372840177,0.03924419372840177,1.0,0.09482385996049239,0.292703973749491,0.2733484583529385,0.715734525564832,1.2817869576672614
2021SLU,output_2021_06_11_SLU_S6,output_2021_06_11_SLU_S6__Zoom_Meeting_Room_6_2021_06_11_10_58_05,5,2021SLU/output_2021_06_11_SLU_S6/Zoom_Meeting_Room_6_2021_06_11_10_58_05_chunk5.json,17.0,0.35,lsa,136.0,4.0,0.39541121773379007,0.0232594833961053,0.09885280443344752,0.0232594833961053,0.0232594833961053,0.7943057836140588,0.04942640221672376,0.39500504503508943,0.25351674940693136,0.2110671353202453,0.8595889297622661
2021SLU,output_2021_06_11_SLU_S6,output_2021_06_11_SLU_S6__Zoom_Meeting_Room_6_2021_06_11_10_58_05,6,2021SLU/output_2021_06_11_SLU_S6/Zoom_Meeting_Room_6_2021_06_11_10_58_05_chunk6.json,23.0,0.35,lsa,253.0,3.0,0.8726924914210085,0.03794315180091341,0.29089749714033614,0.03794315180091341,0.03794315180091341,1.0000000000000002,0.07272437428508403,0.5370415869393004,0.4001680170364607,0.2925060552861898,1.229715659261951
2021SLU,output_2021_06_11_SLU_S6,output_2021_06_11_SLU_S6__Zoom_Meeting_Room_6_2021_06_11_10_58_05,7,2021SLU/output_2021_06_11_SLU_S6/Zoom_Meeting_Room_6_2021_06_11_10_58_05_chunk7.json,30.0,0.35,lsa,435.0,2.0,0.30246290769537654,0.010082096923179218,0.15123145384768827,0.010082096923179218,0.010082096923179218,0.825918384398512,-0.02081747300535347,0.125720570488345,0.1839319134250098,0.09784415640722606,0.40749664032058086
2021SLU,output_2021_06_11_SLU_S6,output_2021_06_11_SLU_S6__Zoom_Meeting_Room_6_2021_06_11_10_58_05,8,2021SLU/output_2021_06_11_SLU_S6/Zoom_Meeting_Room_6_2021_06_11_10_58_05_chunk8.json,38.0,0.35,lsa,703.0,12.0,2.3519716584545494,0.06189399101196182,0.19599763820454577,0.06189399101196184,0.06189399101196182,0.7134319143540974,0.10875456744823717,0.8305932486002031,0.7295426353898243,0.691892847301592,2.2520287312916194
2021SLU,output_2021_06_11_SLU_S7,output_2021_06_11_SLU_S7__Zoom_Meeting_6_11_2021_10_58_14_AM,1,2021SLU/output_2021_06_11_SLU_S7/Zoom_Meeting_6_11_2021_10_58_14_AM_chunk1.json,21.0,0.35,lsa,210.0,2.0,0.19318484701940658,0.009199278429495552,0.09659242350970329,0.009199278429495552,0.009199278429495552,1.0,-0.017562258819946053,0.08561090062209833,0.3561830530005413,0.08147154750921391,0.5232655011318535
2021SLU,output_2021_06_11_SLU_S7,output_2021_06_11_SLU_S7__Zoom_Meeting_6_11_2021_10_58_14_AM,2,2021SLU/output_2021_06_11_SLU_S7/Zoom_Meeting_6_11_2021_10_58_14_AM_chunk2.json,12.0,0.35,lsa,66.0,2.0,0.7520894959547688,0.0626741246628974,0.3760447479773844,0.0626741246628974,0.0626741246628974,1.0,-0.0017755310123861614,0.3598178354598574,0.5110277673549631,0.618924901764449,1.4897705045792695
2021SLU,output_2021_06_11_SLU_S7,output_2021_06_11_SLU_S7__Zoom_Meeting_6_11_2021_10_58_14_AM,3,2021SLU/output_2021_06_11_SLU_S7/Zoom_Meeting_6_11_2021_10_58_14_AM_chunk3.json,9.0,0.35,lsa,36.0,3.0,0.550425268690863,0.06115836318787366,0.183475089563621,0.06115836318787366,0.06115836318787366,1.0,-0.0685656454045252,0.45095752834804137,0.9008132348568278,0.5852686761047887,1.937039439309658
2021SLU,output_2021_06_11_SLU_S7,output_2021_06_11_SLU_S7__Zoom_Meeting_6_11_2021_10_58_14_AM,4,2021SLU/output_2021_06_11_SLU_S7/Zoom_Meeting_6_11_2021_10_58_14_AM_chunk4.json,14.0,0.35,lsa,91.0,4.0,0.7677577490707119,0.054839839219336564,0.19193943726767798,0.05483983921933656,0.05483983921933656,0.09661746059044768,-0.10844703726281084,0.33383160640368087,0.8266131441997429,0.419360384183833,1.5798051347872566
2021SLU,output_2021_06_11_SLU_S7,output_2021_06_11_SLU_S7__Zoom_Meeting_6_11_2021_10_58_14_AM,5,2021SLU/output_2021_06_11_SLU_S7/Zoom_Meeting_6_11_2021_10_58_14_AM_chunk5.json,11.0,0.35,lsa,55.0,1.0,0.12478396111370726,0.011343996464882478,0.12478396111370726,0.011343996464882478,0.011343996464882478,1.0,0.024956792222741452,0.1458942030511966,0.10544338550787083,0.1458942030511966,0.397231791610264
2021SLU,output_2021_06_11_SLU_S7,output_2021_06_11_SLU_S7__Zoom_Meeting_6_11_2021_10_58_14_AM,6,2021SLU/output_2021_06_11_SLU_S7/Zoom_Meeting_6_11_2021_10_58_14_AM_chunk6.json,7.0,0.35,lsa,21.0,3.0,0.4852565387241766,0.06932236267488237,0.16175217957472554,0.06932236267488237,0.06932236267488237,0.9404007584631066,0.03452984990855946,0.5905117284899101,0.7057678204980322,0.5149965751606119,1.8112761241485544
2021SLU,output_2021_06_11_SLU_S7,output_2021_06_11_SLU_S7__Zoom_Meeting_6_11_2021_10_58_14_AM,7,2021SLU/output_2021_06_11_SLU_S7/Zoom_Meeting_6_11_2021_10_58_14_AM_chunk7.json,15.0,0.35,lsa,105.0,1.0,0.6170362383966151,0.04113574922644101,0.6170362383966151,0.04113574922644101,0.04113574922644101,0.0,-0.15425905959915379,0.2606692729467947,0.9601083674021827,0.2606692729467947,1.4814469132957722
2021SLU,output_2021_06_11_SLU_S7,output_2021_06_11_SLU_S7__Zoom_Meeting_6_11_2021_10_58_14_AM,8,2021SLU/output_2021_06_11_SLU_S7/Zoom_Meeting_6_11_2021_10_58_14_AM_chunk8.json,28.0,0.35,lsa,378.0,3.0,1.5455225745488803,0.05519723480531715,0.5151741915162934,0.05519723480531715,0.05519723480531715,1.0,0.10332796848887518,1.3624179797247578,0.521366453925105,0.3163962639117968,2.2001806975616596
2021SLU,output_2021_06_11_SLU_S8,output_2021_06_11_SLU_S8__bot1_2021_06_11_13_01_53,1,2021SLU/output_2021_06_11_SLU_S8/bot1_2021_06_11_13_01_53_chunk1.json,35.0,0.35,lsa,595.0,4.0,0.8872912512000761,0.02535117860571646,0.22182281280001903,0.02535117860571646,0.025351178605716465,1.0,0.0044871601415474695,0.19880974444437824,0.3342949613409223,0.3867141588061202,0.9198188645914207
2021SLU,output_2021_06_11_SLU_S8,output_2021_06_11_SLU_S8__bot1_2021_06_11_13_01_53,2,2021SLU/output_2021_06_11_SLU_S8/bot1_2021_06_11_13_01_53_chunk2.json,16.0,0.35,lsa,120.0,1.0,0.8239005566828164,0.05149378479267602,0.8239005566828164,0.05149378479267602,0.05149378479267602,0.0,0.10298756958535205,0.5227134803862665,0.38394917455129635,0.3407068494724169,1.24736950440998
2021SLU,output_2021_06_11_SLU_S8,output_2021_06_11_SLU_S8__bot1_2021_06_11_13_01_53,3,2021SLU/output_2021_06_11_SLU_S8/bot1_2021_06_11_13_01_53_chunk3.json,14.0,0.35,lsa,91.0,2.0,0.5465841928421866,0.03904172806015619,0.2732920964210933,0.03904172806015619,0.03904172806015619,1.0,0.18219473094739555,0.5319268067071531,0.2671783213940577,0.40469962289362993,1.2038047509948409
2021SLU,output_2021_06_11_SLU_S8,output_2021_06_11_SLU_S8__bot1_2021_06_11_13_01_53,4,2021SLU/output_2021_06_11_SLU_S8/bot1_2021_06_11_13_01_53_chunk4.json,17.0,0.35,lsa,136.0,2.0,0.10446524364150422,0.00614501433185319,0.05223262182075211,0.00614501433185319,0.00614501433185319,1.0,0.015058812186960603,0.06757703118063726,0.12511889439195706,0.16310140402182907,0.3557973295944234
2021SLU,output_2021_06_11_SLU_S8,output_2021_06_11_SLU_S8__bot1_2021_06_11_13_01_53,5,2021SLU/output_2021_06_11_SLU_S8/bot1_2021_06_11_13_01_53_chunk5.json,17.0,0.35,lsa,136.0,1.0,0.7768339894553377,0.04569611702678457,0.7768339894553377,0.04569611702678457,0.04569611702678457,1.0,0.0,0.34596563450882056,0.3939634344182146,0.36823785007391113,1.1081669190009462
2021SLU,output_2021_06_11_SLU_S8,output_2021_06_11_SLU_S8__bot1_2021_06_11_13_01_53,6,2021SLU/output_2021_06_11_SLU_S8/bot1_2021_06_11_13_01_53_chunk6.json,22.0,0.35,lsa,231.0,3.0,0.8190548547293993,0.037229766124063604,0.2730182849097998,0.037229766124063604,0.037229766124063604,0.7439667573734512,0.08190548547293994,0.4306948577142503,0.31444676633453017,0.3651138498810956,1.110255473929876
2021SLU,output_2021_06_11_SLU_S8,output_2021_06_11_SLU_S8__bot1_2021_06_11_13_01_53,7,2021SLU/output_2021_06_11_SLU_S8/bot1_2021_06_11_13_01_53_chunk7.json,17.0,0.35,lsa,136.0,1.0,0.24744284779379186,0.014555461634928933,0.24744284779379186,0.014555461634928933,0.014555461634928933,1.0,0.030930355974223982,0.33478739067478264,0.1359822052680761,0.1151585724098012,0.5859281683526599
2021SLU,output_2021_06_11_SLU_S8,output_2021_06_11_SLU_S8__bot1_2021_06_11_13_01_53,8,2021SLU/output_2021_06_11_SLU_S8/bot1_2021_06_11_13_01_53_chunk8.json,34.0,0.35,lsa,561.0,8.0,1.0655135508261218,0.03133863384782711,0.13318919385326522,0.03133863384782711,0.03133863384782711,0.76450458840546,0.03831834869177657,0.6409749329187797,0.36056150131330805,0.4266471173146011,1.428183551546689
2021SLU,output_2021_06_11_SLU_S9,output_2021_06_11_SLU_S9__bot2p2_Zoom_Meeting_Room_2_2021_06_11_13_02_58,1,2021SLU/output_2021_06_11_SLU_S9/bot2p2_Zoom_Meeting_Room_2_2021_06_11_13_02_58_chunk1.json,30.0,0.35,lsa,435.0,6.0,1.5718503753697424,0.05239501251232474,0.26197506256162373,0.05239501251232474,0.05239501251232474,0.9999999999999999,0.08790726492535442,0.39935053681057403,0.5821886624802192,1.2004168918553877,2.181956091146181
2021SLU,output_2021_06_11_SLU_S9,output_2021_06_11_SLU_S9__bot2p2_Zoom_Meeting_Room_2_2021_06_11_13_02_58,2,2021SLU/output_2021_06_11_SLU_S9/bot2p2_Zoom_Meeting_Room_2_2021_06_11_13_02_58_chunk2.json,31.0,0.35,lsa,465.0,4.0,2.93618407569452,0.09471561534498452,0.73404601892363,0.09471561534498452,0.09471561534498452,0.662989945599103,0.026191750004417008,1.3373408492247698,1.4490045079757101,0.5732642095969056,3.3596095667973853
2021SLU,output_2021_06_11_SLU_S9,output_2021_06_11_SLU_S9__bot2p2_Zoom_Meeting_Room_2_2021_06_11_13_02_58,3,2021SLU/output_2021_06_11_SLU_S9/bot2p2_Zoom_Meeting_Room_2_2021_06_11_13_02_58_chunk3.json,18.0,0.35,lsa,153.0,1.0,0.15152123460221775,0.008417846366789876,0.15152123460221775,0.008417846366789876,0.008417846366789876,0.0,0.0,0.09157829609113179,0.1699990915074482,0.07725925948607755,0.33883664708465755
2021SLU,output_2021_06_11_SLU_S9,output_2021_06_11_SLU_S9__bot2p2_Zoom_Meeting_Room_2_2021_06_11_13_02_58,4,2021SLU/output_2021_06_11_SLU_S9/bot2p2_Zoom_Meeting_Room_2_2021_06_11_13_02_58_chunk4.json,28.0,0.35,lsa,378.0,1.0,0.8524396344112475,0.03044427265754455,0.8524396344112475,0.03044427265754455,0.03044427265754455,0.0,0.0,0.3001595837421249,0.34917865894221534,0.20817730572527443,0.8575155484096146
2021SLU,output_2021_06_11_SLU_S9,output_2021_06_11_SLU_S9__bot2p2_Zoom_Meeting_Room_2_2021_06_11_13_02_58,5,2021SLU/output_2021_06_11_SLU_S9/bot2p2_Zoom_Meeting_Room_2_2021_06_11_13_02_58_chunk5.json,26.0,0.35,lsa,325.0,4.0,0.372252291630204,0.014317395831930924,0.093063072907551,0.014317395831930924,0.014317395831930922,0.9281242181551964,0.02140640615995332,0.1711412598390107,0.23561649816592517,0.14834857090609496,0.5551063289110308
2021SLU,output_2021_06_11_SLU_S9,output_2021_06_11_SLU_S9__bot2p2_Zoom_Meeting_Room_2_2021_06_11_13_02_58,6,2021SLU/output_2021_06_11_SLU_S9/bot2p2_Zoom_Meeting_Room_2_2021_06_11_13_02_58_chunk6.json,25.0,0.35,lsa,300.0,5.0,1.1912667260393852,0.04765066904157541,0.23825334520787705,0.04765066904157541,0.04765066904157541,0.8301861765053746,0.08844985575741876,0.6945705904573395,0.4388599267877105,0.32462956785520514,1.4580600851002552
2021SLU,output_2021_06_11_SLU_S9,output_2021_06_11_SLU_S9__bot2p2_Zoom_Meeting_Room_2_2021_06_11_13_02_58,7,2021SLU/output_2021_06_11_SLU_S9/bot2p2_Zoom_Meeting_Room_2_2021_06_11_13_02_58_chunk7.json,25.0,0.35,lsa,300.0,3.0,0.3924926494755859,0.015699705979023437,0.13083088315852862,0.015699705979023437,0.015699705979023437,0.0,0.0631710416635763,0.22433820979211544,0.16141016355978896,0.1781992046226768,0.5639475779745812
2021SLU,output_2021_06_11_SLU_S9,output_2021_06_11_SLU_S9__bot2p2_Zoom_Meeting_Room_2_2021_06_11_13_02_58,8,2021SLU/output_2021_06_11_SLU_S9/bot2p2_Zoom_Meeting_Room_2_2021_06_11_13_02_58_chunk8.json,17.0,0.35,lsa,136.0,3.0,0.8486063327696851,0.04991801957468736,0.28286877758989504,0.04991801957468736,0.04991801957468736,0.9324898094405836,0.10546426760250102,0.8707486328199804,0.359683109232827,0.3728661367028743,1.6032978787556817
2022MND,output_2022_04_07_MND_S1,output_2022_04_07_MND_S1__Bot1_2022_04_07_12_35_40_glitch_2_4min,1,2022MND/output_2022_04_07_MND_S1/Bot1_2022_04_07_12_35_40_glitch_2_4min_chunk1.json,34.0,0.35,lsa,561.0,7.0,1.537579322506306,0.04522292125018547,0.21965418892947228,0.04522292125018547,0.04522292125018547,0.4663141951726634,-0.031078141884403263,0.9044630046712279,0.8277837147087601,0.40988341355459024,2.1421301329345783
2022MND,output_2022_04_07_MND_S1,output_2022_04_07_MND_S1__Bot1_2022_04_07_12_35_40_glitch_2_4min,2,2022MND/output_2022_04_07_MND_S1/Bot1_2022_04_07_12_35_40_glitch_2_4min_chunk2.json,9.0,0.35,lsa,36.0,1.0,0.11691757233951242,0.012990841371056935,0.11691757233951242,0.012990841371056935,0.012990841371056935,1.0,0.05845878616975621,0.3212962491675835,0.11002728872057473,0.12250239606260896,0.5538259339507672
2022MND,output_2022_04_07_MND_S1,output_2022_04_07_MND_S1__Bot1_2022_04_07_12_35_40_glitch_2_4min,3,2022MND/output_2022_04_07_MND_S1/Bot1_2022_04_07_12_35_40_glitch_2_4min_chunk3.json,16.0,0.35,lsa,120.0,3.0,0.8116431332153002,0.050727695825956265,0.2705477110717667,0.050727695825956265,0.050727695825956265,0.733798698543055,0.07815256017714918,0.5176032381986575,0.4953035767397988,0.4261968864159941,1.4391037013544505
2022MND,output_2022_04_07_MND_S1,output_2022_04_07_MND_S1__Bot1_2022_04_07_12_35_40_glitch_2_4min,4,2022MND/output_2022_04_07_MND_S1/Bot1_2022_04_07_12_35_40_glitch_2_4min_chunk4.json,20.0,0.35,lsa,190.0,2.0,0.9671918965142334,0.04835959482571167,0.4835959482571167,0.04835959482571167,0.04835959482571167,0.1837968542898316,0.0732828724016187,0.8046768407027776,0.533362396477419,0.3361988673126661,1.6742381044928627
2022MND,output_2022_04_07_MND_S1,output_2022_04_07_MND_S1__Bot1_2022_04_07_12_35_40_glitch_2_4min,5,2022MND/output_2022_04_07_MND_S1/Bot1_2022_04_07_12_35_40_glitch_2_4min_chunk5.json,16.0,0.35,lsa,120.0,1.0,0.9817949061877446,0.061362181636734035,0.9817949061877446,0.061362181636734035,0.061362181636734035,0.0,0.1963589812375489,0.7145860143994124,0.3664019144326753,0.40854672229284156,1.4895346511249292
2022MND,output_2022_04_07_MND_S1,output_2022_04_07_MND_S1__Bot1_2022_04_07_12_35_40_glitch_2_4min,6,2022MND/output_2022_04_07_MND_S1/Bot1_2022_04_07_12_35_40_glitch_2_4min_chunk6.json,17.0,0.35,lsa,136.0,3.0,0.1728162697616571,0.0101656629271563,0.0576054232538857,0.0101656629271563,0.010165662927156302,0.6862644288095282,-0.014194191440330458,0.11325761389724143,0.2951406225691837,0.1626505538528064,0.5710487903192316
2022MND,output_2022_04_07_MND_S1,output_2022_04_07_MND_S1__Bot1_2022_04_07_12_35_40_glitch_2_4min,7,2022MND/output_2022_04_07_MND_S1/Bot1_2022_04_07_12_35_40_glitch_2_4min_chunk7.json,22.0,0.35,lsa,231.0,3.0,0.24258879107842343,0.01102676323083743,0.08086293035947448,0.01102676323083743,0.01102676323083743,1.0,-0.001857897340199751,0.3177207564230483,0.288234702724722,0.10638031582926988,0.7123357749770401
2022MND,output_2022_04_07_MND_S1,output_2022_04_07_MND_S1__Bot1_2022_04_07_12_35_40_glitch_2_4min,8,2022MND/output_2022_04_07_MND_S1/Bot1_2022_04_07_12_35_40_glitch_2_4min_chunk8.json,14.0,0.35,lsa,91.0,2.0,0.3208691376247883,0.02291922411605631,0.16043456881239415,0.02291922411605631,0.02291922411605631,1.0,0.01567763477027223,0.24963516083466478,0.41112446763192867,0.20716707766714015,0.8679267061337336
2022MND,output_2022_04_07_MND_S2,output_2022_04_07_MND_S2__Bot2_Zoom_Meeting_2022_04_07_12_36_23_controls_issue,1,2022MND/output_2022_04_07_MND_S2/Bot2_Zoom_Meeting_2022_04_07_12_36_23_controls_issue_chunk1.json,35.0,0.35,lsa,595.0,6.0,1.0764802825413642,0.030756579501181835,0.1794133804235607,0.030756579501181835,0.030756579501181835,0.25444323140219055,0.07023728188435381,0.7091981209025469,0.401396714236984,0.26458632136504384,1.3751811565045746
2022MND,output_2022_04_07_MND_S2,output_2022_04_07_MND_S2__Bot2_Zoom_Meeting_2022_04_07_12_36_23_controls_issue,2,2022MND/output_2022_04_07_MND_S2/Bot2_Zoom_Meeting_2022_04_07_12_36_23_controls_issue_chunk2.json,14.0,0.35,lsa,91.0,9.0,1.3196464120340394,0.0942604580024314,0.14662737911489326,0.0942604580024314,0.09426045800243137,0.9906519754678357,0.1592248779871685,0.7279331096786912,1.0488533654590153,2.09529159192146,3.8720780670591664
2022MND,output_2022_04_07_MND_S2,output_2022_04_07_MND_S2__Bot2_Zoom_Meeting_2022_04_07_12_36_23_controls_issue,3,2022MND/output_2022_04_07_MND_S2/Bot2_Zoom_Meeting_2022_04_07_12_36_23_controls_issue_chunk3.json,14.0,0.35,lsa,91.0,1.0,0.2107415897708257,0.015052970697916121,0.2107415897708257,0.015052970697916121,0.015052970697916121,1.0,0.0,0.19492287077105416,0.17570518794998258,0.12752267936272949,0.49815073808376625
2022MND,output_2022_04_07_MND_S2,output_2022_04_07_MND_S2__Bot2_Zoom_Meeting_2022_04_07_12_36_23_controls_issue,4,2022MND/output_2022_04_07_MND_S2/Bot2_Zoom_Meeting_2022_04_07_12_36_23_controls_issue_chunk4.json,26.0,0.35,lsa,325.0,2.0,0.2967819821403769,0.011414691620783726,0.14839099107018844,0.011414691620783726,0.011414691620783726,1.0,-0.030690592476353147,0.10885168250675889,0.32247677682580084,0.10146257090164064,0.5327910302342004
2022MND,output_2022_04_07_MND_S2,output_2022_04_07_MND_S2__Bot2_Zoom_Meeting_2022_04_07_12_36_23_controls_issue,5,2022MND/output_2022_04_07_MND_S2/Bot2_Zoom_Meeting_2022_04_07_12_36_23_controls_issue_chunk5.json,23.0,0.35,lsa,253.0,1.0,0.7817536988990472,0.033989291256480314,0.7817536988990472,0.033989291256480314,0.033989291256480314,1.0,0.0651461415749206,0.4617236889439824,0.29532228771009883,0.22142814416013126,0.9784741208142125
2022MND,output_2022_04_07_MND_S2,output_2022_04_07_MND_S2__Bot2_Zoom_Meeting_2022_04_07_12_36_23_controls_issue,7,2022MND/output_2022_04_07_MND_S2/Bot2_Zoom_Meeting_2022_04_07_12_36_23_controls_issue_chunk7.json,24.0,0.35,lsa,276.0,2.0,1.0230008319915227,0.04262503466631345,0.5115004159957613,0.04262503466631345,0.04262503466631345,0.9348473213485269,0.011108540744488873,0.47871115951856297,0.4127501295031456,0.2888970794686465,1.1803583684903551
2022MND,output_2022_04_07_MND_S2,output_2022_04_07_MND_S2__Bot2_Zoom_Meeting_2022_04_07_12_36_23_controls_issue,8,2022MND/output_2022_04_07_MND_S2/Bot2_Zoom_Meeting_2022_04_07_12_36_23_controls_issue_chunk8.json,30.0,0.35,lsa,435.0,7.0,1.910881531379509,0.06369605104598362,0.2729830759113584,0.06369605104598362,0.06369605104598362,0.8459875225970958,0.10616008507663938,1.6530427215022567,0.5131378698905944,0.5392328106466424,2.7054134020394933
2022MND,output_2022_04_07_MND_S3,output_2022_04_07_MND_S3__Bot3_2022_04_07_12_36_39,1,2022MND/output_2022_04_07_MND_S3/Bot3_2022_04_07_12_36_39_chunk1.json,25.0,0.35,lsa,300.0,6.0,1.5462127613683205,0.06184851045473282,0.2577021268947201,0.06184851045473282,0.06184851045473282,0.0,0.1189394431821785,0.6879371229674832,0.5658788763136008,0.5831224547313366,1.8369384540124205
2022MND,output_2022_04_07_MND_S3,output_2022_04_07_MND_S3__Bot3_2022_04_07_12_36_39,2,2022MND/output_2022_04_07_MND_S3/Bot3_2022_04_07_12_36_39_chunk2.json,2.0,0.35,lsa,1.0,0.0,0.0,0.0,0.0,0.0,0.0,0.0,0.0,0.0,0.0,0.0,0.0
2022MND,output_2022_04_07_MND_S3,output_2022_04_07_MND_S3__Bot3_2022_04_07_12_36_39,3,2022MND/output_2022_04_07_MND_S3/Bot3_2022_04_07_12_36_39_chunk3.json,8.0,0.35,lsa,28.0,0.0,0.0,0.0,0.0,0.0,0.0,0.0,0.0,0.0,0.0,0.0,0.0
2022MND,output_2022_04_07_MND_S3,output_2022_04_07_MND_S3__Bot3_2022_04_07_12_36_39,4,2022MND/output_2022_04_07_MND_S3/Bot3_2022_04_07_12_36_39_chunk4.json,12.0,0.35,lsa,66.0,1.0,0.12642558589788236,0.010535465491490197,0.12642558589788236,0.010535465491490197,0.010535465491490197,0.0,0.02528511717957647,0.14741201851818592,0.11717873232991954,0.10656383015092451,0.37115458099903
2022MND,output_2022_04_07_MND_S3,output_2022_04_07_MND_S3__Bot3_2022_04_07_12_36_39,5,2022MND/output_2022_04_07_MND_S3/Bot3_2022_04_07_12_36_39_chunk5.json,7.0,0.35,lsa,21.0,2.0,1.0293765954171195,0.14705379934530277,0.5146882977085597,0.14705379934530277,0.14705379934530277,0.057331956522141854,0.0,0.7309479458990515,0.999377398805736,0.7896167876466171,2.519942132351405
2022MND,output_2022_04_07_MND_S3,output_2022_04_07_MND_S3__Bot3_2022_04_07_12_36_39,6,2022MND/output_2022_04_07_MND_S3/Bot3_2022_04_07_12_36_39_chunk6.json,13.0,0.35,lsa,78.0,3.0,0.8121136563827422,0.06247028126021094,0.27070455212758077,0.06247028126021094,0.06247028126021094,0.19587514084584143,0.13535227606379038,0.7000863459796789,0.47377722127608846,0.4278110306638394,1.6016745979196068
2022MND,output_2022_04_07_MND_S3,output_2022_04_07_MND_S3__Bot3_2022_04_07_12_36_39,7,2022MND/output_2022_04_07_MND_S3/Bot3_2022_04_07_12_36_39_chunk7.json,11.0,0.35,lsa,55.0,5.0,0.6253553403096554,0.05685048548269595,0.12507106806193108,0.05685048548269596,0.05685048548269595,0.8765130963750548,0.10088132034553324,0.5319615914937623,0.550707224258227,0.7496749760870565,1.832343791839046
2022MND,output_2022_04_07_MND_S3,output_2022_04_07_MND_S3__Bot3_2022_04_07_12_36_39,8,2022MND/output_2022_04_07_MND_S3/Bot3_2022_04_07_12_36_39_chunk8.json,12.0,0.35,lsa,66.0,3.0,0.760044338017504,0.06333702816812534,0.25334811267250135,0.06333702816812534,0.06333702816812532,0.9999999999999999,0.04684605057973783,0.44147540927849105,1.1108105047577645,0.8981660867796216,2.450452000815877
2022MND,output_2022_04_07_MND_S4,output_2022_04_07_MND_S4__Bot4_MND_2022_1_4,1,2022MND/output_2022_04_07_MND_S4/Bot4_MND_2022_1_4_chunk1.json,34.0,0.35,lsa,561.0,11.0,3.043712915111125,0.08952096809150367,0.27670117410101136,0.08952096809150367,0.08952096809150367,0.7514876396361835,0.14117786894180606,1.8484487490072796,1.0036360750075517,0.7329031335547451,3.5849879575695764
2022MND,output_2022_04_07_MND_S4,output_2022_04_07_MND_S4__Bot4_MND_2022_1_4,2,2022MND/output_2022_04_07_MND_S4/Bot4_MND_2022_1_4_chunk2.json,15.0,0.35,lsa,105.0,2.0,0.5334967831219397,0.03556645220812931,0.26674839156096986,0.03556645220812931,0.03556645220812931,1.0,0.13337419578048493,0.619871551196798,0.2470322792365123,0.329593310843587,1.1964971412768972
2022MND,output_2022_04_07_MND_S4,output_2022_04_07_MND_S4__Bot4_MND_2022_1_4,3,2022MND/output_2022_04_07_MND_S4/Bot4_MND_2022_1_4_chunk3.json,21.0,0.35,lsa,210.0,1.0,0.40234364601636063,0.019159221238874317,0.40234364601636063,0.019159221238874317,0.019159221238874317,1.0,0.0,0.19913148577147077,0.19913148577147077,0.1781996501344723,0.5764626216774138
2022MND,output_2022_04_07_MND_S4,output_2022_04_07_MND_S4__Bot4_MND_2022_1_4,4,2022MND/output_2022_04_07_MND_S4/Bot4_MND_2022_1_4_chunk4.json,17.0,0.35,lsa,136.0,0.0,0.0,0.0,0.0,0.0,0.0,0.0,0.0,0.0,0.0,0.0,0.0
2022MND,output_2022_04_07_MND_S4,output_2022_04_07_MND_S4__Bot4_MND_2022_1_4,6,2022MND/output_2022_04_07_MND_S4/Bot4_MND_2022_1_4_chunk6.json,30.0,0.35,lsa,435.0,7.0,1.9662025804208367,0.06554008601402789,0.2808860829172624,0.06554008601402789,0.0655400860140279,0.779164732365223,0.036732768654862795,0.6589891237191139,0.8852730926833973,0.6004298400374908,2.144692056440002
2022MND,output_2022_04_07_MND_S4,output_2022_04_07_MND_S4__Bot4_MND_2022_1_4,7,2022MND/output_2022_04_07_MND_S4/Bot4_MND_2022_1_4_chunk7.json,31.0,0.35,lsa,465.0,6.0,0.8611597486241531,0.027779346729811392,0.1435266247706922,0.027779346729811392,0.027779346729811392,0.9853238078860436,-0.004658890676352841,0.36121691590866645,0.4063360400705028,0.3004744173627103,1.0680273733418795
2022MND,output_2022_04_07_MND_S4,output_2022_04_07_MND_S4__Bot4_MND_2022_1_4,8,2022MND/output_2022_04_07_MND_S4/Bot4_MND_2022_1_4_chunk8.json,40.0,0.35,lsa,780.0,20.0,5.921110688477338,0.14802776721193345,0.2960555344238669,0.14802776721193345,0.14802776721193348,0.9645280687341463,0.19986084494671819,1.8183787890783685,2.016535785467577,1.6319376843357487,5.466852258881694
2022MND,output_2022_04_07_MND_S5,output_2022_04_07_MND_S5__BotB4_2022_04_07_09_36_38_time_off_by_3hrs_(should_be_later),1,2022MND/output_2022_04_07_MND_S5/BotB4_2022_04_07_09_36_38_time_off_by_3hrs_(should_be_later)_chunk1.json,29.0,0.35,lsa,406.0,7.0,1.48698000298296,0.0512751725166538,0.21242571471185143,0.0512751725166538,0.0512751725166538,0.6344491397342797,-0.10908604288067542,0.4565914806068171,1.0431799310286558,0.4580340609930811,1.9578054726285539
2022MND,output_2022_04_07_MND_S5,output_2022_04_07_MND_S5__BotB4_2022_04_07_09_36_38_time_off_by_3hrs_(should_be_later),2,2022MND/output_2022_04_07_MND_S5/BotB4_2022_04_07_09_36_38_time_off_by_3hrs_(should_be_later)_chunk2.json,19.0,0.35,lsa,171.0,8.0,0.7474424723568184,0.039339077492464125,0.0934303090446023,0.039339077492464125,0.03933907749246412,0.6367238506302038,0.02245301532738959,0.565838987768937,0.4413236378296036,0.49604880309252497,1.5032114286910656
2022MND,output_2022_04_07_MND_S5,output_2022_04_07_MND_S5__BotB4_2022_04_07_09_36_38_time_off_by_3hrs_(should_be_later),3,2022MND/output_2022_04_07_MND_S5/BotB4_2022_04_07_09_36_38_time_off_by_3hrs_(should_be_later)_chunk3.json,19.0,0.35,lsa,171.0,4.0,0.5792093791902713,0.030484704167909014,0.14480234479756782,0.030484704167909014,0.030484704167909014,0.9691204043560372,0.0038907713545743338,0.29848626408141476,0.35456590607584243,0.25820869588023343,0.9112608660374906
2022MND,output_2022_04_07_MND_S5,output_2022_04_07_MND_S5__BotB4_2022_04_07_09_36_38_time_off_by_3hrs_(should_be_later),4,2022MND/output_2022_04_07_MND_S5/BotB4_2022_04_07_09_36_38_time_off_by_3hrs_(should_be_later)_chunk4.json,21.0,0.35,lsa,210.0,2.0,0.15001342876761034,0.007143496607981445,0.07500671438380517,0.007143496607981445,0.007143496607981445,1.0,0.01153949452058541,0.08903535906248916,0.12373732199997714,0.09350180833501706,0.30627448939748336
2022MND,output_2022_04_07_MND_S5,output_2022_04_07_MND_S5__BotB4_2022_04_07_09_36_38_time_off_by_3hrs_(should_be_later),5,2022MND/output_2022_04_07_MND_S5/BotB4_2022_04_07_09_36_38_time_off_by_3hrs_(should_be_later)_chunk5.json,24.0,0.35,lsa,276.0,2.0,0.3190399537939018,0.013293331408079243,0.1595199768969509,0.013293331408079243,0.013293331408079243,0.43823711851261415,0.029003632163081983,0.18427924217000546,0.14850935720772607,0.14613409150680642,0.478922690884538
2022MND,output_2022_04_07_MND_S5,output_2022_04_07_MND_S5__BotB4_2022_04_07_09_36_38_time_off_by_3hrs_(should_be_later),6,2022MND/output_2022_04_07_MND_S5/BotB4_2022_04_07_09_36_38_time_off_by_3hrs_(should_be_later)_chunk6.json,30.0,0.35,lsa,435.0,4.0,1.0447749066486407,0.034825830221621355,0.2611937266621602,0.034825830221621355,0.034825830221621355,0.9289669738037954,0.0,0.4025108243487952,0.4072694488817232,0.3296917372029838,1.139472010433502
2022MND,output_2022_04_07_MND_S5,output_2022_04_07_MND_S5__BotB4_2022_04_07_09_36_38_time_off_by_3hrs_(should_be_later),7,2022MND/output_2022_04_07_MND_S5/BotB4_2022_04_07_09_36_38_time_off_by_3hrs_(should_be_later)_chunk7.json,36.0,0.35,lsa,630.0,8.0,2.1732663867857456,0.06036851074404849,0.2716582983482182,0.06036851074404849,0.06036851074404849,0.6395514280688619,-0.005242542255607899,0.8085359897740249,0.8199500122557499,0.5198431433430899,2.1483291453728643
2022MND,output_2022_04_07_MND_S5,output_2022_04_07_MND_S5__BotB4_2022_04_07_09_36_38_time_off_by_3hrs_(should_be_later),8,2022MND/output_2022_04_07_MND_S5/BotB4_2022_04_07_09_36_38_time_off_by_3hrs_(should_be_later)_chunk8.json,29.0,0.35,lsa,406.0,8.0,1.7713448408248382,0.061080856580166834,0.22141810510310478,0.061080856580166834,0.061080856580166834,0.961709171357284,-0.023712267152437683,0.7633133064048233,0.9841194608908459,0.5174415695970145,2.2648743368926834
2022MND,output_2022_04_07_MND_S6,output_2022_04_07_MND_S6__BotB5_2022_04_07_12_37_34,1,2022MND/output_2022_04_07_MND_S6/BotB5_2022_04_07_12_37_34_chunk1.json,26.0,0.35,lsa,325.0,2.0,0.12087285577726853,0.004648955991433405,0.060436427888634264,0.004648955991433405,0.004648955991433405,1.0,-0.005317444557669906,0.061198612225965614,0.12014724451816323,0.05538429480677074,0.23673015155089958
2022MND,output_2022_04_07_MND_S6,output_2022_04_07_MND_S6__BotB5_2022_04_07_12_37_34,2,2022MND/output_2022_04_07_MND_S6/BotB5_2022_04_07_12_37_34_chunk2.json,9.0,0.35,lsa,36.0,0.0,0.0,0.0,0.0,0.0,0.0,0.0,0.0,0.0,0.0,0.0,0.0
2022MND,output_2022_04_07_MND_S6,output_2022_04_07_MND_S6__BotB5_2022_04_07_12_37_34,3,2022MND/output_2022_04_07_MND_S6/BotB5_2022_04_07_12_37_34_chunk3.json,12.0,0.35,lsa,66.0,5.0,0.4339078920405908,0.036158991003382566,0.08678157840811816,0.036158991003382566,0.036158991003382566,0.7683986589242486,0.07745543063501203,0.5769682046812405,0.3951953839522148,0.37665950478692223,1.3488230934203775
2022MND,output_2022_04_07_MND_S6,output_2022_04_07_MND_S6__BotB5_2022_04_07_12_37_34,4,2022MND/output_2022_04_07_MND_S6/BotB5_2022_04_07_12_37_34_chunk4.json,13.0,0.35,lsa,78.0,1.0,0.1144476000669141,0.008803661543608777,0.1144476000669141,0.008803661543608777,0.008803661543608777,1.0,0.028611900016728524,0.08346180965471509,0.09830602311770573,0.15737060667457836,0.3391384394469992
2022MND,output_2022_04_07_MND_S6,output_2022_04_07_MND_S6__BotB5_2022_04_07_12_37_34,5,2022MND/output_2022_04_07_MND_S6/BotB5_2022_04_07_12_37_34_chunk5.json,24.0,0.35,lsa,276.0,5.0,1.3117331503332368,0.05465554793055153,0.2623466300666474,0.05465554793055153,0.05465554793055153,0.8253206704208838,0.09697219818945307,1.0849060125080003,0.49021119809578695,0.5037570677603928,2.07887427836418
2022MND,output_2022_04_07_MND_S6,output_2022_04_07_MND_S6__BotB5_2022_04_07_12_37_34,7,2022MND/output_2022_04_07_MND_S6/BotB5_2022_04_07_12_37_34_chunk7.json,20.0,0.35,lsa,190.0,0.0,0.0,0.0,0.0,0.0,0.0,0.0,0.0,0.0,0.0,0.0,0.0
2022MND,output_2022_04_07_MND_S6,output_2022_04_07_MND_S6__BotB5_2022_04_07_12_37_34,8,2022MND/output_2022_04_07_MND_S6/BotB5_2022_04_07_12_37_34_chunk8.json,14.0,0.35,lsa,91.0,1.0,0.8280686379517117,0.05914775985369369,0.8280686379517117,0.05914775985369369,0.05914775985369369,1.0,0.20701715948792793,0.5790071651403199,0.4119929425660608,0.3853218495190359,1.3763219572254166
2022MND,output_2022_04_08_MND_S1,output_2022_04_08_MND_S1__Bot1_2022_04_08_10_53_19,1,2022MND/output_2022_04_08_MND_S1/Bot1_2022_04_08_10_53_19_chunk1.json,24.0,0.35,lsa,276.0,2.0,1.247304344949118,0.05197101437287991,0.623652172474559,0.05197101437287991,0.05197101437287991,0.0,-0.07795652155931987,0.5275269052999951,0.5492281255988056,0.38160618460947004,1.4583612155082708
2022MND,output_2022_04_08_MND_S1,output_2022_04_08_MND_S1__Bot1_2022_04_08_10_53_19,2,2022MND/output_2022_04_08_MND_S1/Bot1_2022_04_08_10_53_19_chunk2.json,15.0,0.35,lsa,105.0,2.0,0.6063482749887246,0.04042321833258164,0.3031741374943623,0.04042321833258164,0.04042321833258164,1.0,-0.06737203055430273,0.2719581762919796,0.7644424517612947,0.33253888140100873,1.3689395094542829
2022MND,output_2022_04_08_MND_S1,output_2022_04_08_MND_S1__Bot1_2022_04_08_10_53_19,3,2022MND/output_2022_04_08_MND_S1/Bot1_2022_04_08_10_53_19_chunk3.json,25.0,0.35,lsa,300.0,1.0,0.6635939483521615,0.02654375793408646,0.6635939483521615,0.02654375793408646,0.02654375793408646,1.0,0.0947991354788802,0.32874052273481197,0.188601161621137,0.261403794837841,0.77874547919379
2022MND,output_2022_04_08_MND_S1,output_2022_04_08_MND_S1__Bot1_2022_04_08_10_53_19,4,2022MND/output_2022_04_08_MND_S1/Bot1_2022_04_08_10_53_19_chunk4.json,11.0,0.35,lsa,55.0,1.0,0.3084081312938006,0.028037102844890967,0.3084081312938006,0.028037102844890967,0.028037102844890967,1.0,0.0,0.3918847887089433,0.26059952226830735,0.1985911256944116,0.8510754366716623
2022MND,output_2022_04_08_MND_S1,output_2022_04_08_MND_S1__Bot1_2022_04_08_10_53_19,5,2022MND/output_2022_04_08_MND_S1/Bot1_2022_04_08_10_53_19_chunk5.json,15.0,0.35,lsa,105.0,0.0,0.0,0.0,0.0,0.0,0.0,0.0,0.0,0.0,0.0,0.0,0.0
2022MND,output_2022_04_08_MND_S1,output_2022_04_08_MND_S1__Bot1_2022_04_08_10_53_19,6,2022MND/output_2022_04_08_MND_S1/Bot1_2022_04_08_10_53_19_chunk6.json,21.0,0.35,lsa,210.0,3.0,0.48762069124629487,0.023220032916490232,0.1625402304154316,0.023220032916490232,0.023220032916490232,0.4516602607003693,0.04456363378584984,0.6840642237999482,0.2419175390242145,0.23510461419098266,1.1610863770151454
2022MND,output_2022_04_08_MND_S1,output_2022_04_08_MND_S1__Bot1_2022_04_08_10_53_19,7,2022MND/output_2022_04_08_MND_S1/Bot1_2022_04_08_10_53_19_chunk7.json,23.0,0.35,lsa,253.0,3.0,0.1747110807403155,0.007596133945231108,0.058237026913438496,0.007596133945231108,0.007596133945231108,1.0,0.012503507313757083,0.12893592327946118,0.10819807437799644,0.10540809372856931,0.3425420913860269
2022MND,output_2022_04_08_MND_S1,output_2022_04_08_MND_S1__Bot1_2022_04_08_10_53_19,8,2022MND/output_2022_04_08_MND_S1/Bot1_2022_04_08_10_53_19_chunk8.json,11.0,0.35,lsa,55.0,0.0,0.0,0.0,0.0,0.0,0.0,0.0,0.0,0.0,0.0,0.0,0.0
2022MND,output_2022_04_08_MND_S10,output_2022_04_08_MND_S10__BotB4_2022_04_08_01_03_01_problem_53min20sec_56min20sec,1,2022MND/output_2022_04_08_MND_S10/BotB4_2022_04_08_01_03_01_problem_53min20sec_56min20sec_chunk1.json,29.0,0.35,lsa,406.0,7.0,2.1031892609256415,0.07252376761812557,0.30045560870366306,0.07252376761812557,0.07252376761812558,0.6644266004669099,0.05572794164659092,0.7534461508936522,0.9717240135063001,0.8860090148473272,2.611179179247279
2022MND,output_2022_04_08_MND_S10,output_2022_04_08_MND_S10__BotB4_2022_04_08_01_03_01_problem_53min20sec_56min20sec,2,2022MND/output_2022_04_08_MND_S10/BotB4_2022_04_08_01_03_01_problem_53min20sec_56min20sec_chunk2.json,7.0,0.35,lsa,21.0,2.0,1.0181692075029691,0.1454527439289956,0.5090846037514846,0.1454527439289956,0.1454527439289956,0.03728908536147809,0.339389735834323,0.7913420507036781,0.6570062895229534,1.09764090199772,2.5459892422243513
2022MND,output_2022_04_08_MND_S10,output_2022_04_08_MND_S10__BotB4_2022_04_08_01_03_01_problem_53min20sec_56min20sec,3,2022MND/output_2022_04_08_MND_S10/BotB4_2022_04_08_01_03_01_problem_53min20sec_56min20sec_chunk3.json,14.0,0.35,lsa,91.0,3.0,0.7563071445055534,0.05402193889325381,0.2521023815018511,0.05402193889325381,0.05402193889325381,0.0,0.0013513895616075785,0.4764027113567837,0.7921034745003089,0.3393401181876674,1.6078463040447601
2022MND,output_2022_04_08_MND_S10,output_2022_04_08_MND_S10__BotB4_2022_04_08_01_03_01_problem_53min20sec_56min20sec,4,2022MND/output_2022_04_08_MND_S10/BotB4_2022_04_08_01_03_01_problem_53min20sec_56min20sec_chunk4.json,22.0,0.35,lsa,231.0,1.0,1.0,0.045454545454545456,1.0,0.045454545454545456,0.045454545454545456,1.0,-0.07692307692307693,0.3227569588973982,0.5032583347756457,0.3227569588973982,1.148772252570442
2022MND,output_2022_04_08_MND_S10,output_2022_04_08_MND_S10__BotB4_2022_04_08_01_03_01_problem_53min20sec_56min20sec,5,2022MND/output_2022_04_08_MND_S10/BotB4_2022_04_08_01_03_01_problem_53min20sec_56min20sec_chunk5.json,16.0,0.35,lsa,120.0,2.0,0.6019999812171803,0.03762499882607377,0.3009999906085902,0.03762499882607377,0.03762499882607377,0.0,-0.011621931963320313,0.3426635137868988,0.4940078792518941,0.2885375655362803,1.1252089585750733
2022MND,output_2022_04_08_MND_S10,output_2022_04_08_MND_S10__BotB4_2022_04_08_01_03_01_problem_53min20sec_56min20sec,6,2022MND/output_2022_04_08_MND_S10/BotB4_2022_04_08_01_03_01_problem_53min20sec_56min20sec_chunk6.json,22.0,0.35,lsa,231.0,5.0,0.5509225596842966,0.02504193453110439,0.11018451193685933,0.02504193453110439,0.02504193453110439,0.6622946045999533,0.04237865843725359,0.3951011723825437,0.2804162712410229,0.31333763722447494,0.9888550808480416
2022MND,output_2022_04_08_MND_S10,output_2022_04_08_MND_S10__BotB4_2022_04_08_01_03_01_problem_53min20sec_56min20sec,7,2022MND/output_2022_04_08_MND_S10/BotB4_2022_04_08_01_03_01_problem_53min20sec_56min20sec_chunk7.json,33.0,0.35,lsa,528.0,3.0,0.6133808018621114,0.018587297026124588,0.20446026728737046,0.018587297026124588,0.018587297026124588,1.0,0.04785461149579472,0.45747715795496685,0.18805922224974603,0.171329493652359,0.816865873857072
2022MND,output_2022_04_08_MND_S10,output_2022_04_08_MND_S10__BotB4_2022_04_08_01_03_01_problem_53min20sec_56min20sec,8,2022MND/output_2022_04_08_MND_S10/BotB4_2022_04_08_01_03_01_problem_53min20sec_56min20sec_chunk8.json,12.0,0.35,lsa,66.0,1.0,0.28026233742672024,0.02335519478556002,0.28026233742672024,0.02335519478556002,0.02335519478556002,1.0,0.04671038957112004,0.27225506007661515,0.2190346175016267,0.20007836211168967,0.6913680396899315
2022MND,output_2022_04_08_MND_S11,output_2022_04_08_MND_S11__BotB5_2022_04_08_13_02_42,1,2022MND/output_2022_04_08_MND_S11/BotB5_2022_04_08_13_02_42_chunk1.json,37.0,0.35,lsa,666.0,9.0,2.1647670609169425,0.058507217862620066,0.24052967343521583,0.058507217862620066,0.058507217862620066,0.975744104492704,-0.03415828444501848,0.6483975785187441,0.8476379396466994,0.5489371295335304,2.044972647698974
2022MND,output_2022_04_08_MND_S11,output_2022_04_08_MND_S11__BotB5_2022_04_08_13_02_42,2,2022MND/output_2022_04_08_MND_S11/BotB5_2022_04_08_13_02_42_chunk2.json,12.0,0.35,lsa,66.0,1.0,0.7725864642507978,0.06438220535423315,0.7725864642507978,0.06438220535423315,0.06438220535423315,1.0,0.1287644107084663,0.5540398132472685,0.5010294613098849,0.39244542526096493,1.4475146998181185
2022MND,output_2022_04_08_MND_S11,output_2022_04_08_MND_S11__BotB5_2022_04_08_13_02_42,3,2022MND/output_2022_04_08_MND_S11/BotB5_2022_04_08_13_02_42_chunk3.json,20.0,0.35,lsa,190.0,2.0,0.41193356057275554,0.020596678028637776,0.20596678028637777,0.020596678028637776,0.020596678028637776,0.010193278135577286,0.04577039561919506,0.41344217695847413,0.17515178435857984,0.15958242948466814,0.7481763908017222
2022MND,output_2022_04_08_MND_S11,output_2022_04_08_MND_S11__BotB5_2022_04_08_13_02_42,4,2022MND/output_2022_04_08_MND_S11/BotB5_2022_04_08_13_02_42_chunk4.json,19.0,0.35,lsa,171.0,3.0,0.6707411789248118,0.0353021673118322,0.22358039297493726,0.0353021673118322,0.0353021673118322,1.0,-0.1084588097787543,0.30189640226075165,0.9631255817791105,0.30821065428948063,1.5732326383293427
2022MND,output_2022_04_08_MND_S11,output_2022_04_08_MND_S11__BotB5_2022_04_08_13_02_42,5,2022MND/output_2022_04_08_MND_S11/BotB5_2022_04_08_13_02_42_chunk5.json,25.0,0.35,lsa,300.0,4.0,0.6468742496051936,0.025874969984207744,0.1617185624012984,0.025874969984207737,0.025874969984207737,0.9363482839176426,0.08652851336119083,0.4533257945940493,0.22166366380401675,0.3199720258750187,0.9949614842730847
2022MND,output_2022_04_08_MND_S11,output_2022_04_08_MND_S11__BotB5_2022_04_08_13_02_42,6,2022MND/output_2022_04_08_MND_S11/BotB5_2022_04_08_13_02_42_chunk6.json,17.0,0.35,lsa,136.0,2.0,0.08874790338809309,0.005220464905181946,0.044373951694046544,0.005220464905181946,0.005220464905181946,1.0,0.005179038076840099,0.09797079511541132,0.07264756909560055,0.06704613467794342,0.2376644988889553
2022MND,output_2022_04_08_MND_S11,output_2022_04_08_MND_S11__BotB5_2022_04_08_13_02_42,7,2022MND/output_2022_04_08_MND_S11/BotB5_2022_04_08_13_02_42_chunk7.json,44.0,0.35,lsa,946.0,38.0,7.7714074227438905,0.17662289597145206,0.20451072165115503,0.1766228959714521,0.1766228959714521,0.7554888205875414,0.22983205853516286,2.530758545284119,2.205427988029537,2.014087988707396,6.750274522021052
2022MND,output_2022_04_08_MND_S11,output_2022_04_08_MND_S11__BotB5_2022_04_08_13_02_42,8,2022MND/output_2022_04_08_MND_S11/BotB5_2022_04_08_13_02_42_chunk8.json,17.0,0.35,lsa,136.0,10.0,5.742496358721615,0.3377939034542127,0.5742496358721615,0.3377939034542127,0.3377939034542127,0.8918480165573985,0.8234404003543055,1.5860664859762084,2.5264553120988795,1.9340359830433433,6.046557781118431
2022MND,output_2022_04_08_MND_S2,output_2022_04_08_MND_S2__Bot2_Zoom_Meeting_Room_2_2022_04_08_10_54_08_problem_52min50sec_55min,1,2022MND/output_2022_04_08_MND_S2/Bot2_Zoom_Meeting_Room_2_2022_04_08_10_54_08_problem_52min50sec_55min_chunk1.json,29.0,0.35,lsa,406.0,3.0,0.7102385744722772,0.02449098532663025,0.23674619149075907,0.02449098532663025,0.02449098532663025,0.7008791938719562,0.05918654787268977,0.43238385440406024,0.2426641651786285,0.2231361250682835,0.8981841446509722
2022MND,output_2022_04_08_MND_S2,output_2022_04_08_MND_S2__Bot2_Zoom_Meeting_Room_2_2022_04_08_10_54_08_problem_52min50sec_55min,2,2022MND/output_2022_04_08_MND_S2/Bot2_Zoom_Meeting_Room_2_2022_04_08_10_54_08_problem_52min50sec_55min_chunk2.json,19.0,0.35,lsa,171.0,3.0,0.9909904483970149,0.05215739202089552,0.33033014946567163,0.05215739202089552,0.05215739202089552,0.5042316557676267,0.09826033875037704,0.347848670687035,0.5599133317227694,0.9004091901241528,1.808171192533957
2022MND,output_2022_04_08_MND_S2,output_2022_04_08_MND_S2__Bot2_Zoom_Meeting_Room_2_2022_04_08_10_54_08_problem_52min50sec_55min,3,2022MND/output_2022_04_08_MND_S2/Bot2_Zoom_Meeting_Room_2_2022_04_08_10_54_08_problem_52min50sec_55min_chunk3.json,16.0,0.35,lsa,120.0,2.0,0.7176998531114447,0.04485624081946529,0.35884992655572234,0.04485624081946529,0.04485624081946529,1.0,0.08421246850628149,0.6148601391025823,0.38738090049517926,0.27717831571530555,1.2794193553130673
2022MND,output_2022_04_08_MND_S2,output_2022_04_08_MND_S2__Bot2_Zoom_Meeting_Room_2_2022_04_08_10_54_08_problem_52min50sec_55min,4,2022MND/output_2022_04_08_MND_S2/Bot2_Zoom_Meeting_Room_2_2022_04_08_10_54_08_problem_52min50sec_55min_chunk4.json,36.0,0.35,lsa,630.0,8.0,2.3665212604760106,0.06573670167988918,0.29581515755950133,0.06573670167988918,0.06573670167988917,0.10420799066272197,0.1588644987281409,1.162330805479996,0.6776569765312928,0.7773504285229924,2.617338210534281
2022MND,output_2022_04_08_MND_S2,output_2022_04_08_MND_S2__Bot2_Zoom_Meeting_Room_2_2022_04_08_10_54_08_problem_52min50sec_55min,5,2022MND/output_2022_04_08_MND_S2/Bot2_Zoom_Meeting_Room_2_2022_04_08_10_54_08_problem_52min50sec_55min_chunk5.json,46.0,0.35,lsa,1035.0,35.0,8.763859545492743,0.19051868577158135,0.25039598701407834,0.19051868577158143,0.1905186857715814,0.5090305987482093,0.23895706638626787,2.5395626923645502,2.5893706396739424,2.994375162177425,8.123308494215918
2022MND,output_2022_04_08_MND_S2,output_2022_04_08_MND_S2__Bot2_Zoom_Meeting_Room_2_2022_04_08_10_54_08_problem_52min50sec_55min,6,2022MND/output_2022_04_08_MND_S2/Bot2_Zoom_Meeting_Room_2_2022_04_08_10_54_08_problem_52min50sec_55min_chunk6.json,35.0,0.35,lsa,595.0,6.0,2.1228387453626265,0.060652535581789326,0.35380645756043777,0.060652535581789326,0.060652535581789326,0.8331190670116042,0.09970169930425793,0.7368486631524875,0.6671652414769702,0.8774752532756711,2.2814891579051286
2022MND,output_2022_04_08_MND_S2,output_2022_04_08_MND_S2__Bot2_Zoom_Meeting_Room_2_2022_04_08_10_54_08_problem_52min50sec_55min,7,2022MND/output_2022_04_08_MND_S2/Bot2_Zoom_Meeting_Room_2_2022_04_08_10_54_08_problem_52min50sec_55min_chunk7.json,70.0,0.35,lsa,2415.0,130.0,30.625781337077733,0.43751116195825335,0.2355829333621364,0.4375111619582534,0.4375111619582534,0.7519261923792734,0.49096368439810956,6.416167453134254,6.46159994730245,4.784808147377832,17.662575547814537
2022MND,output_2022_04_08_MND_S2,output_2022_04_08_MND_S2__Bot2_Zoom_Meeting_Room_2_2022_04_08_10_54_08_problem_52min50sec_55min,8,2022MND/output_2022_04_08_MND_S2/Bot2_Zoom_Meeting_Room_2_2022_04_08_10_54_08_problem_52min50sec_55min_chunk8.json,6.0,0.35,lsa,15.0,2.0,0.522292522905129,0.08704875381752149,0.2611462614525645,0.08704875381752149,0.08704875381752149,0.47501842200085476,-0.13057313072628224,0.6452627254983054,1.2493694691298147,0.6452627254983054,2.5398949201264256
2022MND,output_2022_04_08_MND_S3,output_2022_04_08_MND_S3__Bot3.1_2022_04_08_10_53_26_problem_47min10sec_end_then_2_min_missed,1,2022MND/output_2022_04_08_MND_S3/Bot3.1_2022_04_08_10_53_26_problem_47min10sec_end_then_2_min_missed_chunk1.json,19.0,0.35,lsa,171.0,9.0,3.360138265322803,0.17684938238541068,0.3733486961469781,0.17684938238541068,0.17684938238541068,0.8340605420397971,-0.19874232452564974,1.2502275114767996,2.8103259736580983,1.5242472928923765,5.584800778027274
2022MND,output_2022_04_08_MND_S3,output_2022_04_08_MND_S3__Bot3.1_2022_04_08_10_53_26_problem_47min10sec_end_then_2_min_missed,2,2022MND/output_2022_04_08_MND_S3/Bot3.1_2022_04_08_10_53_26_problem_47min10sec_end_then_2_min_missed_chunk2.json,13.0,0.35,lsa,78.0,3.0,0.19051644296108222,0.014655110997006325,0.06350548098702741,0.014655110997006325,0.014655110997006325,0.0,0.020528020323274325,0.13608217519095378,0.1827281792134247,0.2503331215046648,0.5691434759090432
2022MND,output_2022_04_08_MND_S3,output_2022_04_08_MND_S3__Bot3.1_2022_04_08_10_53_26_problem_47min10sec_end_then_2_min_missed,3,2022MND/output_2022_04_08_MND_S3/Bot3.1_2022_04_08_10_53_26_problem_47min10sec_end_then_2_min_missed_chunk3.json,22.0,0.35,lsa,231.0,2.0,0.39185713052833826,0.017811687751288104,0.19592856526416913,0.017811687751288104,0.017811687751288104,0.8090853646582128,0.009351407647612104,0.1951077694466406,0.2607478580166682,0.16404780332569163,0.6199034307890005
2022MND,output_2022_04_08_MND_S3,output_2022_04_08_MND_S3__Bot3.1_2022_04_08_10_53_26_problem_47min10sec_end_then_2_min_missed,4,2022MND/output_2022_04_08_MND_S3/Bot3.1_2022_04_08_10_53_26_problem_47min10sec_end_then_2_min_missed_chunk4.json,37.0,0.35,lsa,666.0,10.0,6.764586869913792,0.18282667215983223,0.6764586869913792,0.18282667215983223,0.18282667215983223,0.4696040942424386,0.4658301984353441,1.9469730665115468,1.4623931542151765,1.6083159801453175,5.017682200872041
2022MND,output_2022_04_08_MND_S3,output_2022_04_08_MND_S3__Bot3.1_2022_04_08_10_53_26_problem_47min10sec_end_then_2_min_missed,5,2022MND/output_2022_04_08_MND_S3/Bot3.1_2022_04_08_10_53_26_problem_47min10sec_end_then_2_min_missed_chunk5.json,35.0,0.35,lsa,595.0,6.0,1.6880996433575657,0.048231418381644735,0.2813499405595943,0.04823141838164474,0.04823141838164474,0.7034600155952782,0.09080640135597531,0.7309972906267481,0.5639156419848409,0.4537591330808892,1.7486720656924781
2022MND,output_2022_04_08_MND_S3,output_2022_04_08_MND_S3__Bot3.2_2022_04_08_11_45_28_after_missed_2_min,1,2022MND/output_2022_04_08_MND_S3/Bot3.2_2022_04_08_11_45_28_after_missed_2_min_chunk1.json,31.0,0.35,lsa,465.0,2.0,0.1245261506568821,0.004016972601834906,0.06226307532844105,0.004016972601834906,0.004016972601834906,0.5795274805442006,0.008894725046920151,0.07033857727707957,0.05920511526784379,0.05939751417302255,0.18894120671794593
2022MND,output_2022_04_08_MND_S3,output_2022_04_08_MND_S3__Bot3.2_2022_04_08_11_45_28_after_missed_2_min,2,2022MND/output_2022_04_08_MND_S3/Bot3.2_2022_04_08_11_45_28_after_missed_2_min_chunk2.json,34.0,0.35,lsa,561.0,4.0,0.6808782447500681,0.02002583072794318,0.17021956118751702,0.02002583072794318,0.02002583072794318,0.04273083379921273,0.0002281289353927061,0.23389449100316065,0.33778171404297597,0.16074399658817193,0.7324202016343085
2022MND,output_2022_04_08_MND_S3,output_2022_04_08_MND_S3__Bot3.2_2022_04_08_11_45_28_after_missed_2_min,3,2022MND/output_2022_04_08_MND_S3/Bot3.2_2022_04_08_11_45_28_after_missed_2_min_chunk3.json,17.0,0.35,lsa,136.0,1.0,0.5381504257208359,0.03165590739534329,0.5381504257208359,0.03165590739534329,0.03165590739534329,1.0,0.05979449174675955,0.2818032012080501,0.2818032012080501,0.2818032012080501,0.8454096036241503
2022MND,output_2022_04_08_MND_S4,output_2022_04_08_MND_S4__BotB4_2022_04_08_06_54_34_time_wrong_(probably_4hrs_early),1,2022MND/output_2022_04_08_MND_S4/BotB4_2022_04_08_06_54_34_time_wrong_(probably_4hrs_early)_chunk1.json,29.0,0.35,lsa,406.0,5.0,1.2469479266577697,0.0429982043675093,0.24938958533155392,0.0429982043675093,0.0429982043675093,0.4216387289505286,0.01596314405973593,0.41573173956657505,0.6163135402988156,0.5752950561939738,1.6073403360593643
2022MND,output_2022_04_08_MND_S4,output_2022_04_08_MND_S4__BotB4_2022_04_08_06_54_34_time_wrong_(probably_4hrs_early),2,2022MND/output_2022_04_08_MND_S4/BotB4_2022_04_08_06_54_34_time_wrong_(probably_4hrs_early)_chunk2.json,10.0,0.35,lsa,45.0,2.0,0.25885768212916516,0.025885768212916514,0.12942884106458258,0.025885768212916514,0.025885768212916514,1.0,0.06471442053229129,0.2653642042631417,0.2722014807290694,0.2825850515775812,0.8201507365697923
2022MND,output_2022_04_08_MND_S4,output_2022_04_08_MND_S4__BotB4_2022_04_08_06_54_34_time_wrong_(probably_4hrs_early),3,2022MND/output_2022_04_08_MND_S4/BotB4_2022_04_08_06_54_34_time_wrong_(probably_4hrs_early)_chunk3.json,20.0,0.35,lsa,190.0,6.0,0.5214381098371108,0.026071905491855542,0.08690635163951847,0.026071905491855542,0.026071905491855542,0.9271826605302309,0.0,0.2608651703409222,0.38468068366405517,0.4002308056591414,1.045776659664119
2022MND,output_2022_04_08_MND_S4,output_2022_04_08_MND_S4__BotB4_2022_04_08_06_54_34_time_wrong_(probably_4hrs_early),4,2022MND/output_2022_04_08_MND_S4/BotB4_2022_04_08_06_54_34_time_wrong_(probably_4hrs_early)_chunk4.json,21.0,0.35,lsa,210.0,2.0,0.25063192966427206,0.011934853793536765,0.12531596483213603,0.011934853793536765,0.011934853793536765,1.0,0.0,0.18121933084966868,0.1804542165987728,0.10127406933173659,0.4629476167801781
2022MND,output_2022_04_08_MND_S4,output_2022_04_08_MND_S4__BotB4_2022_04_08_06_54_34_time_wrong_(probably_4hrs_early),5,2022MND/output_2022_04_08_MND_S4/BotB4_2022_04_08_06_54_34_time_wrong_(probably_4hrs_early)_chunk5.json,14.0,0.35,lsa,91.0,4.0,0.9530711402609235,0.06807651001863739,0.23826778506523089,0.06807651001863742,0.0680765100186374,0.3464011214594482,0.15438331573416367,0.817152984438357,0.4814074135386109,0.5359245603241309,1.834484958301099
2022MND,output_2022_04_08_MND_S4,output_2022_04_08_MND_S4__BotB4_2022_04_08_06_54_34_time_wrong_(probably_4hrs_early),6,2022MND/output_2022_04_08_MND_S4/BotB4_2022_04_08_06_54_34_time_wrong_(probably_4hrs_early)_chunk6.json,17.0,0.35,lsa,136.0,2.0,0.2716171462076351,0.015977479188684418,0.13580857310381755,0.015977479188684418,0.015977479188684418,0.19802912351258103,-0.05445726020328714,0.15218570367523931,0.4406027803674778,0.148185603049862,0.7409740870925792
2022MND,output_2022_04_08_MND_S4,output_2022_04_08_MND_S4__BotB4_2022_04_08_06_54_34_time_wrong_(probably_4hrs_early),7,2022MND/output_2022_04_08_MND_S4/BotB4_2022_04_08_06_54_34_time_wrong_(probably_4hrs_early)_chunk7.json,28.0,0.35,lsa,378.0,2.0,0.33607465003672543,0.012002666072740194,0.16803732501836272,0.012002666072740194,0.012002666072740194,1.0,0.014119458039200812,0.16892570871008405,0.16863338440565484,0.13617311081093994,0.4737322039266788
2022MND,output_2022_04_08_MND_S4,output_2022_04_08_MND_S4__BotB4_2022_04_08_06_54_34_time_wrong_(probably_4hrs_early),8,2022MND/output_2022_04_08_MND_S4/BotB4_2022_04_08_06_54_34_time_wrong_(probably_4hrs_early)_chunk8.json,12.0,0.35,lsa,66.0,2.0,0.36788428455118816,0.030657023712599013,0.18394214227559408,0.030657023712599013,0.030657023712599013,1.0,0.058709989003493016,0.5583874299974492,0.30359366066559046,0.211379768542381,1.0733608592054207
2022MND,output_2022_04_08_MND_S5,output_2022_04_08_MND_S5__BotB5_2022_04_08_10_54_31_problem_7min30sec_10min,1,2022MND/output_2022_04_08_MND_S5/BotB5_2022_04_08_10_54_31_problem_7min30sec_10min_chunk1.json,26.0,0.35,lsa,325.0,8.0,1.517000631260681,0.058346178125410805,0.18962507890758512,0.058346178125410826,0.05834617812541081,0.11202219428449176,-0.011764772608148545,0.7891159446526725,0.8568520947338147,0.4500759177363629,2.09604395712285
2022MND,output_2022_04_08_MND_S5,output_2022_04_08_MND_S5__BotB5_2022_04_08_10_54_31_problem_7min30sec_10min,2,2022MND/output_2022_04_08_MND_S5/BotB5_2022_04_08_10_54_31_problem_7min30sec_10min_chunk2.json,12.0,0.35,lsa,66.0,3.0,0.2705996584124876,0.022549971534373967,0.09019988613749587,0.022549971534373967,0.022549971534373967,1.0,0.0075767654635323384,0.17942632837728004,0.3732664070596368,0.2610079625616504,0.8137006979985673
2022MND,output_2022_04_08_MND_S5,output_2022_04_08_MND_S5__BotB5_2022_04_08_10_54_31_problem_7min30sec_10min,3,2022MND/output_2022_04_08_MND_S5/BotB5_2022_04_08_10_54_31_problem_7min30sec_10min_chunk3.json,10.0,0.35,lsa,45.0,5.0,0.9124245399804822,0.09124245399804823,0.18248490799609646,0.09124245399804823,0.09124245399804823,0.6016515246262387,0.1561692282825707,1.1470349086909084,0.8022613187736256,0.6608625035556468,2.6101587310201806
2022MND,output_2022_04_08_MND_S5,output_2022_04_08_MND_S5__BotB5_2022_04_08_10_54_31_problem_7min30sec_10min,4,2022MND/output_2022_04_08_MND_S5/BotB5_2022_04_08_10_54_31_problem_7min30sec_10min_chunk4.json,15.0,0.35,lsa,105.0,3.0,0.30866042172045177,0.02057736144803012,0.10288680724015059,0.020577361448030122,0.020577361448030122,0.7691431349884527,0.03858255271505648,0.22547542597372894,0.22422793805379554,0.43301856155953694,0.8827219255870614
2022MND,output_2022_04_08_MND_S5,output_2022_04_08_MND_S5__BotB5_2022_04_08_10_54_31_problem_7min30sec_10min,5,2022MND/output_2022_04_08_MND_S5/BotB5_2022_04_08_10_54_31_problem_7min30sec_10min_chunk5.json,12.0,0.35,lsa,66.0,5.0,0.674384603187755,0.05619871693231291,0.134876920637551,0.05619871693231291,0.056198716932312924,0.8661663099719366,0.12837221789794576,0.4819385330151494,0.5879409788649643,0.6329533679833964,1.70283287986351
2022MND,output_2022_04_08_MND_S5,output_2022_04_08_MND_S5__BotB5_2022_04_08_10_54_31_problem_7min30sec_10min,6,2022MND/output_2022_04_08_MND_S5/BotB5_2022_04_08_10_54_31_problem_7min30sec_10min_chunk6.json,13.0,0.35,lsa,78.0,2.0,0.17152476154637722,0.0131942124266444,0.08576238077318861,0.0131942124266444,0.0131942124266444,1.0,-0.03792823861468158,0.1159247119753248,0.32614002573805545,0.12759946309865033,0.5696642008120306
2022MND,output_2022_04_08_MND_S5,output_2022_04_08_MND_S5__BotB5_2022_04_08_10_54_31_problem_7min30sec_10min,7,2022MND/output_2022_04_08_MND_S5/BotB5_2022_04_08_10_54_31_problem_7min30sec_10min_chunk7.json,45.0,0.35,lsa,990.0,32.0,6.538340109234348,0.1452964468718744,0.20432312841357336,0.1452964468718744,0.1452964468718744,0.4045314491751423,0.2703143314901831,2.5440982699397767,1.5735520956235745,1.9591610360804237,6.076811401643775
2022MND,output_2022_04_08_MND_S7,output_2022_04_08_MND_S7__Bot1_2022_04_08_13_01_44_60min40sec_61min10sec,1,2022MND/output_2022_04_08_MND_S7/Bot1_2022_04_08_13_01_44_60min40sec_61min10sec_chunk1.json,33.0,0.35,lsa,528.0,5.0,1.0490751150548538,0.03179015500166224,0.20981502301097077,0.03179015500166224,0.03179015500166224,0.6024706467671133,-0.04550609265614518,0.2988704234521167,1.565481186661644,0.3280890289469232,2.192440639060684
2022MND,output_2022_04_08_MND_S7,output_2022_04_08_MND_S7__Bot1_2022_04_08_13_01_44_60min40sec_61min10sec,2,2022MND/output_2022_04_08_MND_S7/Bot1_2022_04_08_13_01_44_60min40sec_61min10sec_chunk2.json,13.0,0.35,lsa,78.0,4.0,0.6813375060958293,0.05241057739198687,0.17033437652395733,0.05241057739198686,0.05241057739198687,1.0,0.2271125020319431,0.9620486906663749,0.40748770053858174,0.4167185146523351,1.7862549058572916
2022MND,output_2022_04_08_MND_S7,output_2022_04_08_MND_S7__Bot1_2022_04_08_13_01_44_60min40sec_61min10sec,3,2022MND/output_2022_04_08_MND_S7/Bot1_2022_04_08_13_01_44_60min40sec_61min10sec_chunk3.json,8.0,0.35,lsa,28.0,1.0,0.879975797909838,0.10999697473872976,0.879975797909838,0.10999697473872976,0.10999697473872976,0.0,-0.293325265969946,0.545556663458352,0.9895833105577791,0.6014251384911279,2.136565112507259
2022MND,output_2022_04_08_MND_S7,output_2022_04_08_MND_S7__Bot1_2022_04_08_13_01_44_60min40sec_61min10sec,4,2022MND/output_2022_04_08_MND_S7/Bot1_2022_04_08_13_01_44_60min40sec_61min10sec_chunk4.json,17.0,0.35,lsa,136.0,3.0,0.26073330670607286,0.015337253335651346,0.08691110223535763,0.015337253335651346,0.015337253335651346,0.298960044950977,0.02222916741919629,0.22376766740979065,0.2505124593744691,0.1578101853636127,0.6320903121478725
2022MND,output_2022_04_08_MND_S7,output_2022_04_08_MND_S7__Bot1_2022_04_08_13_01_44_60min40sec_61min10sec,5,2022MND/output_2022_04_08_MND_S7/Bot1_2022_04_08_13_01_44_60min40sec_61min10sec_chunk5.json,17.0,0.35,lsa,136.0,4.0,0.7708289823498756,0.04534288131469857,0.1927072455874689,0.04534288131469856,0.04534288131469857,0.5383475655786389,0.0702749377977195,0.8985049800309821,0.3628386165508035,0.5484017775366055,1.809745374118391
2022MND,output_2022_04_08_MND_S7,output_2022_04_08_MND_S7__Bot1_2022_04_08_13_01_44_60min40sec_61min10sec,6,2022MND/output_2022_04_08_MND_S7/Bot1_2022_04_08_13_01_44_60min40sec_61min10sec_chunk6.json,12.0,0.35,lsa,66.0,6.0,0.7431688793121409,0.06193073994267841,0.12386147988535683,0.06193073994267841,0.06193073994267841,1.0,-0.010521882927756958,0.5597597145037209,0.8313106730639116,0.5497753507960055,1.940845738363638
2022MND,output_2022_04_08_MND_S7,output_2022_04_08_MND_S7__Bot1_2022_04_08_13_01_44_60min40sec_61min10sec,7,2022MND/output_2022_04_08_MND_S7/Bot1_2022_04_08_13_01_44_60min40sec_61min10sec_chunk7.json,49.0,0.35,lsa,1176.0,41.0,12.555701902871728,0.256238814344321,0.3062366317773592,0.256238814344321,0.256238814344321,0.231669972847164,0.27366227245031566,3.0439994627856586,3.2214476804315932,2.9548028476449986,9.22024999086225
2022MND,output_2022_04_08_MND_S7,output_2022_04_08_MND_S7__Bot1_2022_04_08_13_01_44_60min40sec_61min10sec,8,2022MND/output_2022_04_08_MND_S7/Bot1_2022_04_08_13_01_44_60min40sec_61min10sec_chunk8.json,18.0,0.35,lsa,153.0,5.0,0.8871975031808985,0.049288750176716585,0.1774395006361797,0.049288750176716585,0.049288750176716585,0.25711317526066074,0.025470919126255653,0.7407382628311806,0.5633485477209154,0.4808786771373107,1.7849654876894068
2022MND,output_2022_04_08_MND_S8,output_2022_04_08_MND_S8__Bot2_Zoom_Meeting_Room_2_2022_04_08_13_02_14,2,2022MND/output_2022_04_08_MND_S8/Bot2_Zoom_Meeting_Room_2_2022_04_08_13_02_14_chunk2.json,14.0,0.35,lsa,91.0,3.0,0.24242542952244114,0.017316102108745797,0.08080847650748038,0.017316102108745797,0.017316102108745797,1.0000000000000002,0.0,0.1948466832421523,0.3333256964040024,0.17221471887756362,0.7003870985237184
2022MND,output_2022_04_08_MND_S8,output_2022_04_08_MND_S8__Bot2_Zoom_Meeting_Room_2_2022_04_08_13_02_14,3,2022MND/output_2022_04_08_MND_S8/Bot2_Zoom_Meeting_Room_2_2022_04_08_13_02_14_chunk3.json,42.0,0.35,lsa,861.0,18.0,1.8201786891308256,0.04333758783644823,0.10112103828504587,0.043337587836448234,0.043337587836448234,0.6537775121102263,0.062104228761715966,0.8918242735115429,0.9106966717557772,0.6820512163804758,2.484572161647796
2022MND,output_2022_04_08_MND_S8,output_2022_04_08_MND_S8__Bot2_Zoom_Meeting_Room_2_2022_04_08_13_02_14,4,2022MND/output_2022_04_08_MND_S8/Bot2_Zoom_Meeting_Room_2_2022_04_08_13_02_14_chunk4.json,37.0,0.35,lsa,666.0,10.0,2.175393475410986,0.058794418254350965,0.21753934754109858,0.058794418254350965,0.05879441825435098,0.14628379922936927,0.0988798280147244,0.6018066730688689,0.6930706906493902,0.7046869980779664,1.9995643617962255
2022MND,output_2022_04_08_MND_S8,output_2022_04_08_MND_S8__Bot2_Zoom_Meeting_Room_2_2022_04_08_13_02_14,5,2022MND/output_2022_04_08_MND_S8/Bot2_Zoom_Meeting_Room_2_2022_04_08_13_02_14_chunk5.json,20.0,0.35,lsa,190.0,1.0,0.270372567434295,0.01351862837171475,0.270372567434295,0.01351862837171475,0.01351862837171475,1.0,0.03862465249061357,0.5714919378630221,0.1124856460192512,0.10768353017784779,0.7916611140601211
2022MND,output_2022_04_08_MND_S8,output_2022_04_08_MND_S8__Bot2_Zoom_Meeting_Room_2_2022_04_08_13_02_14,6,2022MND/output_2022_04_08_MND_S8/Bot2_Zoom_Meeting_Room_2_2022_04_08_13_02_14_chunk6.json,37.0,0.35,lsa,666.0,8.0,1.3481367408683171,0.03643612813157614,0.16851709260853964,0.03643612813157614,0.03643612813157613,0.8851108014474163,-0.034878412637367365,0.3942649630339255,0.7430115517317811,0.4578330074086018,1.5951095221743086
2022MND,output_2022_04_08_MND_S8,output_2022_04_08_MND_S8__Bot2_Zoom_Meeting_Room_2_2022_04_08_13_02_14,7,2022MND/output_2022_04_08_MND_S8/Bot2_Zoom_Meeting_Room_2_2022_04_08_13_02_14_chunk7.json,33.0,0.35,lsa,528.0,0.0,0.0,0.0,0.0,0.0,0.0,0.0,0.0,0.0,0.0,0.0,0.0
2022MND,output_2022_04_08_MND_S8,output_2022_04_08_MND_S8__Bot2_Zoom_Meeting_Room_2_2022_04_08_13_02_14,8,2022MND/output_2022_04_08_MND_S8/Bot2_Zoom_Meeting_Room_2_2022_04_08_13_02_14_chunk8.json,24.0,0.35,lsa,276.0,2.0,0.6048789588892126,0.025203289953717192,0.3024394794446063,0.025203289953717192,0.025203289953717192,1.0,0.12097579177784253,0.45245751651829536,0.20351604292272515,0.20452019864810245,0.860493758089123
2022MND,output_2022_04_08_MND_S9,output_2022_04_08_MND_S9__Bot3_2022_04_08_13_01_56_problem_55min30sec_57min20sec,2,2022MND/output_2022_04_08_MND_S9/Bot3_2022_04_08_13_01_56_problem_55min30sec_57min20sec_chunk2.json,19.0,0.35,lsa,171.0,2.0,0.13952967251467152,0.007343666974456396,0.06976483625733576,0.007343666974456396,0.007343666974456396,0.9331942969187665,0.02325494541911192,0.10598488616912083,0.08464395880536782,0.08888563447313413,0.27951447944762275
2022MND,output_2022_04_08_MND_S9,output_2022_04_08_MND_S9__Bot3_2022_04_08_13_01_56_problem_55min30sec_57min20sec,3,2022MND/output_2022_04_08_MND_S9/Bot3_2022_04_08_13_01_56_problem_55min30sec_57min20sec_chunk3.json,20.0,0.35,lsa,190.0,1.0,0.11519178531344876,0.005759589265672438,0.11519178531344876,0.005759589265672438,0.005759589265672438,1.0,-0.012799087257049861,0.0649829276318687,0.12105017775482138,0.058565869966682095,0.2445989753533722
2022MND,output_2022_04_08_MND_S9,output_2022_04_08_MND_S9__Bot3_2022_04_08_13_01_56_problem_55min30sec_57min20sec,4,2022MND/output_2022_04_08_MND_S9/Bot3_2022_04_08_13_01_56_problem_55min30sec_57min20sec_chunk4.json,20.0,0.35,lsa,190.0,3.0,0.7496893108278296,0.03748446554139148,0.24989643694260988,0.03748446554139148,0.03748446554139148,0.35131893904933104,0.06063800746369576,0.31811898249837794,0.46585934151084707,0.4274800818377561,1.2114584058469813
2022MND,output_2022_04_08_MND_S9,output_2022_04_08_MND_S9__Bot3_2022_04_08_13_01_56_problem_55min30sec_57min20sec,5,2022MND/output_2022_04_08_MND_S9/Bot3_2022_04_08_13_01_56_problem_55min30sec_57min20sec_chunk5.json,13.0,0.35,lsa,78.0,3.0,0.21936164825291565,0.016873972942531974,0.07312054941763856,0.016873972942531974,0.016873972942531974,0.9664283870738107,0.05484041206322891,0.3034170179422764,0.15661499864563863,0.24894495878295836,0.7089769753708735
2022MND,output_2022_04_08_MND_S9,output_2022_04_08_MND_S9__Bot3_2022_04_08_13_01_56_problem_55min30sec_57min20sec,6,2022MND/output_2022_04_08_MND_S9/Bot3_2022_04_08_13_01_56_problem_55min30sec_57min20sec_chunk6.json,27.0,0.35,lsa,351.0,2.0,0.1657467034393519,0.006138766794050071,0.08287335171967596,0.006138766794050071,0.006138766794050071,1.0,0.014261592334475121,0.07802218492420171,0.09101861465863267,0.08215266513420907,0.25119346471704346
2022MND,output_2022_04_08_MND_S9,output_2022_04_08_MND_S9__Bot3_2022_04_08_13_01_56_problem_55min30sec_57min20sec,7,2022MND/output_2022_04_08_MND_S9/Bot3_2022_04_08_13_01_56_problem_55min30sec_57min20sec_chunk7.json,31.0,0.35,lsa,465.0,4.0,0.7105689805815324,0.02292158001875911,0.1776422451453831,0.022921580018759113,0.02292158001875911,0.5291228512009188,0.027751521552272358,0.2981715035969449,0.35935733868769193,0.2642142399833838,0.9217430822680206
2022MND,output_2022_04_08_MND_S9,output_2022_04_08_MND_S9__Bot3_2022_04_08_13_01_56_problem_55min30sec_57min20sec,8,2022MND/output_2022_04_08_MND_S9/Bot3_2022_04_08_13_01_56_problem_55min30sec_57min20sec_chunk8.json,26.0,0.35,lsa,325.0,11.0,1.9895558127835973,0.07652137741475375,0.1808687102530543,0.07652137741475375,0.07652137741475375,0.8361565327927903,-0.07938025580061453,0.7069495615677651,1.3093432053823755,0.774332111835205,2.7906248787853456
